# Backup created by Transatlantic-Web am 01-02-2006 23:08
# Datenbank: mivola 
# Tabellenname: 5_tbl_bet 
DROP TABLE IF EXISTS 5_tbl_bet; 
CREATE TABLE 5_tbl_bet (
    id int(6) NOT NULL auto_increment,
    userID int(2),
    game int(10) DEFAULT '0' NOT NULL,
    bet1 int(2) DEFAULT '0' NOT NULL,
    bet2 int(2) DEFAULT '0' NOT NULL,
    bet_ts int(10),
   PRIMARY KEY (id)
); 
insert into 5_tbl_bet (id,userID,game,bet1,bet2,bet_ts) VALUES ('25','2','19','2','0','1122882061');
insert into 5_tbl_bet (id,userID,game,bet1,bet2,bet_ts) VALUES ('26','2','21','3','1','1122882061');
insert into 5_tbl_bet (id,userID,game,bet1,bet2,bet_ts) VALUES ('27','2','23','1','1','1122882061');
insert into 5_tbl_bet (id,userID,game,bet1,bet2,bet_ts) VALUES ('28','2','25','1','2','1122882061');
insert into 5_tbl_bet (id,userID,game,bet1,bet2,bet_ts) VALUES ('29','2','27','1','1','1122882061');
insert into 5_tbl_bet (id,userID,game,bet1,bet2,bet_ts) VALUES ('30','2','29','2','2','1122882061');
insert into 5_tbl_bet (id,userID,game,bet1,bet2,bet_ts) VALUES ('31','2','31','3','1','1122882061');
insert into 5_tbl_bet (id,userID,game,bet1,bet2,bet_ts) VALUES ('32','2','33','2','0','1122882061');
insert into 5_tbl_bet (id,userID,game,bet1,bet2,bet_ts) VALUES ('33','2','35','1','1','1122882061');
insert into 5_tbl_bet (id,userID,game,bet1,bet2,bet_ts) VALUES ('34','2','37','1','0','1122882061');
insert into 5_tbl_bet (id,userID,game,bet1,bet2,bet_ts) VALUES ('35','2','38','2','0','1122882061');
insert into 5_tbl_bet (id,userID,game,bet1,bet2,bet_ts) VALUES ('36','2','39','1','1','1122882061');
insert into 5_tbl_bet (id,userID,game,bet1,bet2,bet_ts) VALUES ('13','5','19','3','0','1122024784');
insert into 5_tbl_bet (id,userID,game,bet1,bet2,bet_ts) VALUES ('14','5','21','1','2','1122024784');
insert into 5_tbl_bet (id,userID,game,bet1,bet2,bet_ts) VALUES ('15','5','23','3','0','1122024784');
insert into 5_tbl_bet (id,userID,game,bet1,bet2,bet_ts) VALUES ('16','5','25','0','1','1122024784');
insert into 5_tbl_bet (id,userID,game,bet1,bet2,bet_ts) VALUES ('17','5','27','2','3','1122024784');
insert into 5_tbl_bet (id,userID,game,bet1,bet2,bet_ts) VALUES ('18','5','29','2','1','1122024784');
insert into 5_tbl_bet (id,userID,game,bet1,bet2,bet_ts) VALUES ('19','5','31','1','0','1122024784');
insert into 5_tbl_bet (id,userID,game,bet1,bet2,bet_ts) VALUES ('20','5','33','3','1','1122024784');
insert into 5_tbl_bet (id,userID,game,bet1,bet2,bet_ts) VALUES ('21','5','35','1','1','1122024784');
insert into 5_tbl_bet (id,userID,game,bet1,bet2,bet_ts) VALUES ('22','5','37','3','0','1122024784');
insert into 5_tbl_bet (id,userID,game,bet1,bet2,bet_ts) VALUES ('23','5','38','2','1','1122024784');
insert into 5_tbl_bet (id,userID,game,bet1,bet2,bet_ts) VALUES ('24','5','39','1','2','1122024784');
insert into 5_tbl_bet (id,userID,game,bet1,bet2,bet_ts) VALUES ('145','4','19','3','1','1123497959');
insert into 5_tbl_bet (id,userID,game,bet1,bet2,bet_ts) VALUES ('146','4','21','2','0','1123497959');
insert into 5_tbl_bet (id,userID,game,bet1,bet2,bet_ts) VALUES ('147','4','23','1','0','1123497959');
insert into 5_tbl_bet (id,userID,game,bet1,bet2,bet_ts) VALUES ('148','4','25','1','3','1123497959');
insert into 5_tbl_bet (id,userID,game,bet1,bet2,bet_ts) VALUES ('149','4','27','1','1','1123497959');
insert into 5_tbl_bet (id,userID,game,bet1,bet2,bet_ts) VALUES ('150','4','29','1','0','1123497959');
insert into 5_tbl_bet (id,userID,game,bet1,bet2,bet_ts) VALUES ('151','4','31','3','1','1123497959');
insert into 5_tbl_bet (id,userID,game,bet1,bet2,bet_ts) VALUES ('152','4','33','2','1','1123497959');
insert into 5_tbl_bet (id,userID,game,bet1,bet2,bet_ts) VALUES ('153','4','35','1','2','1123497959');
insert into 5_tbl_bet (id,userID,game,bet1,bet2,bet_ts) VALUES ('154','4','37','1','2','1123497959');
insert into 5_tbl_bet (id,userID,game,bet1,bet2,bet_ts) VALUES ('155','4','38','1','0','1123497959');
insert into 5_tbl_bet (id,userID,game,bet1,bet2,bet_ts) VALUES ('156','4','39','1','0','1123497959');
insert into 5_tbl_bet (id,userID,game,bet1,bet2,bet_ts) VALUES ('49','1','19','1','1','1123156615');
insert into 5_tbl_bet (id,userID,game,bet1,bet2,bet_ts) VALUES ('50','1','21','3','1','1123156615');
insert into 5_tbl_bet (id,userID,game,bet1,bet2,bet_ts) VALUES ('51','1','23','2','1','1123156615');
insert into 5_tbl_bet (id,userID,game,bet1,bet2,bet_ts) VALUES ('52','1','25','0','0','1123156615');
insert into 5_tbl_bet (id,userID,game,bet1,bet2,bet_ts) VALUES ('53','1','27','0','1','1123156616');
insert into 5_tbl_bet (id,userID,game,bet1,bet2,bet_ts) VALUES ('54','1','29','1','2','1123156616');
insert into 5_tbl_bet (id,userID,game,bet1,bet2,bet_ts) VALUES ('55','1','31','4','0','1123156616');
insert into 5_tbl_bet (id,userID,game,bet1,bet2,bet_ts) VALUES ('56','1','33','1','0','1123156616');
insert into 5_tbl_bet (id,userID,game,bet1,bet2,bet_ts) VALUES ('57','1','35','1','2','1123156616');
insert into 5_tbl_bet (id,userID,game,bet1,bet2,bet_ts) VALUES ('58','1','37','1','0','1123156616');
insert into 5_tbl_bet (id,userID,game,bet1,bet2,bet_ts) VALUES ('59','1','38','3','0','1123156616');
insert into 5_tbl_bet (id,userID,game,bet1,bet2,bet_ts) VALUES ('60','1','39','2','1','1123156616');
insert into 5_tbl_bet (id,userID,game,bet1,bet2,bet_ts) VALUES ('73','7','19','2','1','1123234359');
insert into 5_tbl_bet (id,userID,game,bet1,bet2,bet_ts) VALUES ('74','7','21','3','1','1123234359');
insert into 5_tbl_bet (id,userID,game,bet1,bet2,bet_ts) VALUES ('75','7','23','1','1','1123234359');
insert into 5_tbl_bet (id,userID,game,bet1,bet2,bet_ts) VALUES ('76','7','25','0','2','1123234359');
insert into 5_tbl_bet (id,userID,game,bet1,bet2,bet_ts) VALUES ('77','7','27','2','1','1123234359');
insert into 5_tbl_bet (id,userID,game,bet1,bet2,bet_ts) VALUES ('78','7','29','0','1','1123234359');
insert into 5_tbl_bet (id,userID,game,bet1,bet2,bet_ts) VALUES ('79','7','31','2','0','1123234359');
insert into 5_tbl_bet (id,userID,game,bet1,bet2,bet_ts) VALUES ('80','7','33','3','1','1123234359');
insert into 5_tbl_bet (id,userID,game,bet1,bet2,bet_ts) VALUES ('81','7','35','1','1','1123234359');
insert into 5_tbl_bet (id,userID,game,bet1,bet2,bet_ts) VALUES ('82','7','37','2','1','1123234359');
insert into 5_tbl_bet (id,userID,game,bet1,bet2,bet_ts) VALUES ('83','7','38','2','0','1123234359');
insert into 5_tbl_bet (id,userID,game,bet1,bet2,bet_ts) VALUES ('84','7','39','3','1','1123234359');
insert into 5_tbl_bet (id,userID,game,bet1,bet2,bet_ts) VALUES ('133','6','19','3','1','1123327439');
insert into 5_tbl_bet (id,userID,game,bet1,bet2,bet_ts) VALUES ('134','6','21','2','0','1123327439');
insert into 5_tbl_bet (id,userID,game,bet1,bet2,bet_ts) VALUES ('135','6','23','3','0','1123327439');
insert into 5_tbl_bet (id,userID,game,bet1,bet2,bet_ts) VALUES ('136','6','25','1','2','1123327439');
insert into 5_tbl_bet (id,userID,game,bet1,bet2,bet_ts) VALUES ('137','6','27','0','2','1123327439');
insert into 5_tbl_bet (id,userID,game,bet1,bet2,bet_ts) VALUES ('138','6','29','1','2','1123327439');
insert into 5_tbl_bet (id,userID,game,bet1,bet2,bet_ts) VALUES ('139','6','31','1','0','1123327439');
insert into 5_tbl_bet (id,userID,game,bet1,bet2,bet_ts) VALUES ('140','6','33','2','0','1123327439');
insert into 5_tbl_bet (id,userID,game,bet1,bet2,bet_ts) VALUES ('141','6','35','0','2','1123327439');
insert into 5_tbl_bet (id,userID,game,bet1,bet2,bet_ts) VALUES ('142','6','37','-1','-1','1123327439');
insert into 5_tbl_bet (id,userID,game,bet1,bet2,bet_ts) VALUES ('143','6','38','1','2','1123327439');
insert into 5_tbl_bet (id,userID,game,bet1,bet2,bet_ts) VALUES ('144','6','39','2','0','1123327439');
insert into 5_tbl_bet (id,userID,game,bet1,bet2,bet_ts) VALUES ('157','3','19','4','1','1123576909');
insert into 5_tbl_bet (id,userID,game,bet1,bet2,bet_ts) VALUES ('158','3','21','3','0','1123576909');
insert into 5_tbl_bet (id,userID,game,bet1,bet2,bet_ts) VALUES ('159','3','23','2','1','1123576909');
insert into 5_tbl_bet (id,userID,game,bet1,bet2,bet_ts) VALUES ('160','3','25','1','2','1123576909');
insert into 5_tbl_bet (id,userID,game,bet1,bet2,bet_ts) VALUES ('161','3','27','1','1','1123576909');
insert into 5_tbl_bet (id,userID,game,bet1,bet2,bet_ts) VALUES ('162','3','29','2','3','1123576909');
insert into 5_tbl_bet (id,userID,game,bet1,bet2,bet_ts) VALUES ('163','3','31','2','0','1123576909');
insert into 5_tbl_bet (id,userID,game,bet1,bet2,bet_ts) VALUES ('164','3','33','3','1','1123576909');
insert into 5_tbl_bet (id,userID,game,bet1,bet2,bet_ts) VALUES ('165','3','35','1','0','1123576909');
insert into 5_tbl_bet (id,userID,game,bet1,bet2,bet_ts) VALUES ('166','3','37','-1','-1','1123576909');
insert into 5_tbl_bet (id,userID,game,bet1,bet2,bet_ts) VALUES ('167','3','38','2','0','1123576909');
insert into 5_tbl_bet (id,userID,game,bet1,bet2,bet_ts) VALUES ('168','3','39','1','2','1123576909');
insert into 5_tbl_bet (id,userID,game,bet1,bet2,bet_ts) VALUES ('169','2','40','3','2','1123737900');
insert into 5_tbl_bet (id,userID,game,bet1,bet2,bet_ts) VALUES ('170','2','42','1','1','1123737900');
insert into 5_tbl_bet (id,userID,game,bet1,bet2,bet_ts) VALUES ('171','2','44','2','1','1123737900');
insert into 5_tbl_bet (id,userID,game,bet1,bet2,bet_ts) VALUES ('172','2','46','2','2','1123737900');
insert into 5_tbl_bet (id,userID,game,bet1,bet2,bet_ts) VALUES ('173','2','48','1','0','1123737900');
insert into 5_tbl_bet (id,userID,game,bet1,bet2,bet_ts) VALUES ('174','2','50','1','2','1123737900');
insert into 5_tbl_bet (id,userID,game,bet1,bet2,bet_ts) VALUES ('175','2','52','1','0','1123737900');
insert into 5_tbl_bet (id,userID,game,bet1,bet2,bet_ts) VALUES ('176','2','54','2','0','1123737900');
insert into 5_tbl_bet (id,userID,game,bet1,bet2,bet_ts) VALUES ('177','2','56','0','2','1123737900');
insert into 5_tbl_bet (id,userID,game,bet1,bet2,bet_ts) VALUES ('178','2','58','3','1','1123737900');
insert into 5_tbl_bet (id,userID,game,bet1,bet2,bet_ts) VALUES ('179','2','59','3','0','1123737900');
insert into 5_tbl_bet (id,userID,game,bet1,bet2,bet_ts) VALUES ('180','2','60','2','1','1123737900');
insert into 5_tbl_bet (id,userID,game,bet1,bet2,bet_ts) VALUES ('277','4','40','2','0','1124100243');
insert into 5_tbl_bet (id,userID,game,bet1,bet2,bet_ts) VALUES ('278','4','42','1','1','1124100243');
insert into 5_tbl_bet (id,userID,game,bet1,bet2,bet_ts) VALUES ('279','4','44','2','1','1124100243');
insert into 5_tbl_bet (id,userID,game,bet1,bet2,bet_ts) VALUES ('280','4','46','1','1','1124100243');
insert into 5_tbl_bet (id,userID,game,bet1,bet2,bet_ts) VALUES ('281','4','48','1','0','1124100243');
insert into 5_tbl_bet (id,userID,game,bet1,bet2,bet_ts) VALUES ('282','4','50','1','3','1124100243');
insert into 5_tbl_bet (id,userID,game,bet1,bet2,bet_ts) VALUES ('283','4','52','1','2','1124100243');
insert into 5_tbl_bet (id,userID,game,bet1,bet2,bet_ts) VALUES ('284','4','54','2','1','1124100243');
insert into 5_tbl_bet (id,userID,game,bet1,bet2,bet_ts) VALUES ('285','4','56','1','2','1124100243');
insert into 5_tbl_bet (id,userID,game,bet1,bet2,bet_ts) VALUES ('286','4','58','2','0','1124100243');
insert into 5_tbl_bet (id,userID,game,bet1,bet2,bet_ts) VALUES ('287','4','59','2','1','1124100243');
insert into 5_tbl_bet (id,userID,game,bet1,bet2,bet_ts) VALUES ('288','4','60','0','1','1124100243');
insert into 5_tbl_bet (id,userID,game,bet1,bet2,bet_ts) VALUES ('193','6','40','2','0','1123845427');
insert into 5_tbl_bet (id,userID,game,bet1,bet2,bet_ts) VALUES ('194','6','42','0','1','1123845427');
insert into 5_tbl_bet (id,userID,game,bet1,bet2,bet_ts) VALUES ('195','6','44','0','2','1123845427');
insert into 5_tbl_bet (id,userID,game,bet1,bet2,bet_ts) VALUES ('196','6','46','2','1','1123845427');
insert into 5_tbl_bet (id,userID,game,bet1,bet2,bet_ts) VALUES ('197','6','48','2','0','1123845427');
insert into 5_tbl_bet (id,userID,game,bet1,bet2,bet_ts) VALUES ('198','6','50','0','2','1123845427');
insert into 5_tbl_bet (id,userID,game,bet1,bet2,bet_ts) VALUES ('199','6','52','2','0','1123845427');
insert into 5_tbl_bet (id,userID,game,bet1,bet2,bet_ts) VALUES ('200','6','54','3','0','1123845427');
insert into 5_tbl_bet (id,userID,game,bet1,bet2,bet_ts) VALUES ('201','6','56','1','2','1123845427');
insert into 5_tbl_bet (id,userID,game,bet1,bet2,bet_ts) VALUES ('202','6','58','2','0','1123845427');
insert into 5_tbl_bet (id,userID,game,bet1,bet2,bet_ts) VALUES ('203','6','59','2','0','1123845427');
insert into 5_tbl_bet (id,userID,game,bet1,bet2,bet_ts) VALUES ('204','6','60','2','0','1123845427');
insert into 5_tbl_bet (id,userID,game,bet1,bet2,bet_ts) VALUES ('205','3','40','4','1','1123854531');
insert into 5_tbl_bet (id,userID,game,bet1,bet2,bet_ts) VALUES ('206','3','42','1','2','1123854531');
insert into 5_tbl_bet (id,userID,game,bet1,bet2,bet_ts) VALUES ('207','3','44','2','1','1123854531');
insert into 5_tbl_bet (id,userID,game,bet1,bet2,bet_ts) VALUES ('208','3','46','1','1','1123854531');
insert into 5_tbl_bet (id,userID,game,bet1,bet2,bet_ts) VALUES ('209','3','48','3','1','1123854531');
insert into 5_tbl_bet (id,userID,game,bet1,bet2,bet_ts) VALUES ('210','3','50','1','2','1123854531');
insert into 5_tbl_bet (id,userID,game,bet1,bet2,bet_ts) VALUES ('211','3','52','0','1','1123854531');
insert into 5_tbl_bet (id,userID,game,bet1,bet2,bet_ts) VALUES ('212','3','54','1','0','1123854531');
insert into 5_tbl_bet (id,userID,game,bet1,bet2,bet_ts) VALUES ('213','3','56','1','1','1123854531');
insert into 5_tbl_bet (id,userID,game,bet1,bet2,bet_ts) VALUES ('214','3','58','3','1','1123854531');
insert into 5_tbl_bet (id,userID,game,bet1,bet2,bet_ts) VALUES ('215','3','59','2','1','1123854531');
insert into 5_tbl_bet (id,userID,game,bet1,bet2,bet_ts) VALUES ('216','3','60','4','2','1123854531');
insert into 5_tbl_bet (id,userID,game,bet1,bet2,bet_ts) VALUES ('265','7','40','3','1','1123952871');
insert into 5_tbl_bet (id,userID,game,bet1,bet2,bet_ts) VALUES ('266','7','42','2','3','1123952871');
insert into 5_tbl_bet (id,userID,game,bet1,bet2,bet_ts) VALUES ('267','7','44','1','0','1123952871');
insert into 5_tbl_bet (id,userID,game,bet1,bet2,bet_ts) VALUES ('268','7','46','1','1','1123952871');
insert into 5_tbl_bet (id,userID,game,bet1,bet2,bet_ts) VALUES ('269','7','48','1','0','1123952871');
insert into 5_tbl_bet (id,userID,game,bet1,bet2,bet_ts) VALUES ('270','7','50','0','3','1123952871');
insert into 5_tbl_bet (id,userID,game,bet1,bet2,bet_ts) VALUES ('271','7','52','2','1','1123952871');
insert into 5_tbl_bet (id,userID,game,bet1,bet2,bet_ts) VALUES ('272','7','54','0','0','1123952871');
insert into 5_tbl_bet (id,userID,game,bet1,bet2,bet_ts) VALUES ('273','7','56','1','4','1123952871');
insert into 5_tbl_bet (id,userID,game,bet1,bet2,bet_ts) VALUES ('274','7','58','-1','-1','1123952871');
insert into 5_tbl_bet (id,userID,game,bet1,bet2,bet_ts) VALUES ('275','7','59','-1','-1','1123952871');
insert into 5_tbl_bet (id,userID,game,bet1,bet2,bet_ts) VALUES ('276','7','60','2','2','1123952871');
insert into 5_tbl_bet (id,userID,game,bet1,bet2,bet_ts) VALUES ('229','1','40','3','1','1123917358');
insert into 5_tbl_bet (id,userID,game,bet1,bet2,bet_ts) VALUES ('230','1','42','2','1','1123917358');
insert into 5_tbl_bet (id,userID,game,bet1,bet2,bet_ts) VALUES ('231','1','44','2','1','1123917358');
insert into 5_tbl_bet (id,userID,game,bet1,bet2,bet_ts) VALUES ('232','1','46','0','1','1123917358');
insert into 5_tbl_bet (id,userID,game,bet1,bet2,bet_ts) VALUES ('233','1','48','1','1','1123917358');
insert into 5_tbl_bet (id,userID,game,bet1,bet2,bet_ts) VALUES ('234','1','50','1','2','1123917358');
insert into 5_tbl_bet (id,userID,game,bet1,bet2,bet_ts) VALUES ('235','1','52','2','1','1123917358');
insert into 5_tbl_bet (id,userID,game,bet1,bet2,bet_ts) VALUES ('236','1','54','2','1','1123917358');
insert into 5_tbl_bet (id,userID,game,bet1,bet2,bet_ts) VALUES ('237','1','56','1','2','1123917358');
insert into 5_tbl_bet (id,userID,game,bet1,bet2,bet_ts) VALUES ('238','1','58','-1','-1','1123917358');
insert into 5_tbl_bet (id,userID,game,bet1,bet2,bet_ts) VALUES ('239','1','59','-1','-1','1123917358');
insert into 5_tbl_bet (id,userID,game,bet1,bet2,bet_ts) VALUES ('240','1','60','4','0','1123917358');
insert into 5_tbl_bet (id,userID,game,bet1,bet2,bet_ts) VALUES ('241','5','40','2','0','1123931661');
insert into 5_tbl_bet (id,userID,game,bet1,bet2,bet_ts) VALUES ('242','5','42','3','2','1123931661');
insert into 5_tbl_bet (id,userID,game,bet1,bet2,bet_ts) VALUES ('243','5','44','1','1','1123931661');
insert into 5_tbl_bet (id,userID,game,bet1,bet2,bet_ts) VALUES ('244','5','46','2','1','1123931661');
insert into 5_tbl_bet (id,userID,game,bet1,bet2,bet_ts) VALUES ('245','5','48','2','0','1123931661');
insert into 5_tbl_bet (id,userID,game,bet1,bet2,bet_ts) VALUES ('246','5','50','1','2','1123931661');
insert into 5_tbl_bet (id,userID,game,bet1,bet2,bet_ts) VALUES ('247','5','52','3','1','1123931661');
insert into 5_tbl_bet (id,userID,game,bet1,bet2,bet_ts) VALUES ('248','5','54','3','1','1123931661');
insert into 5_tbl_bet (id,userID,game,bet1,bet2,bet_ts) VALUES ('249','5','56','1','2','1123931661');
insert into 5_tbl_bet (id,userID,game,bet1,bet2,bet_ts) VALUES ('250','5','58','-1','-1','1123931661');
insert into 5_tbl_bet (id,userID,game,bet1,bet2,bet_ts) VALUES ('251','5','59','-1','-1','1123931661');
insert into 5_tbl_bet (id,userID,game,bet1,bet2,bet_ts) VALUES ('252','5','60','2','1','1123931661');
insert into 5_tbl_bet (id,userID,game,bet1,bet2,bet_ts) VALUES ('301','5','61','3','1','1124443929');
insert into 5_tbl_bet (id,userID,game,bet1,bet2,bet_ts) VALUES ('302','5','63','2','1','1124443929');
insert into 5_tbl_bet (id,userID,game,bet1,bet2,bet_ts) VALUES ('303','5','65','3','0','1124443929');
insert into 5_tbl_bet (id,userID,game,bet1,bet2,bet_ts) VALUES ('304','5','67','2','2','1124443929');
insert into 5_tbl_bet (id,userID,game,bet1,bet2,bet_ts) VALUES ('305','5','69','2','1','1124443929');
insert into 5_tbl_bet (id,userID,game,bet1,bet2,bet_ts) VALUES ('306','5','71','1','1','1124443929');
insert into 5_tbl_bet (id,userID,game,bet1,bet2,bet_ts) VALUES ('307','5','73','2','1','1124443929');
insert into 5_tbl_bet (id,userID,game,bet1,bet2,bet_ts) VALUES ('308','5','75','1','2','1124443929');
insert into 5_tbl_bet (id,userID,game,bet1,bet2,bet_ts) VALUES ('309','5','77','3','1','1124443929');
insert into 5_tbl_bet (id,userID,game,bet1,bet2,bet_ts) VALUES ('310','5','79','2','0','1124443929');
insert into 5_tbl_bet (id,userID,game,bet1,bet2,bet_ts) VALUES ('311','5','80','1','1','1124443929');
insert into 5_tbl_bet (id,userID,game,bet1,bet2,bet_ts) VALUES ('312','5','81','3','1','1124443929');
insert into 5_tbl_bet (id,userID,game,bet1,bet2,bet_ts) VALUES ('313','2','61','3','1','1124867938');
insert into 5_tbl_bet (id,userID,game,bet1,bet2,bet_ts) VALUES ('314','2','63','2','1','1124867938');
insert into 5_tbl_bet (id,userID,game,bet1,bet2,bet_ts) VALUES ('315','2','65','3','0','1124867938');
insert into 5_tbl_bet (id,userID,game,bet1,bet2,bet_ts) VALUES ('316','2','67','1','1','1124867938');
insert into 5_tbl_bet (id,userID,game,bet1,bet2,bet_ts) VALUES ('317','2','69','2','0','1124867938');
insert into 5_tbl_bet (id,userID,game,bet1,bet2,bet_ts) VALUES ('318','2','71','1','0','1124867938');
insert into 5_tbl_bet (id,userID,game,bet1,bet2,bet_ts) VALUES ('319','2','73','2','1','1124867938');
insert into 5_tbl_bet (id,userID,game,bet1,bet2,bet_ts) VALUES ('320','2','75','2','1','1124867938');
insert into 5_tbl_bet (id,userID,game,bet1,bet2,bet_ts) VALUES ('321','2','77','2','2','1124867938');
insert into 5_tbl_bet (id,userID,game,bet1,bet2,bet_ts) VALUES ('322','2','79','1','0','1124867938');
insert into 5_tbl_bet (id,userID,game,bet1,bet2,bet_ts) VALUES ('323','2','80','1','1','1124867938');
insert into 5_tbl_bet (id,userID,game,bet1,bet2,bet_ts) VALUES ('324','2','81','2','0','1124867938');
insert into 5_tbl_bet (id,userID,game,bet1,bet2,bet_ts) VALUES ('565','2','82','2','2','1127217537');
insert into 5_tbl_bet (id,userID,game,bet1,bet2,bet_ts) VALUES ('566','2','84','1','0','1127217537');
insert into 5_tbl_bet (id,userID,game,bet1,bet2,bet_ts) VALUES ('567','2','86','1','2','1127217537');
insert into 5_tbl_bet (id,userID,game,bet1,bet2,bet_ts) VALUES ('568','2','88','1','3','1127217537');
insert into 5_tbl_bet (id,userID,game,bet1,bet2,bet_ts) VALUES ('569','2','90','2','0','1127217537');
insert into 5_tbl_bet (id,userID,game,bet1,bet2,bet_ts) VALUES ('570','2','92','1','1','1127217537');
insert into 5_tbl_bet (id,userID,game,bet1,bet2,bet_ts) VALUES ('571','2','94','2','1','1127217537');
insert into 5_tbl_bet (id,userID,game,bet1,bet2,bet_ts) VALUES ('572','2','96','2','1','1127217537');
insert into 5_tbl_bet (id,userID,game,bet1,bet2,bet_ts) VALUES ('573','2','98','2','0','1127217537');
insert into 5_tbl_bet (id,userID,game,bet1,bet2,bet_ts) VALUES ('574','2','100','2','0','1127217537');
insert into 5_tbl_bet (id,userID,game,bet1,bet2,bet_ts) VALUES ('575','2','101','1','2','1127217537');
insert into 5_tbl_bet (id,userID,game,bet1,bet2,bet_ts) VALUES ('576','2','102','2','2','1127217537');
insert into 5_tbl_bet (id,userID,game,bet1,bet2,bet_ts) VALUES ('337','7','61','3','1','1124970913');
insert into 5_tbl_bet (id,userID,game,bet1,bet2,bet_ts) VALUES ('338','7','63','2','0','1124970913');
insert into 5_tbl_bet (id,userID,game,bet1,bet2,bet_ts) VALUES ('339','7','65','3','1','1124970913');
insert into 5_tbl_bet (id,userID,game,bet1,bet2,bet_ts) VALUES ('340','7','67','1','1','1124970913');
insert into 5_tbl_bet (id,userID,game,bet1,bet2,bet_ts) VALUES ('341','7','69','3','2','1124970913');
insert into 5_tbl_bet (id,userID,game,bet1,bet2,bet_ts) VALUES ('342','7','71','0','1','1124970913');
insert into 5_tbl_bet (id,userID,game,bet1,bet2,bet_ts) VALUES ('343','7','73','2','2','1124970913');
insert into 5_tbl_bet (id,userID,game,bet1,bet2,bet_ts) VALUES ('344','7','75','0','1','1124970913');
insert into 5_tbl_bet (id,userID,game,bet1,bet2,bet_ts) VALUES ('345','7','77','1','0','1124970913');
insert into 5_tbl_bet (id,userID,game,bet1,bet2,bet_ts) VALUES ('346','7','79','1','2','1124970913');
insert into 5_tbl_bet (id,userID,game,bet1,bet2,bet_ts) VALUES ('347','7','80','2','0','1124970913');
insert into 5_tbl_bet (id,userID,game,bet1,bet2,bet_ts) VALUES ('348','7','81','3','0','1124970913');
insert into 5_tbl_bet (id,userID,game,bet1,bet2,bet_ts) VALUES ('349','1','61','2','0','1125039814');
insert into 5_tbl_bet (id,userID,game,bet1,bet2,bet_ts) VALUES ('350','1','63','2','1','1125039814');
insert into 5_tbl_bet (id,userID,game,bet1,bet2,bet_ts) VALUES ('351','1','65','2','1','1125039814');
insert into 5_tbl_bet (id,userID,game,bet1,bet2,bet_ts) VALUES ('352','1','67','1','1','1125039814');
insert into 5_tbl_bet (id,userID,game,bet1,bet2,bet_ts) VALUES ('353','1','69','2','2','1125039814');
insert into 5_tbl_bet (id,userID,game,bet1,bet2,bet_ts) VALUES ('354','1','71','1','1','1125039814');
insert into 5_tbl_bet (id,userID,game,bet1,bet2,bet_ts) VALUES ('355','1','73','1','1','1125039814');
insert into 5_tbl_bet (id,userID,game,bet1,bet2,bet_ts) VALUES ('356','1','75','1','2','1125039814');
insert into 5_tbl_bet (id,userID,game,bet1,bet2,bet_ts) VALUES ('357','1','77','1','0','1125039814');
insert into 5_tbl_bet (id,userID,game,bet1,bet2,bet_ts) VALUES ('358','1','79','2','1','1125039814');
insert into 5_tbl_bet (id,userID,game,bet1,bet2,bet_ts) VALUES ('359','1','80','2','0','1125039814');
insert into 5_tbl_bet (id,userID,game,bet1,bet2,bet_ts) VALUES ('360','1','81','1','0','1125039814');
insert into 5_tbl_bet (id,userID,game,bet1,bet2,bet_ts) VALUES ('361','4','61','2','0','1125051853');
insert into 5_tbl_bet (id,userID,game,bet1,bet2,bet_ts) VALUES ('362','4','63','2','1','1125051853');
insert into 5_tbl_bet (id,userID,game,bet1,bet2,bet_ts) VALUES ('363','4','65','2','0','1125051853');
insert into 5_tbl_bet (id,userID,game,bet1,bet2,bet_ts) VALUES ('364','4','67','1','1','1125051853');
insert into 5_tbl_bet (id,userID,game,bet1,bet2,bet_ts) VALUES ('365','4','69','2','1','1125051853');
insert into 5_tbl_bet (id,userID,game,bet1,bet2,bet_ts) VALUES ('366','4','71','1','0','1125051853');
insert into 5_tbl_bet (id,userID,game,bet1,bet2,bet_ts) VALUES ('367','4','73','3','1','1125051853');
insert into 5_tbl_bet (id,userID,game,bet1,bet2,bet_ts) VALUES ('368','4','75','2','2','1125051853');
insert into 5_tbl_bet (id,userID,game,bet1,bet2,bet_ts) VALUES ('369','4','77','1','0','1125051853');
insert into 5_tbl_bet (id,userID,game,bet1,bet2,bet_ts) VALUES ('370','4','79','2','1','1125051853');
insert into 5_tbl_bet (id,userID,game,bet1,bet2,bet_ts) VALUES ('371','4','80','2','1','1125051853');
insert into 5_tbl_bet (id,userID,game,bet1,bet2,bet_ts) VALUES ('372','4','81','1','0','1125051853');
insert into 5_tbl_bet (id,userID,game,bet1,bet2,bet_ts) VALUES ('373','3','61','3','1','1125054581');
insert into 5_tbl_bet (id,userID,game,bet1,bet2,bet_ts) VALUES ('374','3','63','3','2','1125054582');
insert into 5_tbl_bet (id,userID,game,bet1,bet2,bet_ts) VALUES ('375','3','65','2','1','1125054582');
insert into 5_tbl_bet (id,userID,game,bet1,bet2,bet_ts) VALUES ('376','3','67','1','2','1125054582');
insert into 5_tbl_bet (id,userID,game,bet1,bet2,bet_ts) VALUES ('377','3','69','2','0','1125054582');
insert into 5_tbl_bet (id,userID,game,bet1,bet2,bet_ts) VALUES ('378','3','71','1','1','1125054582');
insert into 5_tbl_bet (id,userID,game,bet1,bet2,bet_ts) VALUES ('379','3','73','1','0','1125054582');
insert into 5_tbl_bet (id,userID,game,bet1,bet2,bet_ts) VALUES ('380','3','75','2','2','1125054582');
insert into 5_tbl_bet (id,userID,game,bet1,bet2,bet_ts) VALUES ('381','3','77','2','1','1125054582');
insert into 5_tbl_bet (id,userID,game,bet1,bet2,bet_ts) VALUES ('382','3','79','3','2','1125054582');
insert into 5_tbl_bet (id,userID,game,bet1,bet2,bet_ts) VALUES ('383','3','80','2','1','1125054582');
insert into 5_tbl_bet (id,userID,game,bet1,bet2,bet_ts) VALUES ('384','3','81','3','1','1125054582');
insert into 5_tbl_bet (id,userID,game,bet1,bet2,bet_ts) VALUES ('385','6','61','2','0','1125134258');
insert into 5_tbl_bet (id,userID,game,bet1,bet2,bet_ts) VALUES ('386','6','63','1','3','1125134258');
insert into 5_tbl_bet (id,userID,game,bet1,bet2,bet_ts) VALUES ('387','6','65','3','1','1125134258');
insert into 5_tbl_bet (id,userID,game,bet1,bet2,bet_ts) VALUES ('388','6','67','2','0','1125134258');
insert into 5_tbl_bet (id,userID,game,bet1,bet2,bet_ts) VALUES ('389','6','69','3','0','1125134258');
insert into 5_tbl_bet (id,userID,game,bet1,bet2,bet_ts) VALUES ('390','6','71','1','0','1125134258');
insert into 5_tbl_bet (id,userID,game,bet1,bet2,bet_ts) VALUES ('391','6','73','2','0','1125134258');
insert into 5_tbl_bet (id,userID,game,bet1,bet2,bet_ts) VALUES ('392','6','75','1','2','1125134258');
insert into 5_tbl_bet (id,userID,game,bet1,bet2,bet_ts) VALUES ('393','6','77','0','2','1125134258');
insert into 5_tbl_bet (id,userID,game,bet1,bet2,bet_ts) VALUES ('394','6','79','-1','-1','1125134258');
insert into 5_tbl_bet (id,userID,game,bet1,bet2,bet_ts) VALUES ('395','6','80','-1','-1','1125134258');
insert into 5_tbl_bet (id,userID,game,bet1,bet2,bet_ts) VALUES ('396','6','81','2','0','1125134258');
insert into 5_tbl_bet (id,userID,game,bet1,bet2,bet_ts) VALUES ('397','1','82','1','2','1125642666');
insert into 5_tbl_bet (id,userID,game,bet1,bet2,bet_ts) VALUES ('398','1','84','1','1','1125642666');
insert into 5_tbl_bet (id,userID,game,bet1,bet2,bet_ts) VALUES ('399','1','86','2','3','1125642666');
insert into 5_tbl_bet (id,userID,game,bet1,bet2,bet_ts) VALUES ('400','1','88','1','3','1125642666');
insert into 5_tbl_bet (id,userID,game,bet1,bet2,bet_ts) VALUES ('401','1','90','1','1','1125642666');
insert into 5_tbl_bet (id,userID,game,bet1,bet2,bet_ts) VALUES ('402','1','92','1','2','1125642666');
insert into 5_tbl_bet (id,userID,game,bet1,bet2,bet_ts) VALUES ('403','1','94','1','1','1125642666');
insert into 5_tbl_bet (id,userID,game,bet1,bet2,bet_ts) VALUES ('404','1','96','1','1','1125642666');
insert into 5_tbl_bet (id,userID,game,bet1,bet2,bet_ts) VALUES ('405','1','98','2','1','1125642666');
insert into 5_tbl_bet (id,userID,game,bet1,bet2,bet_ts) VALUES ('406','1','100','2','2','1125642666');
insert into 5_tbl_bet (id,userID,game,bet1,bet2,bet_ts) VALUES ('407','1','101','2','0','1125642666');
insert into 5_tbl_bet (id,userID,game,bet1,bet2,bet_ts) VALUES ('408','1','102','3','0','1125642666');
insert into 5_tbl_bet (id,userID,game,bet1,bet2,bet_ts) VALUES ('409','4','82','1','0','1126804110');
insert into 5_tbl_bet (id,userID,game,bet1,bet2,bet_ts) VALUES ('410','4','84','2','0','1126804110');
insert into 5_tbl_bet (id,userID,game,bet1,bet2,bet_ts) VALUES ('411','4','86','2','2','1126804110');
insert into 5_tbl_bet (id,userID,game,bet1,bet2,bet_ts) VALUES ('412','4','88','1','2','1126804110');
insert into 5_tbl_bet (id,userID,game,bet1,bet2,bet_ts) VALUES ('413','4','90','2','1','1126804110');
insert into 5_tbl_bet (id,userID,game,bet1,bet2,bet_ts) VALUES ('414','4','92','1','2','1126804110');
insert into 5_tbl_bet (id,userID,game,bet1,bet2,bet_ts) VALUES ('415','4','94','1','0','1126804110');
insert into 5_tbl_bet (id,userID,game,bet1,bet2,bet_ts) VALUES ('416','4','96','1','0','1126804110');
insert into 5_tbl_bet (id,userID,game,bet1,bet2,bet_ts) VALUES ('417','4','98','1','1','1126804110');
insert into 5_tbl_bet (id,userID,game,bet1,bet2,bet_ts) VALUES ('418','4','100','3','1','1126804110');
insert into 5_tbl_bet (id,userID,game,bet1,bet2,bet_ts) VALUES ('419','4','101','1','1','1126804110');
insert into 5_tbl_bet (id,userID,game,bet1,bet2,bet_ts) VALUES ('420','4','102','2','1','1126804110');
insert into 5_tbl_bet (id,userID,game,bet1,bet2,bet_ts) VALUES ('421','2','145','3','1','1126805465');
insert into 5_tbl_bet (id,userID,game,bet1,bet2,bet_ts) VALUES ('422','2','147','2','1','1126805465');
insert into 5_tbl_bet (id,userID,game,bet1,bet2,bet_ts) VALUES ('423','2','149','1','0','1126805465');
insert into 5_tbl_bet (id,userID,game,bet1,bet2,bet_ts) VALUES ('424','2','151','2','1','1126805465');
insert into 5_tbl_bet (id,userID,game,bet1,bet2,bet_ts) VALUES ('425','2','153','1','0','1126805465');
insert into 5_tbl_bet (id,userID,game,bet1,bet2,bet_ts) VALUES ('426','2','155','1','0','1126805465');
insert into 5_tbl_bet (id,userID,game,bet1,bet2,bet_ts) VALUES ('427','2','157','3','1','1126805465');
insert into 5_tbl_bet (id,userID,game,bet1,bet2,bet_ts) VALUES ('428','2','159','1','1','1126805465');
insert into 5_tbl_bet (id,userID,game,bet1,bet2,bet_ts) VALUES ('429','2','161','1','1','1126805465');
insert into 5_tbl_bet (id,userID,game,bet1,bet2,bet_ts) VALUES ('430','2','163','1','2','1126805465');
insert into 5_tbl_bet (id,userID,game,bet1,bet2,bet_ts) VALUES ('431','2','164','2','0','1126805465');
insert into 5_tbl_bet (id,userID,game,bet1,bet2,bet_ts) VALUES ('432','2','165','2','1','1126805465');
insert into 5_tbl_bet (id,userID,game,bet1,bet2,bet_ts) VALUES ('433','5','145','2','0','1126864105');
insert into 5_tbl_bet (id,userID,game,bet1,bet2,bet_ts) VALUES ('434','5','147','2','1','1126864105');
insert into 5_tbl_bet (id,userID,game,bet1,bet2,bet_ts) VALUES ('435','5','149','1','0','1126864105');
insert into 5_tbl_bet (id,userID,game,bet1,bet2,bet_ts) VALUES ('436','5','151','1','1','1126864105');
insert into 5_tbl_bet (id,userID,game,bet1,bet2,bet_ts) VALUES ('437','5','153','1','3','1126864105');
insert into 5_tbl_bet (id,userID,game,bet1,bet2,bet_ts) VALUES ('438','5','155','2','0','1126864105');
insert into 5_tbl_bet (id,userID,game,bet1,bet2,bet_ts) VALUES ('439','5','157','3','1','1126864105');
insert into 5_tbl_bet (id,userID,game,bet1,bet2,bet_ts) VALUES ('440','5','159','3','2','1126864105');
insert into 5_tbl_bet (id,userID,game,bet1,bet2,bet_ts) VALUES ('441','5','161','3','1','1126864105');
insert into 5_tbl_bet (id,userID,game,bet1,bet2,bet_ts) VALUES ('442','5','163','1','2','1126864105');
insert into 5_tbl_bet (id,userID,game,bet1,bet2,bet_ts) VALUES ('443','5','164','1','1','1126864105');
insert into 5_tbl_bet (id,userID,game,bet1,bet2,bet_ts) VALUES ('444','5','165','2','1','1126864105');
insert into 5_tbl_bet (id,userID,game,bet1,bet2,bet_ts) VALUES ('505','5','166','0','2','1127138906');
insert into 5_tbl_bet (id,userID,game,bet1,bet2,bet_ts) VALUES ('506','5','168','3','1','1127138906');
insert into 5_tbl_bet (id,userID,game,bet1,bet2,bet_ts) VALUES ('507','5','170','0','3','1127138906');
insert into 5_tbl_bet (id,userID,game,bet1,bet2,bet_ts) VALUES ('508','5','172','2','1','1127138906');
insert into 5_tbl_bet (id,userID,game,bet1,bet2,bet_ts) VALUES ('509','5','174','2','1','1127138906');
insert into 5_tbl_bet (id,userID,game,bet1,bet2,bet_ts) VALUES ('510','5','176','1','0','1127138906');
insert into 5_tbl_bet (id,userID,game,bet1,bet2,bet_ts) VALUES ('511','5','178','3','0','1127138906');
insert into 5_tbl_bet (id,userID,game,bet1,bet2,bet_ts) VALUES ('512','5','180','2','3','1127138906');
insert into 5_tbl_bet (id,userID,game,bet1,bet2,bet_ts) VALUES ('513','5','182','1','3','1127138906');
insert into 5_tbl_bet (id,userID,game,bet1,bet2,bet_ts) VALUES ('514','5','184','1','3','1127138906');
insert into 5_tbl_bet (id,userID,game,bet1,bet2,bet_ts) VALUES ('515','5','185','2','0','1127138906');
insert into 5_tbl_bet (id,userID,game,bet1,bet2,bet_ts) VALUES ('516','5','186','3','0','1127138906');
insert into 5_tbl_bet (id,userID,game,bet1,bet2,bet_ts) VALUES ('493','6','145','2','0','1126961171');
insert into 5_tbl_bet (id,userID,game,bet1,bet2,bet_ts) VALUES ('494','6','147','2','0','1126961171');
insert into 5_tbl_bet (id,userID,game,bet1,bet2,bet_ts) VALUES ('495','6','149','1','2','1126961171');
insert into 5_tbl_bet (id,userID,game,bet1,bet2,bet_ts) VALUES ('496','6','151','4','1','1126961171');
insert into 5_tbl_bet (id,userID,game,bet1,bet2,bet_ts) VALUES ('497','6','153','1','3','1126961171');
insert into 5_tbl_bet (id,userID,game,bet1,bet2,bet_ts) VALUES ('498','6','155','2','0','1126961171');
insert into 5_tbl_bet (id,userID,game,bet1,bet2,bet_ts) VALUES ('499','6','157','2','0','1126961171');
insert into 5_tbl_bet (id,userID,game,bet1,bet2,bet_ts) VALUES ('500','6','159','1','0','1126961171');
insert into 5_tbl_bet (id,userID,game,bet1,bet2,bet_ts) VALUES ('501','6','161','3','0','1126961171');
insert into 5_tbl_bet (id,userID,game,bet1,bet2,bet_ts) VALUES ('502','6','163','1','3','1126961171');
insert into 5_tbl_bet (id,userID,game,bet1,bet2,bet_ts) VALUES ('503','6','164','2','0','1126961171');
insert into 5_tbl_bet (id,userID,game,bet1,bet2,bet_ts) VALUES ('504','6','165','1','2','1126961171');
insert into 5_tbl_bet (id,userID,game,bet1,bet2,bet_ts) VALUES ('481','4','145','2','0','1126874298');
insert into 5_tbl_bet (id,userID,game,bet1,bet2,bet_ts) VALUES ('482','4','147','1','0','1126874298');
insert into 5_tbl_bet (id,userID,game,bet1,bet2,bet_ts) VALUES ('483','4','149','2','1','1126874298');
insert into 5_tbl_bet (id,userID,game,bet1,bet2,bet_ts) VALUES ('484','4','151','3','1','1126874298');
insert into 5_tbl_bet (id,userID,game,bet1,bet2,bet_ts) VALUES ('485','4','153','1','1','1126874298');
insert into 5_tbl_bet (id,userID,game,bet1,bet2,bet_ts) VALUES ('486','4','155','1','2','1126874298');
insert into 5_tbl_bet (id,userID,game,bet1,bet2,bet_ts) VALUES ('487','4','157','2','1','1126874298');
insert into 5_tbl_bet (id,userID,game,bet1,bet2,bet_ts) VALUES ('488','4','159','1','1','1126874298');
insert into 5_tbl_bet (id,userID,game,bet1,bet2,bet_ts) VALUES ('489','4','161','2','1','1126874298');
insert into 5_tbl_bet (id,userID,game,bet1,bet2,bet_ts) VALUES ('490','4','163','2','2','1126874298');
insert into 5_tbl_bet (id,userID,game,bet1,bet2,bet_ts) VALUES ('491','4','164','2','1','1126874298');
insert into 5_tbl_bet (id,userID,game,bet1,bet2,bet_ts) VALUES ('492','4','165','1','2','1126874298');
insert into 5_tbl_bet (id,userID,game,bet1,bet2,bet_ts) VALUES ('517','2','166','1','3','1127140321');
insert into 5_tbl_bet (id,userID,game,bet1,bet2,bet_ts) VALUES ('518','2','168','2','1','1127140321');
insert into 5_tbl_bet (id,userID,game,bet1,bet2,bet_ts) VALUES ('519','2','170','0','2','1127140321');
insert into 5_tbl_bet (id,userID,game,bet1,bet2,bet_ts) VALUES ('520','2','172','1','0','1127140321');
insert into 5_tbl_bet (id,userID,game,bet1,bet2,bet_ts) VALUES ('521','2','174','2','0','1127140321');
insert into 5_tbl_bet (id,userID,game,bet1,bet2,bet_ts) VALUES ('522','2','176','2','1','1127140321');
insert into 5_tbl_bet (id,userID,game,bet1,bet2,bet_ts) VALUES ('523','2','178','1','1','1127140321');
insert into 5_tbl_bet (id,userID,game,bet1,bet2,bet_ts) VALUES ('524','2','180','2','2','1127140321');
insert into 5_tbl_bet (id,userID,game,bet1,bet2,bet_ts) VALUES ('525','2','182','0','2','1127140321');
insert into 5_tbl_bet (id,userID,game,bet1,bet2,bet_ts) VALUES ('526','2','184','1','0','1127140321');
insert into 5_tbl_bet (id,userID,game,bet1,bet2,bet_ts) VALUES ('527','2','185','1','1','1127140321');
insert into 5_tbl_bet (id,userID,game,bet1,bet2,bet_ts) VALUES ('528','2','186','2','1','1127140321');
insert into 5_tbl_bet (id,userID,game,bet1,bet2,bet_ts) VALUES ('529','1','145','2','1','1127158719');
insert into 5_tbl_bet (id,userID,game,bet1,bet2,bet_ts) VALUES ('530','1','147','2','1','1127158719');
insert into 5_tbl_bet (id,userID,game,bet1,bet2,bet_ts) VALUES ('531','1','149','2','1','1127158719');
insert into 5_tbl_bet (id,userID,game,bet1,bet2,bet_ts) VALUES ('532','1','151','2','1','1127158719');
insert into 5_tbl_bet (id,userID,game,bet1,bet2,bet_ts) VALUES ('533','1','153','0','1','1127158719');
insert into 5_tbl_bet (id,userID,game,bet1,bet2,bet_ts) VALUES ('534','1','155','2','2','1127158719');
insert into 5_tbl_bet (id,userID,game,bet1,bet2,bet_ts) VALUES ('535','1','157','2','1','1127158719');
insert into 5_tbl_bet (id,userID,game,bet1,bet2,bet_ts) VALUES ('536','1','159','1','1','1127158719');
insert into 5_tbl_bet (id,userID,game,bet1,bet2,bet_ts) VALUES ('537','1','161','1','2','1127158719');
insert into 5_tbl_bet (id,userID,game,bet1,bet2,bet_ts) VALUES ('538','1','163','2','2','1127158719');
insert into 5_tbl_bet (id,userID,game,bet1,bet2,bet_ts) VALUES ('539','1','164','3','2','1127158719');
insert into 5_tbl_bet (id,userID,game,bet1,bet2,bet_ts) VALUES ('540','1','165','2','3','1127158719');
insert into 5_tbl_bet (id,userID,game,bet1,bet2,bet_ts) VALUES ('541','6','166','2','0','1127204760');
insert into 5_tbl_bet (id,userID,game,bet1,bet2,bet_ts) VALUES ('542','6','168','3','1','1127204760');
insert into 5_tbl_bet (id,userID,game,bet1,bet2,bet_ts) VALUES ('543','6','170','1','2','1127204760');
insert into 5_tbl_bet (id,userID,game,bet1,bet2,bet_ts) VALUES ('544','6','172','2','0','1127204760');
insert into 5_tbl_bet (id,userID,game,bet1,bet2,bet_ts) VALUES ('545','6','174','3','1','1127204760');
insert into 5_tbl_bet (id,userID,game,bet1,bet2,bet_ts) VALUES ('546','6','176','1','2','1127204760');
insert into 5_tbl_bet (id,userID,game,bet1,bet2,bet_ts) VALUES ('547','6','178','2','0','1127204760');
insert into 5_tbl_bet (id,userID,game,bet1,bet2,bet_ts) VALUES ('548','6','180','3','1','1127204760');
insert into 5_tbl_bet (id,userID,game,bet1,bet2,bet_ts) VALUES ('549','6','182','1','2','1127204760');
insert into 5_tbl_bet (id,userID,game,bet1,bet2,bet_ts) VALUES ('550','6','184','2','1','1127204760');
insert into 5_tbl_bet (id,userID,game,bet1,bet2,bet_ts) VALUES ('551','6','185','2','1','1127204760');
insert into 5_tbl_bet (id,userID,game,bet1,bet2,bet_ts) VALUES ('552','6','186','3','0','1127204760');
insert into 5_tbl_bet (id,userID,game,bet1,bet2,bet_ts) VALUES ('553','1','166','1','2','1127217448');
insert into 5_tbl_bet (id,userID,game,bet1,bet2,bet_ts) VALUES ('554','1','168','2','1','1127217448');
insert into 5_tbl_bet (id,userID,game,bet1,bet2,bet_ts) VALUES ('555','1','170','1','1','1127217448');
insert into 5_tbl_bet (id,userID,game,bet1,bet2,bet_ts) VALUES ('556','1','172','2','1','1127217448');
insert into 5_tbl_bet (id,userID,game,bet1,bet2,bet_ts) VALUES ('557','1','174','2','0','1127217448');
insert into 5_tbl_bet (id,userID,game,bet1,bet2,bet_ts) VALUES ('558','1','176','1','2','1127217448');
insert into 5_tbl_bet (id,userID,game,bet1,bet2,bet_ts) VALUES ('559','1','178','3','1','1127217448');
insert into 5_tbl_bet (id,userID,game,bet1,bet2,bet_ts) VALUES ('560','1','180','1','1','1127217448');
insert into 5_tbl_bet (id,userID,game,bet1,bet2,bet_ts) VALUES ('561','1','182','1','1','1127217448');
insert into 5_tbl_bet (id,userID,game,bet1,bet2,bet_ts) VALUES ('562','1','184','2','2','1127217448');
insert into 5_tbl_bet (id,userID,game,bet1,bet2,bet_ts) VALUES ('563','1','185','2','1','1127217448');
insert into 5_tbl_bet (id,userID,game,bet1,bet2,bet_ts) VALUES ('564','1','186','2','1','1127217448');
insert into 5_tbl_bet (id,userID,game,bet1,bet2,bet_ts) VALUES ('577','6','82','1','2','1127217920');
insert into 5_tbl_bet (id,userID,game,bet1,bet2,bet_ts) VALUES ('578','6','84','2','0','1127217920');
insert into 5_tbl_bet (id,userID,game,bet1,bet2,bet_ts) VALUES ('579','6','86','0','1','1127217920');
insert into 5_tbl_bet (id,userID,game,bet1,bet2,bet_ts) VALUES ('580','6','88','0','3','1127217920');
insert into 5_tbl_bet (id,userID,game,bet1,bet2,bet_ts) VALUES ('581','6','90','2','0','1127217920');
insert into 5_tbl_bet (id,userID,game,bet1,bet2,bet_ts) VALUES ('582','6','92','2','0','1127217920');
insert into 5_tbl_bet (id,userID,game,bet1,bet2,bet_ts) VALUES ('583','6','94','1','2','1127217920');
insert into 5_tbl_bet (id,userID,game,bet1,bet2,bet_ts) VALUES ('584','6','96','2','0','1127217920');
insert into 5_tbl_bet (id,userID,game,bet1,bet2,bet_ts) VALUES ('585','6','98','2','0','1127217920');
insert into 5_tbl_bet (id,userID,game,bet1,bet2,bet_ts) VALUES ('586','6','100','3','1','1127217920');
insert into 5_tbl_bet (id,userID,game,bet1,bet2,bet_ts) VALUES ('587','6','101','1','2','1127217920');
insert into 5_tbl_bet (id,userID,game,bet1,bet2,bet_ts) VALUES ('588','6','102','2','0','1127217920');
insert into 5_tbl_bet (id,userID,game,bet1,bet2,bet_ts) VALUES ('601','7','82','2','2','1127219694');
insert into 5_tbl_bet (id,userID,game,bet1,bet2,bet_ts) VALUES ('602','7','84','3','1','1127219694');
insert into 5_tbl_bet (id,userID,game,bet1,bet2,bet_ts) VALUES ('603','7','86','1','3','1127219694');
insert into 5_tbl_bet (id,userID,game,bet1,bet2,bet_ts) VALUES ('604','7','88','1','4','1127219694');
insert into 5_tbl_bet (id,userID,game,bet1,bet2,bet_ts) VALUES ('605','7','90','2','0','1127219694');
insert into 5_tbl_bet (id,userID,game,bet1,bet2,bet_ts) VALUES ('606','7','92','0','3','1127219694');
insert into 5_tbl_bet (id,userID,game,bet1,bet2,bet_ts) VALUES ('607','7','94','2','0','1127219694');
insert into 5_tbl_bet (id,userID,game,bet1,bet2,bet_ts) VALUES ('608','7','96','2','3','1127219694');
insert into 5_tbl_bet (id,userID,game,bet1,bet2,bet_ts) VALUES ('609','7','98','2','1','1127219694');
insert into 5_tbl_bet (id,userID,game,bet1,bet2,bet_ts) VALUES ('610','7','100','2','2','1127219694');
insert into 5_tbl_bet (id,userID,game,bet1,bet2,bet_ts) VALUES ('611','7','101','2','1','1127219694');
insert into 5_tbl_bet (id,userID,game,bet1,bet2,bet_ts) VALUES ('612','7','102','3','0','1127219694');
insert into 5_tbl_bet (id,userID,game,bet1,bet2,bet_ts) VALUES ('625','4','166','1','3','1127225818');
insert into 5_tbl_bet (id,userID,game,bet1,bet2,bet_ts) VALUES ('626','4','168','2','1','1127225818');
insert into 5_tbl_bet (id,userID,game,bet1,bet2,bet_ts) VALUES ('627','4','170','1','2','1127225818');
insert into 5_tbl_bet (id,userID,game,bet1,bet2,bet_ts) VALUES ('628','4','172','1','0','1127225818');
insert into 5_tbl_bet (id,userID,game,bet1,bet2,bet_ts) VALUES ('629','4','174','3','1','1127225818');
insert into 5_tbl_bet (id,userID,game,bet1,bet2,bet_ts) VALUES ('630','4','176','1','1','1127225818');
insert into 5_tbl_bet (id,userID,game,bet1,bet2,bet_ts) VALUES ('631','4','178','2','0','1127225818');
insert into 5_tbl_bet (id,userID,game,bet1,bet2,bet_ts) VALUES ('632','4','180','1','2','1127225818');
insert into 5_tbl_bet (id,userID,game,bet1,bet2,bet_ts) VALUES ('633','4','182','0','1','1127225818');
insert into 5_tbl_bet (id,userID,game,bet1,bet2,bet_ts) VALUES ('634','4','184','2','1','1127225818');
insert into 5_tbl_bet (id,userID,game,bet1,bet2,bet_ts) VALUES ('635','4','185','3','1','1127225818');
insert into 5_tbl_bet (id,userID,game,bet1,bet2,bet_ts) VALUES ('636','4','186','2','1','1127225818');
insert into 5_tbl_bet (id,userID,game,bet1,bet2,bet_ts) VALUES ('673','3','166','1','1','1127369093');
insert into 5_tbl_bet (id,userID,game,bet1,bet2,bet_ts) VALUES ('674','3','168','3','2','1127369093');
insert into 5_tbl_bet (id,userID,game,bet1,bet2,bet_ts) VALUES ('675','3','170','0','2','1127369093');
insert into 5_tbl_bet (id,userID,game,bet1,bet2,bet_ts) VALUES ('676','3','172','1','0','1127369093');
insert into 5_tbl_bet (id,userID,game,bet1,bet2,bet_ts) VALUES ('677','3','174','3','1','1127369093');
insert into 5_tbl_bet (id,userID,game,bet1,bet2,bet_ts) VALUES ('678','3','176','4','2','1127369093');
insert into 5_tbl_bet (id,userID,game,bet1,bet2,bet_ts) VALUES ('679','3','178','1','1','1127369093');
insert into 5_tbl_bet (id,userID,game,bet1,bet2,bet_ts) VALUES ('680','3','180','1','2','1127369093');
insert into 5_tbl_bet (id,userID,game,bet1,bet2,bet_ts) VALUES ('681','3','182','1','2','1127369093');
insert into 5_tbl_bet (id,userID,game,bet1,bet2,bet_ts) VALUES ('682','3','184','1','0','1127369093');
insert into 5_tbl_bet (id,userID,game,bet1,bet2,bet_ts) VALUES ('683','3','185','4','2','1127369093');
insert into 5_tbl_bet (id,userID,game,bet1,bet2,bet_ts) VALUES ('684','3','186','2','1','1127369093');
insert into 5_tbl_bet (id,userID,game,bet1,bet2,bet_ts) VALUES ('649','3','82','2','1','1127368876');
insert into 5_tbl_bet (id,userID,game,bet1,bet2,bet_ts) VALUES ('650','3','84','2','1','1127368876');
insert into 5_tbl_bet (id,userID,game,bet1,bet2,bet_ts) VALUES ('651','3','86','2','2','1127368876');
insert into 5_tbl_bet (id,userID,game,bet1,bet2,bet_ts) VALUES ('652','3','88','0','2','1127368876');
insert into 5_tbl_bet (id,userID,game,bet1,bet2,bet_ts) VALUES ('653','3','90','2','0','1127368876');
insert into 5_tbl_bet (id,userID,game,bet1,bet2,bet_ts) VALUES ('654','3','92','1','3','1127368876');
insert into 5_tbl_bet (id,userID,game,bet1,bet2,bet_ts) VALUES ('655','3','94','1','2','1127368876');
insert into 5_tbl_bet (id,userID,game,bet1,bet2,bet_ts) VALUES ('656','3','96','1','1','1127368876');
insert into 5_tbl_bet (id,userID,game,bet1,bet2,bet_ts) VALUES ('657','3','98','3','2','1127368876');
insert into 5_tbl_bet (id,userID,game,bet1,bet2,bet_ts) VALUES ('658','3','100','3','1','1127368876');
insert into 5_tbl_bet (id,userID,game,bet1,bet2,bet_ts) VALUES ('659','3','101','0','2','1127368876');
insert into 5_tbl_bet (id,userID,game,bet1,bet2,bet_ts) VALUES ('660','3','102','2','0','1127368876');
insert into 5_tbl_bet (id,userID,game,bet1,bet2,bet_ts) VALUES ('661','3','145','3','1','1127369011');
insert into 5_tbl_bet (id,userID,game,bet1,bet2,bet_ts) VALUES ('662','3','147','2','2','1127369011');
insert into 5_tbl_bet (id,userID,game,bet1,bet2,bet_ts) VALUES ('663','3','149','2','0','1127369011');
insert into 5_tbl_bet (id,userID,game,bet1,bet2,bet_ts) VALUES ('664','3','151','4','1','1127369011');
insert into 5_tbl_bet (id,userID,game,bet1,bet2,bet_ts) VALUES ('665','3','153','1','2','1127369011');
insert into 5_tbl_bet (id,userID,game,bet1,bet2,bet_ts) VALUES ('666','3','155','0','0','1127369011');
insert into 5_tbl_bet (id,userID,game,bet1,bet2,bet_ts) VALUES ('667','3','157','2','1','1127369011');
insert into 5_tbl_bet (id,userID,game,bet1,bet2,bet_ts) VALUES ('668','3','159','1','2','1127369011');
insert into 5_tbl_bet (id,userID,game,bet1,bet2,bet_ts) VALUES ('669','3','161','1','1','1127369011');
insert into 5_tbl_bet (id,userID,game,bet1,bet2,bet_ts) VALUES ('670','3','163','0','1','1127369011');
insert into 5_tbl_bet (id,userID,game,bet1,bet2,bet_ts) VALUES ('671','3','164','3','2','1127369011');
insert into 5_tbl_bet (id,userID,game,bet1,bet2,bet_ts) VALUES ('672','3','165','1','0','1127369011');
insert into 5_tbl_bet (id,userID,game,bet1,bet2,bet_ts) VALUES ('685','7','166','1','3','1127372960');
insert into 5_tbl_bet (id,userID,game,bet1,bet2,bet_ts) VALUES ('686','7','168','2','0','1127372960');
insert into 5_tbl_bet (id,userID,game,bet1,bet2,bet_ts) VALUES ('687','7','170','1','2','1127372960');
insert into 5_tbl_bet (id,userID,game,bet1,bet2,bet_ts) VALUES ('688','7','172','1','1','1127372960');
insert into 5_tbl_bet (id,userID,game,bet1,bet2,bet_ts) VALUES ('689','7','174','2','0','1127372960');
insert into 5_tbl_bet (id,userID,game,bet1,bet2,bet_ts) VALUES ('690','7','176','4','2','1127372960');
insert into 5_tbl_bet (id,userID,game,bet1,bet2,bet_ts) VALUES ('691','7','178','0','0','1127372960');
insert into 5_tbl_bet (id,userID,game,bet1,bet2,bet_ts) VALUES ('692','7','180','2','2','1127372960');
insert into 5_tbl_bet (id,userID,game,bet1,bet2,bet_ts) VALUES ('693','7','182','1','2','1127372960');
insert into 5_tbl_bet (id,userID,game,bet1,bet2,bet_ts) VALUES ('694','7','184','1','1','1127372960');
insert into 5_tbl_bet (id,userID,game,bet1,bet2,bet_ts) VALUES ('695','7','185','2','1','1127372960');
insert into 5_tbl_bet (id,userID,game,bet1,bet2,bet_ts) VALUES ('696','7','186','3','1','1127372960');
insert into 5_tbl_bet (id,userID,game,bet1,bet2,bet_ts) VALUES ('697','7','145','2','0','1127373043');
insert into 5_tbl_bet (id,userID,game,bet1,bet2,bet_ts) VALUES ('698','7','147','3','2','1127373043');
insert into 5_tbl_bet (id,userID,game,bet1,bet2,bet_ts) VALUES ('699','7','149','1','2','1127373043');
insert into 5_tbl_bet (id,userID,game,bet1,bet2,bet_ts) VALUES ('700','7','151','3','0','1127373043');
insert into 5_tbl_bet (id,userID,game,bet1,bet2,bet_ts) VALUES ('701','7','153','2','0','1127373043');
insert into 5_tbl_bet (id,userID,game,bet1,bet2,bet_ts) VALUES ('702','7','155','0','2','1127373043');
insert into 5_tbl_bet (id,userID,game,bet1,bet2,bet_ts) VALUES ('703','7','157','3','1','1127373043');
insert into 5_tbl_bet (id,userID,game,bet1,bet2,bet_ts) VALUES ('704','7','159','1','3','1127373043');
insert into 5_tbl_bet (id,userID,game,bet1,bet2,bet_ts) VALUES ('705','7','161','3','0','1127373043');
insert into 5_tbl_bet (id,userID,game,bet1,bet2,bet_ts) VALUES ('706','7','163','1','2','1127373043');
insert into 5_tbl_bet (id,userID,game,bet1,bet2,bet_ts) VALUES ('707','7','164','2','2','1127373043');
insert into 5_tbl_bet (id,userID,game,bet1,bet2,bet_ts) VALUES ('708','7','165','1','2','1127373043');
insert into 5_tbl_bet (id,userID,game,bet1,bet2,bet_ts) VALUES ('709','2','187','2','2','1127377861');
insert into 5_tbl_bet (id,userID,game,bet1,bet2,bet_ts) VALUES ('710','2','189','2','1','1127377861');
insert into 5_tbl_bet (id,userID,game,bet1,bet2,bet_ts) VALUES ('711','2','191','3','1','1127377861');
insert into 5_tbl_bet (id,userID,game,bet1,bet2,bet_ts) VALUES ('712','2','193','1','0','1127377861');
insert into 5_tbl_bet (id,userID,game,bet1,bet2,bet_ts) VALUES ('713','2','195','1','1','1127377861');
insert into 5_tbl_bet (id,userID,game,bet1,bet2,bet_ts) VALUES ('714','2','197','2','1','1127377861');
insert into 5_tbl_bet (id,userID,game,bet1,bet2,bet_ts) VALUES ('715','2','199','3','1','1127377861');
insert into 5_tbl_bet (id,userID,game,bet1,bet2,bet_ts) VALUES ('716','2','201','1','2','1127377861');
insert into 5_tbl_bet (id,userID,game,bet1,bet2,bet_ts) VALUES ('717','2','203','2','0','1127377861');
insert into 5_tbl_bet (id,userID,game,bet1,bet2,bet_ts) VALUES ('718','2','205','2','1','1127377861');
insert into 5_tbl_bet (id,userID,game,bet1,bet2,bet_ts) VALUES ('719','2','206','2','0','1127377861');
insert into 5_tbl_bet (id,userID,game,bet1,bet2,bet_ts) VALUES ('720','2','207','1','0','1127377861');
insert into 5_tbl_bet (id,userID,game,bet1,bet2,bet_ts) VALUES ('721','5','187','3','2','1127406259');
insert into 5_tbl_bet (id,userID,game,bet1,bet2,bet_ts) VALUES ('722','5','189','2','0','1127406259');
insert into 5_tbl_bet (id,userID,game,bet1,bet2,bet_ts) VALUES ('723','5','191','1','2','1127406259');
insert into 5_tbl_bet (id,userID,game,bet1,bet2,bet_ts) VALUES ('724','5','193','4','1','1127406259');
insert into 5_tbl_bet (id,userID,game,bet1,bet2,bet_ts) VALUES ('725','5','195','1','1','1127406259');
insert into 5_tbl_bet (id,userID,game,bet1,bet2,bet_ts) VALUES ('726','5','197','1','2','1127406259');
insert into 5_tbl_bet (id,userID,game,bet1,bet2,bet_ts) VALUES ('727','5','199','1','2','1127406259');
insert into 5_tbl_bet (id,userID,game,bet1,bet2,bet_ts) VALUES ('728','5','201','1','0','1127406259');
insert into 5_tbl_bet (id,userID,game,bet1,bet2,bet_ts) VALUES ('729','5','203','3','1','1127406259');
insert into 5_tbl_bet (id,userID,game,bet1,bet2,bet_ts) VALUES ('730','5','205','2','0','1127406259');
insert into 5_tbl_bet (id,userID,game,bet1,bet2,bet_ts) VALUES ('731','5','206','2','1','1127406259');
insert into 5_tbl_bet (id,userID,game,bet1,bet2,bet_ts) VALUES ('732','5','207','3','1','1127406259');
insert into 5_tbl_bet (id,userID,game,bet1,bet2,bet_ts) VALUES ('733','1','187','2','3','1127465151');
insert into 5_tbl_bet (id,userID,game,bet1,bet2,bet_ts) VALUES ('734','1','189','1','0','1127465151');
insert into 5_tbl_bet (id,userID,game,bet1,bet2,bet_ts) VALUES ('735','1','191','2','1','1127465151');
insert into 5_tbl_bet (id,userID,game,bet1,bet2,bet_ts) VALUES ('736','1','193','2','0','1127465151');
insert into 5_tbl_bet (id,userID,game,bet1,bet2,bet_ts) VALUES ('737','1','195','2','1','1127465151');
insert into 5_tbl_bet (id,userID,game,bet1,bet2,bet_ts) VALUES ('738','1','197','1','2','1127465151');
insert into 5_tbl_bet (id,userID,game,bet1,bet2,bet_ts) VALUES ('739','1','199','3','1','1127465151');
insert into 5_tbl_bet (id,userID,game,bet1,bet2,bet_ts) VALUES ('740','1','201','2','2','1127465151');
insert into 5_tbl_bet (id,userID,game,bet1,bet2,bet_ts) VALUES ('741','1','203','1','1','1127465151');
insert into 5_tbl_bet (id,userID,game,bet1,bet2,bet_ts) VALUES ('742','1','205','1','1','1127465151');
insert into 5_tbl_bet (id,userID,game,bet1,bet2,bet_ts) VALUES ('743','1','206','2','0','1127465151');
insert into 5_tbl_bet (id,userID,game,bet1,bet2,bet_ts) VALUES ('744','1','207','2','2','1127465151');
insert into 5_tbl_bet (id,userID,game,bet1,bet2,bet_ts) VALUES ('745','3','187','1','2','1127482908');
insert into 5_tbl_bet (id,userID,game,bet1,bet2,bet_ts) VALUES ('746','3','189','3','1','1127482908');
insert into 5_tbl_bet (id,userID,game,bet1,bet2,bet_ts) VALUES ('747','3','191','2','1','1127482908');
insert into 5_tbl_bet (id,userID,game,bet1,bet2,bet_ts) VALUES ('748','3','193','3','2','1127482908');
insert into 5_tbl_bet (id,userID,game,bet1,bet2,bet_ts) VALUES ('749','3','195','1','0','1127482908');
insert into 5_tbl_bet (id,userID,game,bet1,bet2,bet_ts) VALUES ('750','3','197','2','2','1127482908');
insert into 5_tbl_bet (id,userID,game,bet1,bet2,bet_ts) VALUES ('751','3','199','1','1','1127482908');
insert into 5_tbl_bet (id,userID,game,bet1,bet2,bet_ts) VALUES ('752','3','201','1','3','1127482908');
insert into 5_tbl_bet (id,userID,game,bet1,bet2,bet_ts) VALUES ('753','3','203','2','1','1127482908');
insert into 5_tbl_bet (id,userID,game,bet1,bet2,bet_ts) VALUES ('754','3','205','3','1','1127482908');
insert into 5_tbl_bet (id,userID,game,bet1,bet2,bet_ts) VALUES ('755','3','206','2','1','1127482908');
insert into 5_tbl_bet (id,userID,game,bet1,bet2,bet_ts) VALUES ('756','3','207','1','3','1127482908');
insert into 5_tbl_bet (id,userID,game,bet1,bet2,bet_ts) VALUES ('769','4','187','1','1','1127484579');
insert into 5_tbl_bet (id,userID,game,bet1,bet2,bet_ts) VALUES ('770','4','189','1','1','1127484579');
insert into 5_tbl_bet (id,userID,game,bet1,bet2,bet_ts) VALUES ('771','4','191','3','1','1127484579');
insert into 5_tbl_bet (id,userID,game,bet1,bet2,bet_ts) VALUES ('772','4','193','2','0','1127484579');
insert into 5_tbl_bet (id,userID,game,bet1,bet2,bet_ts) VALUES ('773','4','195','1','2','1127484579');
insert into 5_tbl_bet (id,userID,game,bet1,bet2,bet_ts) VALUES ('774','4','197','1','0','1127484579');
insert into 5_tbl_bet (id,userID,game,bet1,bet2,bet_ts) VALUES ('775','4','199','2','1','1127484579');
insert into 5_tbl_bet (id,userID,game,bet1,bet2,bet_ts) VALUES ('776','4','201','2','1','1127484579');
insert into 5_tbl_bet (id,userID,game,bet1,bet2,bet_ts) VALUES ('777','4','203','1','0','1127484580');
insert into 5_tbl_bet (id,userID,game,bet1,bet2,bet_ts) VALUES ('778','4','205','1','0','1127484580');
insert into 5_tbl_bet (id,userID,game,bet1,bet2,bet_ts) VALUES ('779','4','206','3','1','1127484580');
insert into 5_tbl_bet (id,userID,game,bet1,bet2,bet_ts) VALUES ('780','4','207','2','1','1127484580');
insert into 5_tbl_bet (id,userID,game,bet1,bet2,bet_ts) VALUES ('781','6','187','0','2','1127487328');
insert into 5_tbl_bet (id,userID,game,bet1,bet2,bet_ts) VALUES ('782','6','189','1','3','1127487328');
insert into 5_tbl_bet (id,userID,game,bet1,bet2,bet_ts) VALUES ('783','6','191','2','0','1127487328');
insert into 5_tbl_bet (id,userID,game,bet1,bet2,bet_ts) VALUES ('784','6','193','1','0','1127487328');
insert into 5_tbl_bet (id,userID,game,bet1,bet2,bet_ts) VALUES ('785','6','195','2','0','1127487328');
insert into 5_tbl_bet (id,userID,game,bet1,bet2,bet_ts) VALUES ('786','6','197','1','2','1127487328');
insert into 5_tbl_bet (id,userID,game,bet1,bet2,bet_ts) VALUES ('787','6','199','2','0','1127487328');
insert into 5_tbl_bet (id,userID,game,bet1,bet2,bet_ts) VALUES ('788','6','201','1','3','1127487328');
insert into 5_tbl_bet (id,userID,game,bet1,bet2,bet_ts) VALUES ('789','6','203','2','0','1127487328');
insert into 5_tbl_bet (id,userID,game,bet1,bet2,bet_ts) VALUES ('790','6','205','2','0','1127487328');
insert into 5_tbl_bet (id,userID,game,bet1,bet2,bet_ts) VALUES ('791','6','206','2','0','1127487328');
insert into 5_tbl_bet (id,userID,game,bet1,bet2,bet_ts) VALUES ('792','6','207','2','0','1127487328');
insert into 5_tbl_bet (id,userID,game,bet1,bet2,bet_ts) VALUES ('793','7','187','-1','-1','1127582257');
insert into 5_tbl_bet (id,userID,game,bet1,bet2,bet_ts) VALUES ('794','7','189','-1','-1','1127582257');
insert into 5_tbl_bet (id,userID,game,bet1,bet2,bet_ts) VALUES ('795','7','191','-1','-1','1127582257');
insert into 5_tbl_bet (id,userID,game,bet1,bet2,bet_ts) VALUES ('796','7','193','-1','-1','1127582257');
insert into 5_tbl_bet (id,userID,game,bet1,bet2,bet_ts) VALUES ('797','7','195','-1','-1','1127582257');
insert into 5_tbl_bet (id,userID,game,bet1,bet2,bet_ts) VALUES ('798','7','197','-1','-1','1127582257');
insert into 5_tbl_bet (id,userID,game,bet1,bet2,bet_ts) VALUES ('799','7','199','-1','-1','1127582257');
insert into 5_tbl_bet (id,userID,game,bet1,bet2,bet_ts) VALUES ('800','7','201','1','3','1127582257');
insert into 5_tbl_bet (id,userID,game,bet1,bet2,bet_ts) VALUES ('801','7','203','3','0','1127582257');
insert into 5_tbl_bet (id,userID,game,bet1,bet2,bet_ts) VALUES ('802','7','205','1','2','1127582257');
insert into 5_tbl_bet (id,userID,game,bet1,bet2,bet_ts) VALUES ('803','7','206','2','0','1127582257');
insert into 5_tbl_bet (id,userID,game,bet1,bet2,bet_ts) VALUES ('804','7','207','1','2','1127582257');
insert into 5_tbl_bet (id,userID,game,bet1,bet2,bet_ts) VALUES ('805','5','82','1','1','1127720264');
insert into 5_tbl_bet (id,userID,game,bet1,bet2,bet_ts) VALUES ('806','5','84','2','0','1127720264');
insert into 5_tbl_bet (id,userID,game,bet1,bet2,bet_ts) VALUES ('807','5','86','1','2','1127720264');
insert into 5_tbl_bet (id,userID,game,bet1,bet2,bet_ts) VALUES ('808','5','88','0','3','1127720264');
insert into 5_tbl_bet (id,userID,game,bet1,bet2,bet_ts) VALUES ('809','5','90','3','1','1127720264');
insert into 5_tbl_bet (id,userID,game,bet1,bet2,bet_ts) VALUES ('810','5','92','2','1','1127720264');
insert into 5_tbl_bet (id,userID,game,bet1,bet2,bet_ts) VALUES ('811','5','94','1','0','1127720264');
insert into 5_tbl_bet (id,userID,game,bet1,bet2,bet_ts) VALUES ('812','5','96','2','1','1127720264');
insert into 5_tbl_bet (id,userID,game,bet1,bet2,bet_ts) VALUES ('813','5','98','3','1','1127720264');
insert into 5_tbl_bet (id,userID,game,bet1,bet2,bet_ts) VALUES ('814','5','100','3','1','1127720264');
insert into 5_tbl_bet (id,userID,game,bet1,bet2,bet_ts) VALUES ('815','5','101','0','2','1127720264');
insert into 5_tbl_bet (id,userID,game,bet1,bet2,bet_ts) VALUES ('816','5','102','1','2','1127720264');
insert into 5_tbl_bet (id,userID,game,bet1,bet2,bet_ts) VALUES ('817','5','208','1','2','1127739127');
insert into 5_tbl_bet (id,userID,game,bet1,bet2,bet_ts) VALUES ('818','5','210','3','0','1127739127');
insert into 5_tbl_bet (id,userID,game,bet1,bet2,bet_ts) VALUES ('819','5','212','2','0','1127739128');
insert into 5_tbl_bet (id,userID,game,bet1,bet2,bet_ts) VALUES ('820','5','214','2','1','1127739128');
insert into 5_tbl_bet (id,userID,game,bet1,bet2,bet_ts) VALUES ('821','5','216','1','3','1127739128');
insert into 5_tbl_bet (id,userID,game,bet1,bet2,bet_ts) VALUES ('822','5','218','1','1','1127739128');
insert into 5_tbl_bet (id,userID,game,bet1,bet2,bet_ts) VALUES ('823','5','220','0','1','1127739128');
insert into 5_tbl_bet (id,userID,game,bet1,bet2,bet_ts) VALUES ('824','5','222','0','2','1127739128');
insert into 5_tbl_bet (id,userID,game,bet1,bet2,bet_ts) VALUES ('825','5','224','1','3','1127739128');
insert into 5_tbl_bet (id,userID,game,bet1,bet2,bet_ts) VALUES ('826','5','226','2','0','1127739128');
insert into 5_tbl_bet (id,userID,game,bet1,bet2,bet_ts) VALUES ('827','5','227','1','3','1127739128');
insert into 5_tbl_bet (id,userID,game,bet1,bet2,bet_ts) VALUES ('828','5','228','0','1','1127739128');
insert into 5_tbl_bet (id,userID,game,bet1,bet2,bet_ts) VALUES ('829','2','208','2','2','1127857009');
insert into 5_tbl_bet (id,userID,game,bet1,bet2,bet_ts) VALUES ('830','2','210','2','1','1127857009');
insert into 5_tbl_bet (id,userID,game,bet1,bet2,bet_ts) VALUES ('831','2','212','1','1','1127857009');
insert into 5_tbl_bet (id,userID,game,bet1,bet2,bet_ts) VALUES ('832','2','214','3','1','1127857009');
insert into 5_tbl_bet (id,userID,game,bet1,bet2,bet_ts) VALUES ('833','2','216','1','2','1127857009');
insert into 5_tbl_bet (id,userID,game,bet1,bet2,bet_ts) VALUES ('834','2','218','2','0','1127857009');
insert into 5_tbl_bet (id,userID,game,bet1,bet2,bet_ts) VALUES ('835','2','220','2','2','1127857009');
insert into 5_tbl_bet (id,userID,game,bet1,bet2,bet_ts) VALUES ('836','2','222','0','0','1127857009');
insert into 5_tbl_bet (id,userID,game,bet1,bet2,bet_ts) VALUES ('837','2','224','1','3','1127857009');
insert into 5_tbl_bet (id,userID,game,bet1,bet2,bet_ts) VALUES ('838','2','226','2','0','1127857009');
insert into 5_tbl_bet (id,userID,game,bet1,bet2,bet_ts) VALUES ('839','2','227','0','2','1127857009');
insert into 5_tbl_bet (id,userID,game,bet1,bet2,bet_ts) VALUES ('840','2','228','1','2','1127857009');
insert into 5_tbl_bet (id,userID,game,bet1,bet2,bet_ts) VALUES ('841','7','208','2','2','1128078226');
insert into 5_tbl_bet (id,userID,game,bet1,bet2,bet_ts) VALUES ('842','7','210','2','0','1128078226');
insert into 5_tbl_bet (id,userID,game,bet1,bet2,bet_ts) VALUES ('843','7','212','2','0','1128078226');
insert into 5_tbl_bet (id,userID,game,bet1,bet2,bet_ts) VALUES ('844','7','214','2','1','1128078226');
insert into 5_tbl_bet (id,userID,game,bet1,bet2,bet_ts) VALUES ('845','7','216','1','4','1128078226');
insert into 5_tbl_bet (id,userID,game,bet1,bet2,bet_ts) VALUES ('846','7','218','1','1','1128078226');
insert into 5_tbl_bet (id,userID,game,bet1,bet2,bet_ts) VALUES ('847','7','220','1','2','1128078226');
insert into 5_tbl_bet (id,userID,game,bet1,bet2,bet_ts) VALUES ('848','7','222','2','1','1128078226');
insert into 5_tbl_bet (id,userID,game,bet1,bet2,bet_ts) VALUES ('849','7','224','1','3','1128078226');
insert into 5_tbl_bet (id,userID,game,bet1,bet2,bet_ts) VALUES ('850','7','226','2','0','1128078226');
insert into 5_tbl_bet (id,userID,game,bet1,bet2,bet_ts) VALUES ('851','7','227','0','1','1128078226');
insert into 5_tbl_bet (id,userID,game,bet1,bet2,bet_ts) VALUES ('852','7','228','3','1','1128078226');
insert into 5_tbl_bet (id,userID,game,bet1,bet2,bet_ts) VALUES ('853','4','208','1','1','1128088908');
insert into 5_tbl_bet (id,userID,game,bet1,bet2,bet_ts) VALUES ('854','4','210','2','1','1128088908');
insert into 5_tbl_bet (id,userID,game,bet1,bet2,bet_ts) VALUES ('855','4','212','1','0','1128088908');
insert into 5_tbl_bet (id,userID,game,bet1,bet2,bet_ts) VALUES ('856','4','214','2','0','1128088908');
insert into 5_tbl_bet (id,userID,game,bet1,bet2,bet_ts) VALUES ('857','4','216','1','2','1128088908');
insert into 5_tbl_bet (id,userID,game,bet1,bet2,bet_ts) VALUES ('858','4','218','3','1','1128088908');
insert into 5_tbl_bet (id,userID,game,bet1,bet2,bet_ts) VALUES ('859','4','220','0','0','1128088908');
insert into 5_tbl_bet (id,userID,game,bet1,bet2,bet_ts) VALUES ('860','4','222','1','0','1128088908');
insert into 5_tbl_bet (id,userID,game,bet1,bet2,bet_ts) VALUES ('861','4','224','2','1','1128088908');
insert into 5_tbl_bet (id,userID,game,bet1,bet2,bet_ts) VALUES ('862','4','226','2','0','1128088908');
insert into 5_tbl_bet (id,userID,game,bet1,bet2,bet_ts) VALUES ('863','4','227','1','0','1128088908');
insert into 5_tbl_bet (id,userID,game,bet1,bet2,bet_ts) VALUES ('864','4','228','1','1','1128088908');
insert into 5_tbl_bet (id,userID,game,bet1,bet2,bet_ts) VALUES ('865','6','208','2','0','1128094267');
insert into 5_tbl_bet (id,userID,game,bet1,bet2,bet_ts) VALUES ('866','6','210','2','0','1128094267');
insert into 5_tbl_bet (id,userID,game,bet1,bet2,bet_ts) VALUES ('867','6','212','3','1','1128094267');
insert into 5_tbl_bet (id,userID,game,bet1,bet2,bet_ts) VALUES ('868','6','214','2','0','1128094267');
insert into 5_tbl_bet (id,userID,game,bet1,bet2,bet_ts) VALUES ('869','6','216','1','2','1128094267');
insert into 5_tbl_bet (id,userID,game,bet1,bet2,bet_ts) VALUES ('870','6','218','1','0','1128094267');
insert into 5_tbl_bet (id,userID,game,bet1,bet2,bet_ts) VALUES ('871','6','220','2','0','1128094267');
insert into 5_tbl_bet (id,userID,game,bet1,bet2,bet_ts) VALUES ('872','6','222','1','2','1128094267');
insert into 5_tbl_bet (id,userID,game,bet1,bet2,bet_ts) VALUES ('873','6','224','1','2','1128094267');
insert into 5_tbl_bet (id,userID,game,bet1,bet2,bet_ts) VALUES ('874','6','226','2','0','1128094267');
insert into 5_tbl_bet (id,userID,game,bet1,bet2,bet_ts) VALUES ('875','6','227','1','2','1128094267');
insert into 5_tbl_bet (id,userID,game,bet1,bet2,bet_ts) VALUES ('876','6','228','2','0','1128094267');
insert into 5_tbl_bet (id,userID,game,bet1,bet2,bet_ts) VALUES ('877','1','208','2','2','1128098679');
insert into 5_tbl_bet (id,userID,game,bet1,bet2,bet_ts) VALUES ('878','1','210','3','0','1128098679');
insert into 5_tbl_bet (id,userID,game,bet1,bet2,bet_ts) VALUES ('879','1','212','2','0','1128098679');
insert into 5_tbl_bet (id,userID,game,bet1,bet2,bet_ts) VALUES ('880','1','214','3','0','1128098679');
insert into 5_tbl_bet (id,userID,game,bet1,bet2,bet_ts) VALUES ('881','1','216','1','2','1128098679');
insert into 5_tbl_bet (id,userID,game,bet1,bet2,bet_ts) VALUES ('882','1','218','2','1','1128098679');
insert into 5_tbl_bet (id,userID,game,bet1,bet2,bet_ts) VALUES ('883','1','220','1','2','1128098679');
insert into 5_tbl_bet (id,userID,game,bet1,bet2,bet_ts) VALUES ('884','1','222','2','1','1128098679');
insert into 5_tbl_bet (id,userID,game,bet1,bet2,bet_ts) VALUES ('885','1','224','3','1','1128098679');
insert into 5_tbl_bet (id,userID,game,bet1,bet2,bet_ts) VALUES ('886','1','226','2','0','1128098679');
insert into 5_tbl_bet (id,userID,game,bet1,bet2,bet_ts) VALUES ('887','1','227','0','1','1128098679');
insert into 5_tbl_bet (id,userID,game,bet1,bet2,bet_ts) VALUES ('888','1','228','1','1','1128098679');
insert into 5_tbl_bet (id,userID,game,bet1,bet2,bet_ts) VALUES ('889','2','229','3','1','1129031872');
insert into 5_tbl_bet (id,userID,game,bet1,bet2,bet_ts) VALUES ('890','2','231','2','1','1129031872');
insert into 5_tbl_bet (id,userID,game,bet1,bet2,bet_ts) VALUES ('891','2','233','1','1','1129031872');
insert into 5_tbl_bet (id,userID,game,bet1,bet2,bet_ts) VALUES ('892','2','235','1','0','1129031872');
insert into 5_tbl_bet (id,userID,game,bet1,bet2,bet_ts) VALUES ('893','2','237','1','1','1129031872');
insert into 5_tbl_bet (id,userID,game,bet1,bet2,bet_ts) VALUES ('894','2','239','1','2','1129031872');
insert into 5_tbl_bet (id,userID,game,bet1,bet2,bet_ts) VALUES ('895','2','241','3','1','1129031872');
insert into 5_tbl_bet (id,userID,game,bet1,bet2,bet_ts) VALUES ('896','2','243','1','0','1129031872');
insert into 5_tbl_bet (id,userID,game,bet1,bet2,bet_ts) VALUES ('897','2','245','0','0','1129031872');
insert into 5_tbl_bet (id,userID,game,bet1,bet2,bet_ts) VALUES ('898','2','247','2','1','1129031872');
insert into 5_tbl_bet (id,userID,game,bet1,bet2,bet_ts) VALUES ('899','2','248','1','0','1129031872');
insert into 5_tbl_bet (id,userID,game,bet1,bet2,bet_ts) VALUES ('900','2','249','2','0','1129031872');
insert into 5_tbl_bet (id,userID,game,bet1,bet2,bet_ts) VALUES ('901','7','229','3','0','1129210024');
insert into 5_tbl_bet (id,userID,game,bet1,bet2,bet_ts) VALUES ('902','7','231','2','1','1129210024');
insert into 5_tbl_bet (id,userID,game,bet1,bet2,bet_ts) VALUES ('903','7','233','2','1','1129210024');
insert into 5_tbl_bet (id,userID,game,bet1,bet2,bet_ts) VALUES ('904','7','235','1','1','1129210024');
insert into 5_tbl_bet (id,userID,game,bet1,bet2,bet_ts) VALUES ('905','7','237','2','4','1129210024');
insert into 5_tbl_bet (id,userID,game,bet1,bet2,bet_ts) VALUES ('906','7','239','1','2','1129210024');
insert into 5_tbl_bet (id,userID,game,bet1,bet2,bet_ts) VALUES ('907','7','241','3','1','1129210024');
insert into 5_tbl_bet (id,userID,game,bet1,bet2,bet_ts) VALUES ('908','7','243','1','0','1129210024');
insert into 5_tbl_bet (id,userID,game,bet1,bet2,bet_ts) VALUES ('909','7','245','0','0','1129210024');
insert into 5_tbl_bet (id,userID,game,bet1,bet2,bet_ts) VALUES ('910','7','247','2','2','1129210024');
insert into 5_tbl_bet (id,userID,game,bet1,bet2,bet_ts) VALUES ('911','7','248','2','1','1129210024');
insert into 5_tbl_bet (id,userID,game,bet1,bet2,bet_ts) VALUES ('912','7','249','2','1','1129210024');
insert into 5_tbl_bet (id,userID,game,bet1,bet2,bet_ts) VALUES ('913','5','229','2','1','1129284108');
insert into 5_tbl_bet (id,userID,game,bet1,bet2,bet_ts) VALUES ('914','5','231','0','2','1129284108');
insert into 5_tbl_bet (id,userID,game,bet1,bet2,bet_ts) VALUES ('915','5','233','1','2','1129284108');
insert into 5_tbl_bet (id,userID,game,bet1,bet2,bet_ts) VALUES ('916','5','235','1','0','1129284108');
insert into 5_tbl_bet (id,userID,game,bet1,bet2,bet_ts) VALUES ('917','5','237','1','2','1129284108');
insert into 5_tbl_bet (id,userID,game,bet1,bet2,bet_ts) VALUES ('918','5','239','0','2','1129284108');
insert into 5_tbl_bet (id,userID,game,bet1,bet2,bet_ts) VALUES ('919','5','241','4','1','1129284108');
insert into 5_tbl_bet (id,userID,game,bet1,bet2,bet_ts) VALUES ('920','5','243','3','1','1129284108');
insert into 5_tbl_bet (id,userID,game,bet1,bet2,bet_ts) VALUES ('921','5','245','2','0','1129284108');
insert into 5_tbl_bet (id,userID,game,bet1,bet2,bet_ts) VALUES ('922','5','247','2','1','1129284108');
insert into 5_tbl_bet (id,userID,game,bet1,bet2,bet_ts) VALUES ('923','5','248','3','1','1129284108');
insert into 5_tbl_bet (id,userID,game,bet1,bet2,bet_ts) VALUES ('924','5','249','2','0','1129284108');
insert into 5_tbl_bet (id,userID,game,bet1,bet2,bet_ts) VALUES ('925','4','229','2','1','1129298353');
insert into 5_tbl_bet (id,userID,game,bet1,bet2,bet_ts) VALUES ('926','4','231','1','1','1129298353');
insert into 5_tbl_bet (id,userID,game,bet1,bet2,bet_ts) VALUES ('927','4','233','1','2','1129298353');
insert into 5_tbl_bet (id,userID,game,bet1,bet2,bet_ts) VALUES ('928','4','235','1','0','1129298353');
insert into 5_tbl_bet (id,userID,game,bet1,bet2,bet_ts) VALUES ('929','4','237','1','2','1129298353');
insert into 5_tbl_bet (id,userID,game,bet1,bet2,bet_ts) VALUES ('930','4','239','0','1','1129298353');
insert into 5_tbl_bet (id,userID,game,bet1,bet2,bet_ts) VALUES ('931','4','241','2','0','1129298353');
insert into 5_tbl_bet (id,userID,game,bet1,bet2,bet_ts) VALUES ('932','4','243','1','0','1129298353');
insert into 5_tbl_bet (id,userID,game,bet1,bet2,bet_ts) VALUES ('933','4','245','1','0','1129298353');
insert into 5_tbl_bet (id,userID,game,bet1,bet2,bet_ts) VALUES ('934','4','247','1','0','1129298353');
insert into 5_tbl_bet (id,userID,game,bet1,bet2,bet_ts) VALUES ('935','4','248','2','0','1129298353');
insert into 5_tbl_bet (id,userID,game,bet1,bet2,bet_ts) VALUES ('936','4','249','2','1','1129298353');
insert into 5_tbl_bet (id,userID,game,bet1,bet2,bet_ts) VALUES ('937','1','229','2','1','1129546600');
insert into 5_tbl_bet (id,userID,game,bet1,bet2,bet_ts) VALUES ('938','1','231','4','0','1129546600');
insert into 5_tbl_bet (id,userID,game,bet1,bet2,bet_ts) VALUES ('939','1','233','1','0','1129546600');
insert into 5_tbl_bet (id,userID,game,bet1,bet2,bet_ts) VALUES ('940','1','235','1','1','1129546600');
insert into 5_tbl_bet (id,userID,game,bet1,bet2,bet_ts) VALUES ('941','1','237','1','1','1129546600');
insert into 5_tbl_bet (id,userID,game,bet1,bet2,bet_ts) VALUES ('942','1','239','0','2','1129546600');
insert into 5_tbl_bet (id,userID,game,bet1,bet2,bet_ts) VALUES ('943','1','241','3','1','1129546600');
insert into 5_tbl_bet (id,userID,game,bet1,bet2,bet_ts) VALUES ('944','1','243','2','2','1129546600');
insert into 5_tbl_bet (id,userID,game,bet1,bet2,bet_ts) VALUES ('945','1','245','2','1','1129546600');
insert into 5_tbl_bet (id,userID,game,bet1,bet2,bet_ts) VALUES ('946','1','247','3','2','1129546600');
insert into 5_tbl_bet (id,userID,game,bet1,bet2,bet_ts) VALUES ('947','1','248','2','0','1129546600');
insert into 5_tbl_bet (id,userID,game,bet1,bet2,bet_ts) VALUES ('948','1','249','1','0','1129546600');
insert into 5_tbl_bet (id,userID,game,bet1,bet2,bet_ts) VALUES ('949','3','229','2','2','1129546782');
insert into 5_tbl_bet (id,userID,game,bet1,bet2,bet_ts) VALUES ('950','3','231','1','2','1129546782');
insert into 5_tbl_bet (id,userID,game,bet1,bet2,bet_ts) VALUES ('951','3','233','1','0','1129546782');
insert into 5_tbl_bet (id,userID,game,bet1,bet2,bet_ts) VALUES ('952','3','235','2','0','1129546782');
insert into 5_tbl_bet (id,userID,game,bet1,bet2,bet_ts) VALUES ('953','3','237','1','1','1129546782');
insert into 5_tbl_bet (id,userID,game,bet1,bet2,bet_ts) VALUES ('954','3','239','2','3','1129546782');
insert into 5_tbl_bet (id,userID,game,bet1,bet2,bet_ts) VALUES ('955','3','241','3','0','1129546782');
insert into 5_tbl_bet (id,userID,game,bet1,bet2,bet_ts) VALUES ('956','3','243','1','2','1129546782');
insert into 5_tbl_bet (id,userID,game,bet1,bet2,bet_ts) VALUES ('957','3','245','2','1','1129546782');
insert into 5_tbl_bet (id,userID,game,bet1,bet2,bet_ts) VALUES ('958','3','247','2','1','1129546782');
insert into 5_tbl_bet (id,userID,game,bet1,bet2,bet_ts) VALUES ('959','3','248','1','0','1129546782');
insert into 5_tbl_bet (id,userID,game,bet1,bet2,bet_ts) VALUES ('960','3','249','1','2','1129546782');
insert into 5_tbl_bet (id,userID,game,bet1,bet2,bet_ts) VALUES ('961','6','229','2','0','1129726987');
insert into 5_tbl_bet (id,userID,game,bet1,bet2,bet_ts) VALUES ('962','6','231','0','3','1129726987');
insert into 5_tbl_bet (id,userID,game,bet1,bet2,bet_ts) VALUES ('963','6','233','1','0','1129726987');
insert into 5_tbl_bet (id,userID,game,bet1,bet2,bet_ts) VALUES ('964','6','235','2','1','1129726987');
insert into 5_tbl_bet (id,userID,game,bet1,bet2,bet_ts) VALUES ('965','6','237','1','0','1129726987');
insert into 5_tbl_bet (id,userID,game,bet1,bet2,bet_ts) VALUES ('966','6','239','2','0','1129726987');
insert into 5_tbl_bet (id,userID,game,bet1,bet2,bet_ts) VALUES ('967','6','241','2','0','1129726987');
insert into 5_tbl_bet (id,userID,game,bet1,bet2,bet_ts) VALUES ('968','6','243','2','1','1129726987');
insert into 5_tbl_bet (id,userID,game,bet1,bet2,bet_ts) VALUES ('969','6','245','1','1','1129726987');
insert into 5_tbl_bet (id,userID,game,bet1,bet2,bet_ts) VALUES ('970','6','247','0','2','1129726987');
insert into 5_tbl_bet (id,userID,game,bet1,bet2,bet_ts) VALUES ('971','6','248','2','0','1129726987');
insert into 5_tbl_bet (id,userID,game,bet1,bet2,bet_ts) VALUES ('972','6','249','0','2','1129726987');
insert into 5_tbl_bet (id,userID,game,bet1,bet2,bet_ts) VALUES ('973','5','250','2','0','1129801353');
insert into 5_tbl_bet (id,userID,game,bet1,bet2,bet_ts) VALUES ('974','5','252','3','1','1129801353');
insert into 5_tbl_bet (id,userID,game,bet1,bet2,bet_ts) VALUES ('975','5','254','3','2','1129801353');
insert into 5_tbl_bet (id,userID,game,bet1,bet2,bet_ts) VALUES ('976','5','256','3','0','1129801353');
insert into 5_tbl_bet (id,userID,game,bet1,bet2,bet_ts) VALUES ('977','5','258','1','2','1129801353');
insert into 5_tbl_bet (id,userID,game,bet1,bet2,bet_ts) VALUES ('978','5','260','0','2','1129801353');
insert into 5_tbl_bet (id,userID,game,bet1,bet2,bet_ts) VALUES ('979','5','262','2','0','1129801353');
insert into 5_tbl_bet (id,userID,game,bet1,bet2,bet_ts) VALUES ('980','5','264','0','1','1129801353');
insert into 5_tbl_bet (id,userID,game,bet1,bet2,bet_ts) VALUES ('981','5','266','2','1','1129801353');
insert into 5_tbl_bet (id,userID,game,bet1,bet2,bet_ts) VALUES ('982','5','268','0','2','1129801353');
insert into 5_tbl_bet (id,userID,game,bet1,bet2,bet_ts) VALUES ('983','5','269','1','2','1129801353');
insert into 5_tbl_bet (id,userID,game,bet1,bet2,bet_ts) VALUES ('984','5','270','1','3','1129801353');
insert into 5_tbl_bet (id,userID,game,bet1,bet2,bet_ts) VALUES ('985','2','250','2','1','1129876412');
insert into 5_tbl_bet (id,userID,game,bet1,bet2,bet_ts) VALUES ('986','2','252','1','1','1129876412');
insert into 5_tbl_bet (id,userID,game,bet1,bet2,bet_ts) VALUES ('987','2','254','1','1','1129876412');
insert into 5_tbl_bet (id,userID,game,bet1,bet2,bet_ts) VALUES ('988','2','256','3','1','1129876412');
insert into 5_tbl_bet (id,userID,game,bet1,bet2,bet_ts) VALUES ('989','2','258','1','0','1129876412');
insert into 5_tbl_bet (id,userID,game,bet1,bet2,bet_ts) VALUES ('990','2','260','1','2','1129876412');
insert into 5_tbl_bet (id,userID,game,bet1,bet2,bet_ts) VALUES ('991','2','262','1','0','1129876412');
insert into 5_tbl_bet (id,userID,game,bet1,bet2,bet_ts) VALUES ('992','2','264','2','0','1129876412');
insert into 5_tbl_bet (id,userID,game,bet1,bet2,bet_ts) VALUES ('993','2','266','0','2','1129876412');
insert into 5_tbl_bet (id,userID,game,bet1,bet2,bet_ts) VALUES ('994','2','268','1','1','1129876412');
insert into 5_tbl_bet (id,userID,game,bet1,bet2,bet_ts) VALUES ('995','2','269','1','0','1129876412');
insert into 5_tbl_bet (id,userID,game,bet1,bet2,bet_ts) VALUES ('996','2','270','1','0','1129876412');
insert into 5_tbl_bet (id,userID,game,bet1,bet2,bet_ts) VALUES ('997','1','250','2','1','1129878990');
insert into 5_tbl_bet (id,userID,game,bet1,bet2,bet_ts) VALUES ('998','1','252','1','0','1129878990');
insert into 5_tbl_bet (id,userID,game,bet1,bet2,bet_ts) VALUES ('999','1','254','1','2','1129878990');
insert into 5_tbl_bet (id,userID,game,bet1,bet2,bet_ts) VALUES ('1000','1','256','4','0','1129878990');
insert into 5_tbl_bet (id,userID,game,bet1,bet2,bet_ts) VALUES ('1001','1','258','1','1','1129878990');
insert into 5_tbl_bet (id,userID,game,bet1,bet2,bet_ts) VALUES ('1002','1','260','1','3','1129878990');
insert into 5_tbl_bet (id,userID,game,bet1,bet2,bet_ts) VALUES ('1003','1','262','1','1','1129878990');
insert into 5_tbl_bet (id,userID,game,bet1,bet2,bet_ts) VALUES ('1004','1','264','1','1','1129878990');
insert into 5_tbl_bet (id,userID,game,bet1,bet2,bet_ts) VALUES ('1005','1','266','2','1','1129878990');
insert into 5_tbl_bet (id,userID,game,bet1,bet2,bet_ts) VALUES ('1006','1','268','2','0','1129878990');
insert into 5_tbl_bet (id,userID,game,bet1,bet2,bet_ts) VALUES ('1007','1','269','1','1','1129878990');
insert into 5_tbl_bet (id,userID,game,bet1,bet2,bet_ts) VALUES ('1008','1','270','1','0','1129878990');
insert into 5_tbl_bet (id,userID,game,bet1,bet2,bet_ts) VALUES ('1009','6','250','2','0','1129885887');
insert into 5_tbl_bet (id,userID,game,bet1,bet2,bet_ts) VALUES ('1010','6','252','1','2','1129885887');
insert into 5_tbl_bet (id,userID,game,bet1,bet2,bet_ts) VALUES ('1011','6','254','1','3','1129885887');
insert into 5_tbl_bet (id,userID,game,bet1,bet2,bet_ts) VALUES ('1012','6','256','2','0','1129885887');
insert into 5_tbl_bet (id,userID,game,bet1,bet2,bet_ts) VALUES ('1013','6','258','2','0','1129885887');
insert into 5_tbl_bet (id,userID,game,bet1,bet2,bet_ts) VALUES ('1014','6','260','1','2','1129885887');
insert into 5_tbl_bet (id,userID,game,bet1,bet2,bet_ts) VALUES ('1015','6','262','2','0','1129885887');
insert into 5_tbl_bet (id,userID,game,bet1,bet2,bet_ts) VALUES ('1016','6','264','2','1','1129885887');
insert into 5_tbl_bet (id,userID,game,bet1,bet2,bet_ts) VALUES ('1017','6','266','1','3','1129885887');
insert into 5_tbl_bet (id,userID,game,bet1,bet2,bet_ts) VALUES ('1018','6','268','2','1','1129885887');
insert into 5_tbl_bet (id,userID,game,bet1,bet2,bet_ts) VALUES ('1019','6','269','1','3','1129885887');
insert into 5_tbl_bet (id,userID,game,bet1,bet2,bet_ts) VALUES ('1020','6','270','2','1','1129885887');
insert into 5_tbl_bet (id,userID,game,bet1,bet2,bet_ts) VALUES ('1021','4','250','1','0','1129891734');
insert into 5_tbl_bet (id,userID,game,bet1,bet2,bet_ts) VALUES ('1022','4','252','1','0','1129891734');
insert into 5_tbl_bet (id,userID,game,bet1,bet2,bet_ts) VALUES ('1023','4','254','1','1','1129891734');
insert into 5_tbl_bet (id,userID,game,bet1,bet2,bet_ts) VALUES ('1024','4','256','2','0','1129891734');
insert into 5_tbl_bet (id,userID,game,bet1,bet2,bet_ts) VALUES ('1025','4','258','2','1','1129891734');
insert into 5_tbl_bet (id,userID,game,bet1,bet2,bet_ts) VALUES ('1026','4','260','2','2','1129891734');
insert into 5_tbl_bet (id,userID,game,bet1,bet2,bet_ts) VALUES ('1027','4','262','1','0','1129891734');
insert into 5_tbl_bet (id,userID,game,bet1,bet2,bet_ts) VALUES ('1028','4','264','1','1','1129891734');
insert into 5_tbl_bet (id,userID,game,bet1,bet2,bet_ts) VALUES ('1029','4','266','1','2','1129891734');
insert into 5_tbl_bet (id,userID,game,bet1,bet2,bet_ts) VALUES ('1030','4','268','1','1','1129891734');
insert into 5_tbl_bet (id,userID,game,bet1,bet2,bet_ts) VALUES ('1031','4','269','1','0','1129891734');
insert into 5_tbl_bet (id,userID,game,bet1,bet2,bet_ts) VALUES ('1032','4','270','1','0','1129891734');
insert into 5_tbl_bet (id,userID,game,bet1,bet2,bet_ts) VALUES ('1033','3','250','2','0','1129903013');
insert into 5_tbl_bet (id,userID,game,bet1,bet2,bet_ts) VALUES ('1034','3','252','2','1','1129903013');
insert into 5_tbl_bet (id,userID,game,bet1,bet2,bet_ts) VALUES ('1035','3','254','2','2','1129903013');
insert into 5_tbl_bet (id,userID,game,bet1,bet2,bet_ts) VALUES ('1036','3','256','3','1','1129903013');
insert into 5_tbl_bet (id,userID,game,bet1,bet2,bet_ts) VALUES ('1037','3','258','2','1','1129903013');
insert into 5_tbl_bet (id,userID,game,bet1,bet2,bet_ts) VALUES ('1038','3','260','1','1','1129903013');
insert into 5_tbl_bet (id,userID,game,bet1,bet2,bet_ts) VALUES ('1039','3','262','1','2','1129903013');
insert into 5_tbl_bet (id,userID,game,bet1,bet2,bet_ts) VALUES ('1040','3','264','2','2','1129903013');
insert into 5_tbl_bet (id,userID,game,bet1,bet2,bet_ts) VALUES ('1041','3','266','2','1','1129903013');
insert into 5_tbl_bet (id,userID,game,bet1,bet2,bet_ts) VALUES ('1042','3','268','3','1','1129903013');
insert into 5_tbl_bet (id,userID,game,bet1,bet2,bet_ts) VALUES ('1043','3','269','1','2','1129903013');
insert into 5_tbl_bet (id,userID,game,bet1,bet2,bet_ts) VALUES ('1044','3','270','3','2','1129903013');
insert into 5_tbl_bet (id,userID,game,bet1,bet2,bet_ts) VALUES ('1045','7','250','3','1','1129913251');
insert into 5_tbl_bet (id,userID,game,bet1,bet2,bet_ts) VALUES ('1046','7','252','1','2','1129913251');
insert into 5_tbl_bet (id,userID,game,bet1,bet2,bet_ts) VALUES ('1047','7','254','1','2','1129913251');
insert into 5_tbl_bet (id,userID,game,bet1,bet2,bet_ts) VALUES ('1048','7','256','2','0','1129913251');
insert into 5_tbl_bet (id,userID,game,bet1,bet2,bet_ts) VALUES ('1049','7','258','3','2','1129913251');
insert into 5_tbl_bet (id,userID,game,bet1,bet2,bet_ts) VALUES ('1050','7','260','1','4','1129913251');
insert into 5_tbl_bet (id,userID,game,bet1,bet2,bet_ts) VALUES ('1051','7','262','2','1','1129913251');
insert into 5_tbl_bet (id,userID,game,bet1,bet2,bet_ts) VALUES ('1052','7','264','2','2','1129913251');
insert into 5_tbl_bet (id,userID,game,bet1,bet2,bet_ts) VALUES ('1053','7','266','1','2','1129913251');
insert into 5_tbl_bet (id,userID,game,bet1,bet2,bet_ts) VALUES ('1054','7','268','1','2','1129913251');
insert into 5_tbl_bet (id,userID,game,bet1,bet2,bet_ts) VALUES ('1055','7','269','3','2','1129913251');
insert into 5_tbl_bet (id,userID,game,bet1,bet2,bet_ts) VALUES ('1056','7','270','2','1','1129913251');
insert into 5_tbl_bet (id,userID,game,bet1,bet2,bet_ts) VALUES ('1057','7','334','1','1','1130138964');
insert into 5_tbl_bet (id,userID,game,bet1,bet2,bet_ts) VALUES ('1058','7','336','1','3','1130138964');
insert into 5_tbl_bet (id,userID,game,bet1,bet2,bet_ts) VALUES ('1059','7','338','2','1','1130138964');
insert into 5_tbl_bet (id,userID,game,bet1,bet2,bet_ts) VALUES ('1060','7','340','2','3','1130138964');
insert into 5_tbl_bet (id,userID,game,bet1,bet2,bet_ts) VALUES ('1061','7','342','0','1','1130138964');
insert into 5_tbl_bet (id,userID,game,bet1,bet2,bet_ts) VALUES ('1062','7','344','2','2','1130138964');
insert into 5_tbl_bet (id,userID,game,bet1,bet2,bet_ts) VALUES ('1063','7','346','3','1','1130138964');
insert into 5_tbl_bet (id,userID,game,bet1,bet2,bet_ts) VALUES ('1064','7','348','2','0','1130138964');
insert into 5_tbl_bet (id,userID,game,bet1,bet2,bet_ts) VALUES ('1065','7','350','1','1','1130138964');
insert into 5_tbl_bet (id,userID,game,bet1,bet2,bet_ts) VALUES ('1066','7','352','2','1','1130138964');
insert into 5_tbl_bet (id,userID,game,bet1,bet2,bet_ts) VALUES ('1067','7','353','1','1','1130138964');
insert into 5_tbl_bet (id,userID,game,bet1,bet2,bet_ts) VALUES ('1068','7','354','2','2','1130138964');
insert into 5_tbl_bet (id,userID,game,bet1,bet2,bet_ts) VALUES ('1069','7','355','2','0','1130153973');
insert into 5_tbl_bet (id,userID,game,bet1,bet2,bet_ts) VALUES ('1070','7','357','2','2','1130153973');
insert into 5_tbl_bet (id,userID,game,bet1,bet2,bet_ts) VALUES ('1071','7','359','3','1','1130153973');
insert into 5_tbl_bet (id,userID,game,bet1,bet2,bet_ts) VALUES ('1072','7','361','2','1','1130153973');
insert into 5_tbl_bet (id,userID,game,bet1,bet2,bet_ts) VALUES ('1073','7','363','0','1','1130153973');
insert into 5_tbl_bet (id,userID,game,bet1,bet2,bet_ts) VALUES ('1074','7','365','1','1','1130153973');
insert into 5_tbl_bet (id,userID,game,bet1,bet2,bet_ts) VALUES ('1075','7','367','3','2','1130153973');
insert into 5_tbl_bet (id,userID,game,bet1,bet2,bet_ts) VALUES ('1076','7','369','2','2','1130153973');
insert into 5_tbl_bet (id,userID,game,bet1,bet2,bet_ts) VALUES ('1077','7','371','2','0','1130153973');
insert into 5_tbl_bet (id,userID,game,bet1,bet2,bet_ts) VALUES ('1078','7','373','3','1','1130153973');
insert into 5_tbl_bet (id,userID,game,bet1,bet2,bet_ts) VALUES ('1079','7','374','1','1','1130153973');
insert into 5_tbl_bet (id,userID,game,bet1,bet2,bet_ts) VALUES ('1080','7','375','2','0','1130153973');
insert into 5_tbl_bet (id,userID,game,bet1,bet2,bet_ts) VALUES ('1081','3','355','3','1','1130325691');
insert into 5_tbl_bet (id,userID,game,bet1,bet2,bet_ts) VALUES ('1082','3','357','2','0','1130325691');
insert into 5_tbl_bet (id,userID,game,bet1,bet2,bet_ts) VALUES ('1083','3','359','4','1','1130325691');
insert into 5_tbl_bet (id,userID,game,bet1,bet2,bet_ts) VALUES ('1084','3','361','1','2','1130325691');
insert into 5_tbl_bet (id,userID,game,bet1,bet2,bet_ts) VALUES ('1085','3','363','1','0','1130325691');
insert into 5_tbl_bet (id,userID,game,bet1,bet2,bet_ts) VALUES ('1086','3','365','2','1','1130325691');
insert into 5_tbl_bet (id,userID,game,bet1,bet2,bet_ts) VALUES ('1087','3','367','0','1','1130325691');
insert into 5_tbl_bet (id,userID,game,bet1,bet2,bet_ts) VALUES ('1088','3','369','1','1','1130325691');
insert into 5_tbl_bet (id,userID,game,bet1,bet2,bet_ts) VALUES ('1089','3','371','1','3','1130325691');
insert into 5_tbl_bet (id,userID,game,bet1,bet2,bet_ts) VALUES ('1090','3','373','3','0','1130325691');
insert into 5_tbl_bet (id,userID,game,bet1,bet2,bet_ts) VALUES ('1091','3','374','1','1','1130325691');
insert into 5_tbl_bet (id,userID,game,bet1,bet2,bet_ts) VALUES ('1092','3','375','2','1','1130325691');
insert into 5_tbl_bet (id,userID,game,bet1,bet2,bet_ts) VALUES ('1093','3','334','1','1','1130325734');
insert into 5_tbl_bet (id,userID,game,bet1,bet2,bet_ts) VALUES ('1094','3','336','2','4','1130325734');
insert into 5_tbl_bet (id,userID,game,bet1,bet2,bet_ts) VALUES ('1095','3','338','2','1','1130325734');
insert into 5_tbl_bet (id,userID,game,bet1,bet2,bet_ts) VALUES ('1096','3','340','1','0','1130325734');
insert into 5_tbl_bet (id,userID,game,bet1,bet2,bet_ts) VALUES ('1097','3','342','2','1','1130325734');
insert into 5_tbl_bet (id,userID,game,bet1,bet2,bet_ts) VALUES ('1098','3','344','2','2','1130325734');
insert into 5_tbl_bet (id,userID,game,bet1,bet2,bet_ts) VALUES ('1099','3','346','3','1','1130325734');
insert into 5_tbl_bet (id,userID,game,bet1,bet2,bet_ts) VALUES ('1100','3','348','1','2','1130325734');
insert into 5_tbl_bet (id,userID,game,bet1,bet2,bet_ts) VALUES ('1101','3','350','3','2','1130325734');
insert into 5_tbl_bet (id,userID,game,bet1,bet2,bet_ts) VALUES ('1102','3','352','1','1','1130325734');
insert into 5_tbl_bet (id,userID,game,bet1,bet2,bet_ts) VALUES ('1103','3','353','1','0','1130325734');
insert into 5_tbl_bet (id,userID,game,bet1,bet2,bet_ts) VALUES ('1104','3','354','2','1','1130325734');
insert into 5_tbl_bet (id,userID,game,bet1,bet2,bet_ts) VALUES ('1105','4','334','1','1','1130406892');
insert into 5_tbl_bet (id,userID,game,bet1,bet2,bet_ts) VALUES ('1106','4','336','1','2','1130406892');
insert into 5_tbl_bet (id,userID,game,bet1,bet2,bet_ts) VALUES ('1107','4','338','1','2','1130406892');
insert into 5_tbl_bet (id,userID,game,bet1,bet2,bet_ts) VALUES ('1108','4','340','2','1','1130406892');
insert into 5_tbl_bet (id,userID,game,bet1,bet2,bet_ts) VALUES ('1109','4','342','1','2','1130406892');
insert into 5_tbl_bet (id,userID,game,bet1,bet2,bet_ts) VALUES ('1110','4','344','1','0','1130406892');
insert into 5_tbl_bet (id,userID,game,bet1,bet2,bet_ts) VALUES ('1111','4','346','3','1','1130406892');
insert into 5_tbl_bet (id,userID,game,bet1,bet2,bet_ts) VALUES ('1112','4','348','2','0','1130406892');
insert into 5_tbl_bet (id,userID,game,bet1,bet2,bet_ts) VALUES ('1113','4','350','1','1','1130406892');
insert into 5_tbl_bet (id,userID,game,bet1,bet2,bet_ts) VALUES ('1114','4','352','1','1','1130406892');
insert into 5_tbl_bet (id,userID,game,bet1,bet2,bet_ts) VALUES ('1115','4','353','1','0','1130406892');
insert into 5_tbl_bet (id,userID,game,bet1,bet2,bet_ts) VALUES ('1116','4','354','1','0','1130406892');
insert into 5_tbl_bet (id,userID,game,bet1,bet2,bet_ts) VALUES ('1117','4','355','3','1','1130407037');
insert into 5_tbl_bet (id,userID,game,bet1,bet2,bet_ts) VALUES ('1118','4','357','1','1','1130407037');
insert into 5_tbl_bet (id,userID,game,bet1,bet2,bet_ts) VALUES ('1119','4','359','2','1','1130407037');
insert into 5_tbl_bet (id,userID,game,bet1,bet2,bet_ts) VALUES ('1120','4','361','1','0','1130407037');
insert into 5_tbl_bet (id,userID,game,bet1,bet2,bet_ts) VALUES ('1121','4','363','1','0','1130407037');
insert into 5_tbl_bet (id,userID,game,bet1,bet2,bet_ts) VALUES ('1122','4','365','2','1','1130407037');
insert into 5_tbl_bet (id,userID,game,bet1,bet2,bet_ts) VALUES ('1123','4','367','1','0','1130407037');
insert into 5_tbl_bet (id,userID,game,bet1,bet2,bet_ts) VALUES ('1124','4','369','1','1','1130407037');
insert into 5_tbl_bet (id,userID,game,bet1,bet2,bet_ts) VALUES ('1125','4','371','1','2','1130407037');
insert into 5_tbl_bet (id,userID,game,bet1,bet2,bet_ts) VALUES ('1126','4','373','2','0','1130407037');
insert into 5_tbl_bet (id,userID,game,bet1,bet2,bet_ts) VALUES ('1127','4','374','1','0','1130407037');
insert into 5_tbl_bet (id,userID,game,bet1,bet2,bet_ts) VALUES ('1128','4','375','1','1','1130407037');
insert into 5_tbl_bet (id,userID,game,bet1,bet2,bet_ts) VALUES ('1129','1','334','1','2','1130486384');
insert into 5_tbl_bet (id,userID,game,bet1,bet2,bet_ts) VALUES ('1130','1','336','1','1','1130486384');
insert into 5_tbl_bet (id,userID,game,bet1,bet2,bet_ts) VALUES ('1131','1','338','1','2','1130486384');
insert into 5_tbl_bet (id,userID,game,bet1,bet2,bet_ts) VALUES ('1132','1','340','1','1','1130486384');
insert into 5_tbl_bet (id,userID,game,bet1,bet2,bet_ts) VALUES ('1133','1','342','1','1','1130486384');
insert into 5_tbl_bet (id,userID,game,bet1,bet2,bet_ts) VALUES ('1134','1','344','1','2','1130486384');
insert into 5_tbl_bet (id,userID,game,bet1,bet2,bet_ts) VALUES ('1135','1','346','3','1','1130486384');
insert into 5_tbl_bet (id,userID,game,bet1,bet2,bet_ts) VALUES ('1136','1','348','1','0','1130486384');
insert into 5_tbl_bet (id,userID,game,bet1,bet2,bet_ts) VALUES ('1137','1','350','1','1','1130486384');
insert into 5_tbl_bet (id,userID,game,bet1,bet2,bet_ts) VALUES ('1138','1','352','1','0','1130486384');
insert into 5_tbl_bet (id,userID,game,bet1,bet2,bet_ts) VALUES ('1139','1','353','1','0','1130486384');
insert into 5_tbl_bet (id,userID,game,bet1,bet2,bet_ts) VALUES ('1140','1','354','1','1','1130486384');
insert into 5_tbl_bet (id,userID,game,bet1,bet2,bet_ts) VALUES ('1165','5','334','3','1','1130842919');
insert into 5_tbl_bet (id,userID,game,bet1,bet2,bet_ts) VALUES ('1166','5','336','0','2','1130842919');
insert into 5_tbl_bet (id,userID,game,bet1,bet2,bet_ts) VALUES ('1167','5','338','1','3','1130842919');
insert into 5_tbl_bet (id,userID,game,bet1,bet2,bet_ts) VALUES ('1168','5','340','3','2','1130842919');
insert into 5_tbl_bet (id,userID,game,bet1,bet2,bet_ts) VALUES ('1169','5','342','1','0','1130842919');
insert into 5_tbl_bet (id,userID,game,bet1,bet2,bet_ts) VALUES ('1170','5','344','2','0','1130842919');
insert into 5_tbl_bet (id,userID,game,bet1,bet2,bet_ts) VALUES ('1171','5','346','4','1','1130842919');
insert into 5_tbl_bet (id,userID,game,bet1,bet2,bet_ts) VALUES ('1172','5','348','1','2','1130842919');
insert into 5_tbl_bet (id,userID,game,bet1,bet2,bet_ts) VALUES ('1173','5','350','2','1','1130842919');
insert into 5_tbl_bet (id,userID,game,bet1,bet2,bet_ts) VALUES ('1174','5','352','1','3','1130842919');
insert into 5_tbl_bet (id,userID,game,bet1,bet2,bet_ts) VALUES ('1175','5','353','0','2','1130842919');
insert into 5_tbl_bet (id,userID,game,bet1,bet2,bet_ts) VALUES ('1176','5','354','2','1','1130842919');
insert into 5_tbl_bet (id,userID,game,bet1,bet2,bet_ts) VALUES ('1153','6','334','1','2','1130515134');
insert into 5_tbl_bet (id,userID,game,bet1,bet2,bet_ts) VALUES ('1154','6','336','0','3','1130515134');
insert into 5_tbl_bet (id,userID,game,bet1,bet2,bet_ts) VALUES ('1155','6','338','1','2','1130515134');
insert into 5_tbl_bet (id,userID,game,bet1,bet2,bet_ts) VALUES ('1156','6','340','2','0','1130515134');
insert into 5_tbl_bet (id,userID,game,bet1,bet2,bet_ts) VALUES ('1157','6','342','1','2','1130515134');
insert into 5_tbl_bet (id,userID,game,bet1,bet2,bet_ts) VALUES ('1158','6','344','2','0','1130515134');
insert into 5_tbl_bet (id,userID,game,bet1,bet2,bet_ts) VALUES ('1159','6','346','3','1','1130515134');
insert into 5_tbl_bet (id,userID,game,bet1,bet2,bet_ts) VALUES ('1160','6','348','2','0','1130515134');
insert into 5_tbl_bet (id,userID,game,bet1,bet2,bet_ts) VALUES ('1161','6','350','2','0','1130515134');
insert into 5_tbl_bet (id,userID,game,bet1,bet2,bet_ts) VALUES ('1162','6','352','1','3','1130515134');
insert into 5_tbl_bet (id,userID,game,bet1,bet2,bet_ts) VALUES ('1163','6','353','0','2','1130515134');
insert into 5_tbl_bet (id,userID,game,bet1,bet2,bet_ts) VALUES ('1164','6','354','1','2','1130515134');
insert into 5_tbl_bet (id,userID,game,bet1,bet2,bet_ts) VALUES ('1177','2','334','2','1','1130938308');
insert into 5_tbl_bet (id,userID,game,bet1,bet2,bet_ts) VALUES ('1178','2','336','2','1','1130938308');
insert into 5_tbl_bet (id,userID,game,bet1,bet2,bet_ts) VALUES ('1179','2','338','2','1','1130938308');
insert into 5_tbl_bet (id,userID,game,bet1,bet2,bet_ts) VALUES ('1180','2','340','2','1','1130938308');
insert into 5_tbl_bet (id,userID,game,bet1,bet2,bet_ts) VALUES ('1181','2','342','2','1','1130938308');
insert into 5_tbl_bet (id,userID,game,bet1,bet2,bet_ts) VALUES ('1182','2','344','2','1','1130938308');
insert into 5_tbl_bet (id,userID,game,bet1,bet2,bet_ts) VALUES ('1183','2','346','2','1','1130938308');
insert into 5_tbl_bet (id,userID,game,bet1,bet2,bet_ts) VALUES ('1184','2','348','2','1','1130938308');
insert into 5_tbl_bet (id,userID,game,bet1,bet2,bet_ts) VALUES ('1185','2','350','2','1','1130938308');
insert into 5_tbl_bet (id,userID,game,bet1,bet2,bet_ts) VALUES ('1186','2','352','2','1','1130938308');
insert into 5_tbl_bet (id,userID,game,bet1,bet2,bet_ts) VALUES ('1187','2','353','2','1','1130938308');
insert into 5_tbl_bet (id,userID,game,bet1,bet2,bet_ts) VALUES ('1188','2','354','2','1','1130938308');
insert into 5_tbl_bet (id,userID,game,bet1,bet2,bet_ts) VALUES ('1189','1','355','2','0','1131095948');
insert into 5_tbl_bet (id,userID,game,bet1,bet2,bet_ts) VALUES ('1190','1','357','2','2','1131095948');
insert into 5_tbl_bet (id,userID,game,bet1,bet2,bet_ts) VALUES ('1191','1','359','2','0','1131095948');
insert into 5_tbl_bet (id,userID,game,bet1,bet2,bet_ts) VALUES ('1192','1','361','2','1','1131095948');
insert into 5_tbl_bet (id,userID,game,bet1,bet2,bet_ts) VALUES ('1193','1','363','1','1','1131095948');
insert into 5_tbl_bet (id,userID,game,bet1,bet2,bet_ts) VALUES ('1194','1','365','2','2','1131095948');
insert into 5_tbl_bet (id,userID,game,bet1,bet2,bet_ts) VALUES ('1195','1','367','1','0','1131095948');
insert into 5_tbl_bet (id,userID,game,bet1,bet2,bet_ts) VALUES ('1196','1','369','1','1','1131095948');
insert into 5_tbl_bet (id,userID,game,bet1,bet2,bet_ts) VALUES ('1197','1','371','1','1','1131095948');
insert into 5_tbl_bet (id,userID,game,bet1,bet2,bet_ts) VALUES ('1198','1','373','2','1','1131095948');
insert into 5_tbl_bet (id,userID,game,bet1,bet2,bet_ts) VALUES ('1199','1','374','2','0','1131095948');
insert into 5_tbl_bet (id,userID,game,bet1,bet2,bet_ts) VALUES ('1200','1','375','1','0','1131095948');
insert into 5_tbl_bet (id,userID,game,bet1,bet2,bet_ts) VALUES ('1237','6','355','2','1','1131201015');
insert into 5_tbl_bet (id,userID,game,bet1,bet2,bet_ts) VALUES ('1238','6','357','2','0','1131201015');
insert into 5_tbl_bet (id,userID,game,bet1,bet2,bet_ts) VALUES ('1239','6','359','2','0','1131201015');
insert into 5_tbl_bet (id,userID,game,bet1,bet2,bet_ts) VALUES ('1240','6','361','1','1','1131201015');
insert into 5_tbl_bet (id,userID,game,bet1,bet2,bet_ts) VALUES ('1241','6','363','3','1','1131201015');
insert into 5_tbl_bet (id,userID,game,bet1,bet2,bet_ts) VALUES ('1242','6','365','1','0','1131201016');
insert into 5_tbl_bet (id,userID,game,bet1,bet2,bet_ts) VALUES ('1243','6','367','2','0','1131201016');
insert into 5_tbl_bet (id,userID,game,bet1,bet2,bet_ts) VALUES ('1244','6','369','1','3','1131201016');
insert into 5_tbl_bet (id,userID,game,bet1,bet2,bet_ts) VALUES ('1245','6','371','2','0','1131201016');
insert into 5_tbl_bet (id,userID,game,bet1,bet2,bet_ts) VALUES ('1246','6','373','2','0','1131201016');
insert into 5_tbl_bet (id,userID,game,bet1,bet2,bet_ts) VALUES ('1247','6','374','2','0','1131201016');
insert into 5_tbl_bet (id,userID,game,bet1,bet2,bet_ts) VALUES ('1248','6','375','2','0','1131201016');
insert into 5_tbl_bet (id,userID,game,bet1,bet2,bet_ts) VALUES ('1213','5','355','2','1','1131105712');
insert into 5_tbl_bet (id,userID,game,bet1,bet2,bet_ts) VALUES ('1214','5','357','2','1','1131105712');
insert into 5_tbl_bet (id,userID,game,bet1,bet2,bet_ts) VALUES ('1215','5','359','3','1','1131105712');
insert into 5_tbl_bet (id,userID,game,bet1,bet2,bet_ts) VALUES ('1216','5','361','1','3','1131105712');
insert into 5_tbl_bet (id,userID,game,bet1,bet2,bet_ts) VALUES ('1217','5','363','1','2','1131105712');
insert into 5_tbl_bet (id,userID,game,bet1,bet2,bet_ts) VALUES ('1218','5','365','0','2','1131105712');
insert into 5_tbl_bet (id,userID,game,bet1,bet2,bet_ts) VALUES ('1219','5','367','1','1','1131105712');
insert into 5_tbl_bet (id,userID,game,bet1,bet2,bet_ts) VALUES ('1220','5','369','2','1','1131105712');
insert into 5_tbl_bet (id,userID,game,bet1,bet2,bet_ts) VALUES ('1221','5','371','0','1','1131105712');
insert into 5_tbl_bet (id,userID,game,bet1,bet2,bet_ts) VALUES ('1222','5','373','3','1','1131105712');
insert into 5_tbl_bet (id,userID,game,bet1,bet2,bet_ts) VALUES ('1223','5','374','0','2','1131105712');
insert into 5_tbl_bet (id,userID,game,bet1,bet2,bet_ts) VALUES ('1224','5','375','3','1','1131105712');
insert into 5_tbl_bet (id,userID,game,bet1,bet2,bet_ts) VALUES ('1249','2','355','2','1','1131554682');
insert into 5_tbl_bet (id,userID,game,bet1,bet2,bet_ts) VALUES ('1250','2','357','2','1','1131554682');
insert into 5_tbl_bet (id,userID,game,bet1,bet2,bet_ts) VALUES ('1251','2','359','2','1','1131554682');
insert into 5_tbl_bet (id,userID,game,bet1,bet2,bet_ts) VALUES ('1252','2','361','2','1','1131554682');
insert into 5_tbl_bet (id,userID,game,bet1,bet2,bet_ts) VALUES ('1253','2','363','2','1','1131554682');
insert into 5_tbl_bet (id,userID,game,bet1,bet2,bet_ts) VALUES ('1254','2','365','2','1','1131554682');
insert into 5_tbl_bet (id,userID,game,bet1,bet2,bet_ts) VALUES ('1255','2','367','2','1','1131554682');
insert into 5_tbl_bet (id,userID,game,bet1,bet2,bet_ts) VALUES ('1256','2','369','2','1','1131554682');
insert into 5_tbl_bet (id,userID,game,bet1,bet2,bet_ts) VALUES ('1257','2','371','2','1','1131554682');
insert into 5_tbl_bet (id,userID,game,bet1,bet2,bet_ts) VALUES ('1258','2','373','2','1','1131554682');
insert into 5_tbl_bet (id,userID,game,bet1,bet2,bet_ts) VALUES ('1259','2','374','2','1','1131554682');
insert into 5_tbl_bet (id,userID,game,bet1,bet2,bet_ts) VALUES ('1260','2','375','2','1','1131554682');
insert into 5_tbl_bet (id,userID,game,bet1,bet2,bet_ts) VALUES ('1273','5','376','2','1','1132227495');
insert into 5_tbl_bet (id,userID,game,bet1,bet2,bet_ts) VALUES ('1274','5','378','3','1','1132227495');
insert into 5_tbl_bet (id,userID,game,bet1,bet2,bet_ts) VALUES ('1275','5','380','1','1','1132227495');
insert into 5_tbl_bet (id,userID,game,bet1,bet2,bet_ts) VALUES ('1276','5','382','2','0','1132227495');
insert into 5_tbl_bet (id,userID,game,bet1,bet2,bet_ts) VALUES ('1277','5','384','0','1','1132227495');
insert into 5_tbl_bet (id,userID,game,bet1,bet2,bet_ts) VALUES ('1278','5','386','0','3','1132227495');
insert into 5_tbl_bet (id,userID,game,bet1,bet2,bet_ts) VALUES ('1279','5','388','3','2','1132227495');
insert into 5_tbl_bet (id,userID,game,bet1,bet2,bet_ts) VALUES ('1280','5','390','2','0','1132227495');
insert into 5_tbl_bet (id,userID,game,bet1,bet2,bet_ts) VALUES ('1281','5','392','1','2','1132227495');
insert into 5_tbl_bet (id,userID,game,bet1,bet2,bet_ts) VALUES ('1282','5','394','3','1','1132227495');
insert into 5_tbl_bet (id,userID,game,bet1,bet2,bet_ts) VALUES ('1283','5','395','2','1','1132227495');
insert into 5_tbl_bet (id,userID,game,bet1,bet2,bet_ts) VALUES ('1284','5','396','1','2','1132227495');
insert into 5_tbl_bet (id,userID,game,bet1,bet2,bet_ts) VALUES ('1285','2','376','1','3','1132301907');
insert into 5_tbl_bet (id,userID,game,bet1,bet2,bet_ts) VALUES ('1286','2','378','1','1','1132301907');
insert into 5_tbl_bet (id,userID,game,bet1,bet2,bet_ts) VALUES ('1287','2','380','1','2','1132301907');
insert into 5_tbl_bet (id,userID,game,bet1,bet2,bet_ts) VALUES ('1288','2','382','2','1','1132301907');
insert into 5_tbl_bet (id,userID,game,bet1,bet2,bet_ts) VALUES ('1289','2','384','2','1','1132301907');
insert into 5_tbl_bet (id,userID,game,bet1,bet2,bet_ts) VALUES ('1290','2','386','0','2','1132301907');
insert into 5_tbl_bet (id,userID,game,bet1,bet2,bet_ts) VALUES ('1291','2','388','3','1','1132301907');
insert into 5_tbl_bet (id,userID,game,bet1,bet2,bet_ts) VALUES ('1292','2','390','3','0','1132301907');
insert into 5_tbl_bet (id,userID,game,bet1,bet2,bet_ts) VALUES ('1293','2','392','1','0','1132301907');
insert into 5_tbl_bet (id,userID,game,bet1,bet2,bet_ts) VALUES ('1294','2','394','2','1','1132301907');
insert into 5_tbl_bet (id,userID,game,bet1,bet2,bet_ts) VALUES ('1295','2','395','2','0','1132301907');
insert into 5_tbl_bet (id,userID,game,bet1,bet2,bet_ts) VALUES ('1296','2','396','1','1','1132301907');
insert into 5_tbl_bet (id,userID,game,bet1,bet2,bet_ts) VALUES ('1297','3','376','2','2','1132310053');
insert into 5_tbl_bet (id,userID,game,bet1,bet2,bet_ts) VALUES ('1298','3','378','2','1','1132310053');
insert into 5_tbl_bet (id,userID,game,bet1,bet2,bet_ts) VALUES ('1299','3','380','1','0','1132310053');
insert into 5_tbl_bet (id,userID,game,bet1,bet2,bet_ts) VALUES ('1300','3','382','2','0','1132310053');
insert into 5_tbl_bet (id,userID,game,bet1,bet2,bet_ts) VALUES ('1301','3','384','1','2','1132310053');
insert into 5_tbl_bet (id,userID,game,bet1,bet2,bet_ts) VALUES ('1302','3','386','0','2','1132310053');
insert into 5_tbl_bet (id,userID,game,bet1,bet2,bet_ts) VALUES ('1303','3','388','3','1','1132310053');
insert into 5_tbl_bet (id,userID,game,bet1,bet2,bet_ts) VALUES ('1304','3','390','4','1','1132310053');
insert into 5_tbl_bet (id,userID,game,bet1,bet2,bet_ts) VALUES ('1305','3','392','2','0','1132310053');
insert into 5_tbl_bet (id,userID,game,bet1,bet2,bet_ts) VALUES ('1306','3','394','3','2','1132310053');
insert into 5_tbl_bet (id,userID,game,bet1,bet2,bet_ts) VALUES ('1307','3','395','2','1','1132310053');
insert into 5_tbl_bet (id,userID,game,bet1,bet2,bet_ts) VALUES ('1308','3','396','1','3','1132310053');
insert into 5_tbl_bet (id,userID,game,bet1,bet2,bet_ts) VALUES ('1333','4','376','0','1','1132313723');
insert into 5_tbl_bet (id,userID,game,bet1,bet2,bet_ts) VALUES ('1334','4','378','2','1','1132313723');
insert into 5_tbl_bet (id,userID,game,bet1,bet2,bet_ts) VALUES ('1335','4','380','1','1','1132313723');
insert into 5_tbl_bet (id,userID,game,bet1,bet2,bet_ts) VALUES ('1336','4','382','2','1','1132313723');
insert into 5_tbl_bet (id,userID,game,bet1,bet2,bet_ts) VALUES ('1337','4','384','1','0','1132313723');
insert into 5_tbl_bet (id,userID,game,bet1,bet2,bet_ts) VALUES ('1338','4','386','1','2','1132313723');
insert into 5_tbl_bet (id,userID,game,bet1,bet2,bet_ts) VALUES ('1339','4','388','2','1','1132313723');
insert into 5_tbl_bet (id,userID,game,bet1,bet2,bet_ts) VALUES ('1340','4','390','2','0','1132313723');
insert into 5_tbl_bet (id,userID,game,bet1,bet2,bet_ts) VALUES ('1341','4','392','1','1','1132313723');
insert into 5_tbl_bet (id,userID,game,bet1,bet2,bet_ts) VALUES ('1342','4','394','1','0','1132313723');
insert into 5_tbl_bet (id,userID,game,bet1,bet2,bet_ts) VALUES ('1343','4','395','2','1','1132313723');
insert into 5_tbl_bet (id,userID,game,bet1,bet2,bet_ts) VALUES ('1344','4','396','2','1','1132313723');
insert into 5_tbl_bet (id,userID,game,bet1,bet2,bet_ts) VALUES ('1645','4','397','1','0','1134127030');
insert into 5_tbl_bet (id,userID,game,bet1,bet2,bet_ts) VALUES ('1653','4','399','1','1','1134127030');
insert into 5_tbl_bet (id,userID,game,bet1,bet2,bet_ts) VALUES ('1646','4','401','2','0','1134127030');
insert into 5_tbl_bet (id,userID,game,bet1,bet2,bet_ts) VALUES ('1647','4','403','1','1','1134127030');
insert into 5_tbl_bet (id,userID,game,bet1,bet2,bet_ts) VALUES ('1648','4','405','2','0','1134127030');
insert into 5_tbl_bet (id,userID,game,bet1,bet2,bet_ts) VALUES ('1649','4','407','1','0','1134127030');
insert into 5_tbl_bet (id,userID,game,bet1,bet2,bet_ts) VALUES ('1650','4','409','1','1','1134127030');
insert into 5_tbl_bet (id,userID,game,bet1,bet2,bet_ts) VALUES ('1651','4','411','2','0','1134127030');
insert into 5_tbl_bet (id,userID,game,bet1,bet2,bet_ts) VALUES ('1652','4','413','2','1','1134127030');
insert into 5_tbl_bet (id,userID,game,bet1,bet2,bet_ts) VALUES ('1656','4','415','1','1','1134127030');
insert into 5_tbl_bet (id,userID,game,bet1,bet2,bet_ts) VALUES ('1654','4','416','1','0','1134127030');
insert into 5_tbl_bet (id,userID,game,bet1,bet2,bet_ts) VALUES ('1655','4','417','2','1','1134127030');
insert into 5_tbl_bet (id,userID,game,bet1,bet2,bet_ts) VALUES ('1345','1','376','1','1','1132331893');
insert into 5_tbl_bet (id,userID,game,bet1,bet2,bet_ts) VALUES ('1346','1','378','1','1','1132331893');
insert into 5_tbl_bet (id,userID,game,bet1,bet2,bet_ts) VALUES ('1347','1','380','1','2','1132331893');
insert into 5_tbl_bet (id,userID,game,bet1,bet2,bet_ts) VALUES ('1348','1','382','0','0','1132331893');
insert into 5_tbl_bet (id,userID,game,bet1,bet2,bet_ts) VALUES ('1349','1','384','1','0','1132331893');
insert into 5_tbl_bet (id,userID,game,bet1,bet2,bet_ts) VALUES ('1350','1','386','0','2','1132331893');
insert into 5_tbl_bet (id,userID,game,bet1,bet2,bet_ts) VALUES ('1351','1','388','4','1','1132331893');
insert into 5_tbl_bet (id,userID,game,bet1,bet2,bet_ts) VALUES ('1352','1','390','3','0','1132331893');
insert into 5_tbl_bet (id,userID,game,bet1,bet2,bet_ts) VALUES ('1353','1','392','1','1','1132331893');
insert into 5_tbl_bet (id,userID,game,bet1,bet2,bet_ts) VALUES ('1354','1','394','1','2','1132331893');
insert into 5_tbl_bet (id,userID,game,bet1,bet2,bet_ts) VALUES ('1355','1','395','1','0','1132331893');
insert into 5_tbl_bet (id,userID,game,bet1,bet2,bet_ts) VALUES ('1356','1','396','2','1','1132331893');
insert into 5_tbl_bet (id,userID,game,bet1,bet2,bet_ts) VALUES ('1357','7','376','1','4','1132345454');
insert into 5_tbl_bet (id,userID,game,bet1,bet2,bet_ts) VALUES ('1358','7','378','1','1','1132345454');
insert into 5_tbl_bet (id,userID,game,bet1,bet2,bet_ts) VALUES ('1359','7','380','2','3','1132345454');
insert into 5_tbl_bet (id,userID,game,bet1,bet2,bet_ts) VALUES ('1360','7','382','0','0','1132345454');
insert into 5_tbl_bet (id,userID,game,bet1,bet2,bet_ts) VALUES ('1361','7','384','2','1','1132345454');
insert into 5_tbl_bet (id,userID,game,bet1,bet2,bet_ts) VALUES ('1362','7','386','1','3','1132345454');
insert into 5_tbl_bet (id,userID,game,bet1,bet2,bet_ts) VALUES ('1363','7','388','2','0','1132345454');
insert into 5_tbl_bet (id,userID,game,bet1,bet2,bet_ts) VALUES ('1364','7','390','2','0','1132345454');
insert into 5_tbl_bet (id,userID,game,bet1,bet2,bet_ts) VALUES ('1365','7','392','1','1','1132345454');
insert into 5_tbl_bet (id,userID,game,bet1,bet2,bet_ts) VALUES ('1366','7','394','1','2','1132345454');
insert into 5_tbl_bet (id,userID,game,bet1,bet2,bet_ts) VALUES ('1367','7','395','2','1','1132345454');
insert into 5_tbl_bet (id,userID,game,bet1,bet2,bet_ts) VALUES ('1368','7','396','2','1','1132345454');
insert into 5_tbl_bet (id,userID,game,bet1,bet2,bet_ts) VALUES ('1369','6','376','1','2','1132408078');
insert into 5_tbl_bet (id,userID,game,bet1,bet2,bet_ts) VALUES ('1370','6','378','2','0','1132408078');
insert into 5_tbl_bet (id,userID,game,bet1,bet2,bet_ts) VALUES ('1371','6','380','2','1','1132408078');
insert into 5_tbl_bet (id,userID,game,bet1,bet2,bet_ts) VALUES ('1372','6','382','1','2','1132408078');
insert into 5_tbl_bet (id,userID,game,bet1,bet2,bet_ts) VALUES ('1373','6','384','1','0','1132408078');
insert into 5_tbl_bet (id,userID,game,bet1,bet2,bet_ts) VALUES ('1374','6','386','0','3','1132408078');
insert into 5_tbl_bet (id,userID,game,bet1,bet2,bet_ts) VALUES ('1375','6','388','2','0','1132408078');
insert into 5_tbl_bet (id,userID,game,bet1,bet2,bet_ts) VALUES ('1376','6','390','2','0','1132408078');
insert into 5_tbl_bet (id,userID,game,bet1,bet2,bet_ts) VALUES ('1377','6','392','2','0','1132408078');
insert into 5_tbl_bet (id,userID,game,bet1,bet2,bet_ts) VALUES ('1378','6','394','3','1','1132408078');
insert into 5_tbl_bet (id,userID,game,bet1,bet2,bet_ts) VALUES ('1379','6','395','2','0','1132408078');
insert into 5_tbl_bet (id,userID,game,bet1,bet2,bet_ts) VALUES ('1380','6','396','1','2','1132408078');
insert into 5_tbl_bet (id,userID,game,bet1,bet2,bet_ts) VALUES ('1381','2','397','1','1','1132910224');
insert into 5_tbl_bet (id,userID,game,bet1,bet2,bet_ts) VALUES ('1382','2','399','1','0','1132910224');
insert into 5_tbl_bet (id,userID,game,bet1,bet2,bet_ts) VALUES ('1383','2','401','2','2','1132910224');
insert into 5_tbl_bet (id,userID,game,bet1,bet2,bet_ts) VALUES ('1384','2','403','2','1','1132910224');
insert into 5_tbl_bet (id,userID,game,bet1,bet2,bet_ts) VALUES ('1385','2','405','3','0','1132910224');
insert into 5_tbl_bet (id,userID,game,bet1,bet2,bet_ts) VALUES ('1386','2','407','1','0','1132910224');
insert into 5_tbl_bet (id,userID,game,bet1,bet2,bet_ts) VALUES ('1387','2','409','1','1','1132910224');
insert into 5_tbl_bet (id,userID,game,bet1,bet2,bet_ts) VALUES ('1388','2','411','1','0','1132910224');
insert into 5_tbl_bet (id,userID,game,bet1,bet2,bet_ts) VALUES ('1389','2','413','0','0','1132910224');
insert into 5_tbl_bet (id,userID,game,bet1,bet2,bet_ts) VALUES ('1390','2','415','0','1','1132910224');
insert into 5_tbl_bet (id,userID,game,bet1,bet2,bet_ts) VALUES ('1391','2','416','2','1','1132910224');
insert into 5_tbl_bet (id,userID,game,bet1,bet2,bet_ts) VALUES ('1392','2','417','2','0','1132910224');
insert into 5_tbl_bet (id,userID,game,bet1,bet2,bet_ts) VALUES ('1393','1','397','1','1','1132911789');
insert into 5_tbl_bet (id,userID,game,bet1,bet2,bet_ts) VALUES ('1394','1','399','1','1','1132911789');
insert into 5_tbl_bet (id,userID,game,bet1,bet2,bet_ts) VALUES ('1395','1','401','1','1','1132911789');
insert into 5_tbl_bet (id,userID,game,bet1,bet2,bet_ts) VALUES ('1396','1','403','2','1','1132911789');
insert into 5_tbl_bet (id,userID,game,bet1,bet2,bet_ts) VALUES ('1397','1','405','4','0','1132911789');
insert into 5_tbl_bet (id,userID,game,bet1,bet2,bet_ts) VALUES ('1398','1','407','1','1','1132911789');
insert into 5_tbl_bet (id,userID,game,bet1,bet2,bet_ts) VALUES ('1399','1','409','1','1','1132911789');
insert into 5_tbl_bet (id,userID,game,bet1,bet2,bet_ts) VALUES ('1400','1','411','2','1','1132911789');
insert into 5_tbl_bet (id,userID,game,bet1,bet2,bet_ts) VALUES ('1401','1','413','2','1','1132911789');
insert into 5_tbl_bet (id,userID,game,bet1,bet2,bet_ts) VALUES ('1402','1','415','1','2','1132911789');
insert into 5_tbl_bet (id,userID,game,bet1,bet2,bet_ts) VALUES ('1403','1','416','1','0','1132911789');
insert into 5_tbl_bet (id,userID,game,bet1,bet2,bet_ts) VALUES ('1404','1','417','2','1','1132911789');
insert into 5_tbl_bet (id,userID,game,bet1,bet2,bet_ts) VALUES ('1441','6','397','1','2','1132921854');
insert into 5_tbl_bet (id,userID,game,bet1,bet2,bet_ts) VALUES ('1442','6','399','2','0','1132921854');
insert into 5_tbl_bet (id,userID,game,bet1,bet2,bet_ts) VALUES ('1443','6','401','1','3','1132921854');
insert into 5_tbl_bet (id,userID,game,bet1,bet2,bet_ts) VALUES ('1444','6','403','2','0','1132921854');
insert into 5_tbl_bet (id,userID,game,bet1,bet2,bet_ts) VALUES ('1445','6','405','1','0','1132921854');
insert into 5_tbl_bet (id,userID,game,bet1,bet2,bet_ts) VALUES ('1446','6','407','2','1','1132921854');
insert into 5_tbl_bet (id,userID,game,bet1,bet2,bet_ts) VALUES ('1447','6','409','1','1','1132921854');
insert into 5_tbl_bet (id,userID,game,bet1,bet2,bet_ts) VALUES ('1448','6','411','2','0','1132921854');
insert into 5_tbl_bet (id,userID,game,bet1,bet2,bet_ts) VALUES ('1449','6','413','2','1','1132921854');
insert into 5_tbl_bet (id,userID,game,bet1,bet2,bet_ts) VALUES ('1450','6','415','1','3','1132921854');
insert into 5_tbl_bet (id,userID,game,bet1,bet2,bet_ts) VALUES ('1451','6','416','2','0','1132921854');
insert into 5_tbl_bet (id,userID,game,bet1,bet2,bet_ts) VALUES ('1452','6','417','3','1','1132921854');
insert into 5_tbl_bet (id,userID,game,bet1,bet2,bet_ts) VALUES ('1453','3','397','3','2','1132922741');
insert into 5_tbl_bet (id,userID,game,bet1,bet2,bet_ts) VALUES ('1454','3','399','1','1','1132922741');
insert into 5_tbl_bet (id,userID,game,bet1,bet2,bet_ts) VALUES ('1455','3','401','2','1','1132922741');
insert into 5_tbl_bet (id,userID,game,bet1,bet2,bet_ts) VALUES ('1456','3','403','1','0','1132922741');
insert into 5_tbl_bet (id,userID,game,bet1,bet2,bet_ts) VALUES ('1457','3','405','4','1','1132922741');
insert into 5_tbl_bet (id,userID,game,bet1,bet2,bet_ts) VALUES ('1458','3','407','2','1','1132922741');
insert into 5_tbl_bet (id,userID,game,bet1,bet2,bet_ts) VALUES ('1459','3','409','2','1','1132922741');
insert into 5_tbl_bet (id,userID,game,bet1,bet2,bet_ts) VALUES ('1460','3','411','3','0','1132922741');
insert into 5_tbl_bet (id,userID,game,bet1,bet2,bet_ts) VALUES ('1461','3','413','1','2','1132922741');
insert into 5_tbl_bet (id,userID,game,bet1,bet2,bet_ts) VALUES ('1462','3','415','1','2','1132922741');
insert into 5_tbl_bet (id,userID,game,bet1,bet2,bet_ts) VALUES ('1463','3','416','1','0','1132922741');
insert into 5_tbl_bet (id,userID,game,bet1,bet2,bet_ts) VALUES ('1464','3','417','4','2','1132922741');
insert into 5_tbl_bet (id,userID,game,bet1,bet2,bet_ts) VALUES ('1705','7','397','1','1','1134144511');
insert into 5_tbl_bet (id,userID,game,bet1,bet2,bet_ts) VALUES ('1713','7','399','2','2','1134144511');
insert into 5_tbl_bet (id,userID,game,bet1,bet2,bet_ts) VALUES ('1706','7','401','2','1','1134144511');
insert into 5_tbl_bet (id,userID,game,bet1,bet2,bet_ts) VALUES ('1707','7','403','3','1','1134144511');
insert into 5_tbl_bet (id,userID,game,bet1,bet2,bet_ts) VALUES ('1708','7','405','3','1','1134144511');
insert into 5_tbl_bet (id,userID,game,bet1,bet2,bet_ts) VALUES ('1709','7','407','2','3','1134144511');
insert into 5_tbl_bet (id,userID,game,bet1,bet2,bet_ts) VALUES ('1710','7','409','1','1','1134144511');
insert into 5_tbl_bet (id,userID,game,bet1,bet2,bet_ts) VALUES ('1711','7','411','0','0','1134144511');
insert into 5_tbl_bet (id,userID,game,bet1,bet2,bet_ts) VALUES ('1712','7','413','1','2','1134144511');
insert into 5_tbl_bet (id,userID,game,bet1,bet2,bet_ts) VALUES ('1716','7','415','1','1','1134144511');
insert into 5_tbl_bet (id,userID,game,bet1,bet2,bet_ts) VALUES ('1714','7','416','-1','-1','1134144511');
insert into 5_tbl_bet (id,userID,game,bet1,bet2,bet_ts) VALUES ('1715','7','417','2','1','1134144511');
insert into 5_tbl_bet (id,userID,game,bet1,bet2,bet_ts) VALUES ('1477','5','397','-1','-1','1133338743');
insert into 5_tbl_bet (id,userID,game,bet1,bet2,bet_ts) VALUES ('1478','5','401','-1','-1','1133338743');
insert into 5_tbl_bet (id,userID,game,bet1,bet2,bet_ts) VALUES ('1479','5','403','-1','-1','1133338743');
insert into 5_tbl_bet (id,userID,game,bet1,bet2,bet_ts) VALUES ('1480','5','405','-1','-1','1133338743');
insert into 5_tbl_bet (id,userID,game,bet1,bet2,bet_ts) VALUES ('1481','5','407','-1','-1','1133338743');
insert into 5_tbl_bet (id,userID,game,bet1,bet2,bet_ts) VALUES ('1482','5','409','-1','-1','1133338743');
insert into 5_tbl_bet (id,userID,game,bet1,bet2,bet_ts) VALUES ('1483','5','411','-1','-1','1133338743');
insert into 5_tbl_bet (id,userID,game,bet1,bet2,bet_ts) VALUES ('1484','5','413','-1','-1','1133338743');
insert into 5_tbl_bet (id,userID,game,bet1,bet2,bet_ts) VALUES ('1485','5','399','2','1','1133338743');
insert into 5_tbl_bet (id,userID,game,bet1,bet2,bet_ts) VALUES ('1486','5','416','-1','-1','1133338743');
insert into 5_tbl_bet (id,userID,game,bet1,bet2,bet_ts) VALUES ('1487','5','417','-1','-1','1133338743');
insert into 5_tbl_bet (id,userID,game,bet1,bet2,bet_ts) VALUES ('1488','5','415','0','2','1133338743');
insert into 5_tbl_bet (id,userID,game,bet1,bet2,bet_ts) VALUES ('1669','2','418','2','0','1134132242');
insert into 5_tbl_bet (id,userID,game,bet1,bet2,bet_ts) VALUES ('1670','2','420','1','0','1134132242');
insert into 5_tbl_bet (id,userID,game,bet1,bet2,bet_ts) VALUES ('1671','2','422','2','1','1134132242');
insert into 5_tbl_bet (id,userID,game,bet1,bet2,bet_ts) VALUES ('1677','2','424','2','1','1134132242');
insert into 5_tbl_bet (id,userID,game,bet1,bet2,bet_ts) VALUES ('1672','2','426','1','2','1134132242');
insert into 5_tbl_bet (id,userID,game,bet1,bet2,bet_ts) VALUES ('1673','2','428','0','2','1134132242');
insert into 5_tbl_bet (id,userID,game,bet1,bet2,bet_ts) VALUES ('1674','2','430','2','1','1134132242');
insert into 5_tbl_bet (id,userID,game,bet1,bet2,bet_ts) VALUES ('1675','2','432','1','2','1134132242');
insert into 5_tbl_bet (id,userID,game,bet1,bet2,bet_ts) VALUES ('1676','2','434','2','1','1134132242');
insert into 5_tbl_bet (id,userID,game,bet1,bet2,bet_ts) VALUES ('1678','2','436','2','1','1134132242');
insert into 5_tbl_bet (id,userID,game,bet1,bet2,bet_ts) VALUES ('1679','2','437','3','1','1134132242');
insert into 5_tbl_bet (id,userID,game,bet1,bet2,bet_ts) VALUES ('1680','2','438','1','1','1134132242');
insert into 5_tbl_bet (id,userID,game,bet1,bet2,bet_ts) VALUES ('1501','5','418','3','1','1133349192');
insert into 5_tbl_bet (id,userID,game,bet1,bet2,bet_ts) VALUES ('1502','5','420','1','0','1133349192');
insert into 5_tbl_bet (id,userID,game,bet1,bet2,bet_ts) VALUES ('1503','5','422','1','2','1133349192');
insert into 5_tbl_bet (id,userID,game,bet1,bet2,bet_ts) VALUES ('1504','5','424','1','0','1133349192');
insert into 5_tbl_bet (id,userID,game,bet1,bet2,bet_ts) VALUES ('1505','5','426','2','1','1133349192');
insert into 5_tbl_bet (id,userID,game,bet1,bet2,bet_ts) VALUES ('1506','5','428','0','2','1133349192');
insert into 5_tbl_bet (id,userID,game,bet1,bet2,bet_ts) VALUES ('1507','5','430','4','1','1133349192');
insert into 5_tbl_bet (id,userID,game,bet1,bet2,bet_ts) VALUES ('1508','5','432','2','2','1133349192');
insert into 5_tbl_bet (id,userID,game,bet1,bet2,bet_ts) VALUES ('1509','5','434','2','1','1133349192');
insert into 5_tbl_bet (id,userID,game,bet1,bet2,bet_ts) VALUES ('1510','5','436','3','1','1133349192');
insert into 5_tbl_bet (id,userID,game,bet1,bet2,bet_ts) VALUES ('1511','5','437','1','0','1133349192');
insert into 5_tbl_bet (id,userID,game,bet1,bet2,bet_ts) VALUES ('1512','5','438','1','2','1133349192');
insert into 5_tbl_bet (id,userID,game,bet1,bet2,bet_ts) VALUES ('1525','1','418','2','0','1133509022');
insert into 5_tbl_bet (id,userID,game,bet1,bet2,bet_ts) VALUES ('1526','1','420','1','1','1133509022');
insert into 5_tbl_bet (id,userID,game,bet1,bet2,bet_ts) VALUES ('1527','1','422','2','2','1133509022');
insert into 5_tbl_bet (id,userID,game,bet1,bet2,bet_ts) VALUES ('1528','1','424','1','1','1133509022');
insert into 5_tbl_bet (id,userID,game,bet1,bet2,bet_ts) VALUES ('1529','1','426','1','2','1133509022');
insert into 5_tbl_bet (id,userID,game,bet1,bet2,bet_ts) VALUES ('1530','1','428','1','2','1133509022');
insert into 5_tbl_bet (id,userID,game,bet1,bet2,bet_ts) VALUES ('1531','1','430','3','1','1133509022');
insert into 5_tbl_bet (id,userID,game,bet1,bet2,bet_ts) VALUES ('1532','1','432','1','0','1133509022');
insert into 5_tbl_bet (id,userID,game,bet1,bet2,bet_ts) VALUES ('1533','1','434','1','1','1133509022');
insert into 5_tbl_bet (id,userID,game,bet1,bet2,bet_ts) VALUES ('1534','1','436','2','1','1133509022');
insert into 5_tbl_bet (id,userID,game,bet1,bet2,bet_ts) VALUES ('1535','1','437','4','0','1133509022');
insert into 5_tbl_bet (id,userID,game,bet1,bet2,bet_ts) VALUES ('1536','1','438','1','2','1133509022');
insert into 5_tbl_bet (id,userID,game,bet1,bet2,bet_ts) VALUES ('1549','4','418','2','0','1133523128');
insert into 5_tbl_bet (id,userID,game,bet1,bet2,bet_ts) VALUES ('1550','4','420','2','1','1133523128');
insert into 5_tbl_bet (id,userID,game,bet1,bet2,bet_ts) VALUES ('1551','4','422','1','0','1133523128');
insert into 5_tbl_bet (id,userID,game,bet1,bet2,bet_ts) VALUES ('1552','4','424','2','1','1133523128');
insert into 5_tbl_bet (id,userID,game,bet1,bet2,bet_ts) VALUES ('1553','4','426','1','2','1133523128');
insert into 5_tbl_bet (id,userID,game,bet1,bet2,bet_ts) VALUES ('1554','4','428','1','1','1133523128');
insert into 5_tbl_bet (id,userID,game,bet1,bet2,bet_ts) VALUES ('1555','4','430','3','1','1133523128');
insert into 5_tbl_bet (id,userID,game,bet1,bet2,bet_ts) VALUES ('1556','4','432','1','1','1133523128');
insert into 5_tbl_bet (id,userID,game,bet1,bet2,bet_ts) VALUES ('1557','4','434','2','1','1133523128');
insert into 5_tbl_bet (id,userID,game,bet1,bet2,bet_ts) VALUES ('1558','4','436','2','0','1133523128');
insert into 5_tbl_bet (id,userID,game,bet1,bet2,bet_ts) VALUES ('1559','4','437','1','1','1133523128');
insert into 5_tbl_bet (id,userID,game,bet1,bet2,bet_ts) VALUES ('1560','4','438','2','1','1133523128');
insert into 5_tbl_bet (id,userID,game,bet1,bet2,bet_ts) VALUES ('1681','3','418','3','0','1134139921');
insert into 5_tbl_bet (id,userID,game,bet1,bet2,bet_ts) VALUES ('1682','3','420','1','1','1134139921');
insert into 5_tbl_bet (id,userID,game,bet1,bet2,bet_ts) VALUES ('1683','3','422','1','2','1134139921');
insert into 5_tbl_bet (id,userID,game,bet1,bet2,bet_ts) VALUES ('1689','3','424','1','2','1134139921');
insert into 5_tbl_bet (id,userID,game,bet1,bet2,bet_ts) VALUES ('1684','3','426','0','1','1134139921');
insert into 5_tbl_bet (id,userID,game,bet1,bet2,bet_ts) VALUES ('1685','3','428','2','2','1134139921');
insert into 5_tbl_bet (id,userID,game,bet1,bet2,bet_ts) VALUES ('1686','3','430','3','1','1134139921');
insert into 5_tbl_bet (id,userID,game,bet1,bet2,bet_ts) VALUES ('1687','3','432','0','2','1134139921');
insert into 5_tbl_bet (id,userID,game,bet1,bet2,bet_ts) VALUES ('1688','3','434','3','1','1134139921');
insert into 5_tbl_bet (id,userID,game,bet1,bet2,bet_ts) VALUES ('1690','3','436','4','2','1134139921');
insert into 5_tbl_bet (id,userID,game,bet1,bet2,bet_ts) VALUES ('1691','3','437','2','1','1134139921');
insert into 5_tbl_bet (id,userID,game,bet1,bet2,bet_ts) VALUES ('1692','3','438','1','2','1134139921');
insert into 5_tbl_bet (id,userID,game,bet1,bet2,bet_ts) VALUES ('1585','7','418','3','1','1133549733');
insert into 5_tbl_bet (id,userID,game,bet1,bet2,bet_ts) VALUES ('1586','7','420','2','1','1133549733');
insert into 5_tbl_bet (id,userID,game,bet1,bet2,bet_ts) VALUES ('1587','7','422','3','2','1133549733');
insert into 5_tbl_bet (id,userID,game,bet1,bet2,bet_ts) VALUES ('1588','7','424','2','2','1133549733');
insert into 5_tbl_bet (id,userID,game,bet1,bet2,bet_ts) VALUES ('1589','7','426','1','1','1133549733');
insert into 5_tbl_bet (id,userID,game,bet1,bet2,bet_ts) VALUES ('1590','7','428','1','2','1133549733');
insert into 5_tbl_bet (id,userID,game,bet1,bet2,bet_ts) VALUES ('1591','7','430','4','0','1133549733');
insert into 5_tbl_bet (id,userID,game,bet1,bet2,bet_ts) VALUES ('1592','7','432','2','1','1133549733');
insert into 5_tbl_bet (id,userID,game,bet1,bet2,bet_ts) VALUES ('1593','7','434','2','1','1133549733');
insert into 5_tbl_bet (id,userID,game,bet1,bet2,bet_ts) VALUES ('1594','7','436','1','1','1133549733');
insert into 5_tbl_bet (id,userID,game,bet1,bet2,bet_ts) VALUES ('1595','7','437','2','0','1133549733');
insert into 5_tbl_bet (id,userID,game,bet1,bet2,bet_ts) VALUES ('1596','7','438','2','3','1133549733');
insert into 5_tbl_bet (id,userID,game,bet1,bet2,bet_ts) VALUES ('1597','6','418','2','0','1133612569');
insert into 5_tbl_bet (id,userID,game,bet1,bet2,bet_ts) VALUES ('1598','6','420','3','1','1133612569');
insert into 5_tbl_bet (id,userID,game,bet1,bet2,bet_ts) VALUES ('1599','6','422','1','0','1133612569');
insert into 5_tbl_bet (id,userID,game,bet1,bet2,bet_ts) VALUES ('1600','6','424','2','2','1133612569');
insert into 5_tbl_bet (id,userID,game,bet1,bet2,bet_ts) VALUES ('1601','6','426','0','2','1133612569');
insert into 5_tbl_bet (id,userID,game,bet1,bet2,bet_ts) VALUES ('1602','6','428','1','2','1133612569');
insert into 5_tbl_bet (id,userID,game,bet1,bet2,bet_ts) VALUES ('1603','6','430','2','0','1133612569');
insert into 5_tbl_bet (id,userID,game,bet1,bet2,bet_ts) VALUES ('1604','6','432','1','2','1133612569');
insert into 5_tbl_bet (id,userID,game,bet1,bet2,bet_ts) VALUES ('1605','6','434','0','1','1133612569');
insert into 5_tbl_bet (id,userID,game,bet1,bet2,bet_ts) VALUES ('1606','6','436','2','0','1133612569');
insert into 5_tbl_bet (id,userID,game,bet1,bet2,bet_ts) VALUES ('1607','6','437','1','2','1133612569');
insert into 5_tbl_bet (id,userID,game,bet1,bet2,bet_ts) VALUES ('1608','6','438','0','1','1133612569');
insert into 5_tbl_bet (id,userID,game,bet1,bet2,bet_ts) VALUES ('1621','2','439','2','0','1134057371');
insert into 5_tbl_bet (id,userID,game,bet1,bet2,bet_ts) VALUES ('1622','2','441','2','1','1134057371');
insert into 5_tbl_bet (id,userID,game,bet1,bet2,bet_ts) VALUES ('1623','2','443','2','1','1134057371');
insert into 5_tbl_bet (id,userID,game,bet1,bet2,bet_ts) VALUES ('1624','2','445','1','0','1134057371');
insert into 5_tbl_bet (id,userID,game,bet1,bet2,bet_ts) VALUES ('1625','2','447','1','1','1134057371');
insert into 5_tbl_bet (id,userID,game,bet1,bet2,bet_ts) VALUES ('1626','2','449','2','0','1134057371');
insert into 5_tbl_bet (id,userID,game,bet1,bet2,bet_ts) VALUES ('1627','2','451','1','1','1134057371');
insert into 5_tbl_bet (id,userID,game,bet1,bet2,bet_ts) VALUES ('1628','2','453','0','2','1134057371');
insert into 5_tbl_bet (id,userID,game,bet1,bet2,bet_ts) VALUES ('1629','2','455','3','0','1134057371');
insert into 5_tbl_bet (id,userID,game,bet1,bet2,bet_ts) VALUES ('1630','2','457','1','0','1134057371');
insert into 5_tbl_bet (id,userID,game,bet1,bet2,bet_ts) VALUES ('1631','2','458','1','1','1134057371');
insert into 5_tbl_bet (id,userID,game,bet1,bet2,bet_ts) VALUES ('1632','2','459','2','1','1134057371');
insert into 5_tbl_bet (id,userID,game,bet1,bet2,bet_ts) VALUES ('1657','4','439','1','1','1134127272');
insert into 5_tbl_bet (id,userID,game,bet1,bet2,bet_ts) VALUES ('1658','4','441','1','1','1134127272');
insert into 5_tbl_bet (id,userID,game,bet1,bet2,bet_ts) VALUES ('1659','4','443','2','0','1134127272');
insert into 5_tbl_bet (id,userID,game,bet1,bet2,bet_ts) VALUES ('1660','4','445','1','1','1134127272');
insert into 5_tbl_bet (id,userID,game,bet1,bet2,bet_ts) VALUES ('1661','4','447','1','2','1134127272');
insert into 5_tbl_bet (id,userID,game,bet1,bet2,bet_ts) VALUES ('1662','4','449','2','1','1134127272');
insert into 5_tbl_bet (id,userID,game,bet1,bet2,bet_ts) VALUES ('1663','4','451','1','0','1134127272');
insert into 5_tbl_bet (id,userID,game,bet1,bet2,bet_ts) VALUES ('1664','4','453','1','2','1134127272');
insert into 5_tbl_bet (id,userID,game,bet1,bet2,bet_ts) VALUES ('1665','4','455','3','0','1134127272');
insert into 5_tbl_bet (id,userID,game,bet1,bet2,bet_ts) VALUES ('1666','4','457','2','1','1134127272');
insert into 5_tbl_bet (id,userID,game,bet1,bet2,bet_ts) VALUES ('1667','4','458','2','1','1134127272');
insert into 5_tbl_bet (id,userID,game,bet1,bet2,bet_ts) VALUES ('1668','4','459','2','0','1134127272');
insert into 5_tbl_bet (id,userID,game,bet1,bet2,bet_ts) VALUES ('1693','3','439','2','1','1134140001');
insert into 5_tbl_bet (id,userID,game,bet1,bet2,bet_ts) VALUES ('1694','3','441','1','0','1134140001');
insert into 5_tbl_bet (id,userID,game,bet1,bet2,bet_ts) VALUES ('1695','3','443','2','0','1134140001');
insert into 5_tbl_bet (id,userID,game,bet1,bet2,bet_ts) VALUES ('1696','3','445','1','2','1134140001');
insert into 5_tbl_bet (id,userID,game,bet1,bet2,bet_ts) VALUES ('1697','3','447','3','1','1134140001');
insert into 5_tbl_bet (id,userID,game,bet1,bet2,bet_ts) VALUES ('1698','3','449','3','1','1134140001');
insert into 5_tbl_bet (id,userID,game,bet1,bet2,bet_ts) VALUES ('1699','3','451','1','1','1134140001');
insert into 5_tbl_bet (id,userID,game,bet1,bet2,bet_ts) VALUES ('1700','3','453','2','2','1134140001');
insert into 5_tbl_bet (id,userID,game,bet1,bet2,bet_ts) VALUES ('1701','3','455','4','1','1134140001');
insert into 5_tbl_bet (id,userID,game,bet1,bet2,bet_ts) VALUES ('1702','3','457','0','0','1134140001');
insert into 5_tbl_bet (id,userID,game,bet1,bet2,bet_ts) VALUES ('1703','3','458','1','2','1134140001');
insert into 5_tbl_bet (id,userID,game,bet1,bet2,bet_ts) VALUES ('1704','3','459','3','1','1134140001');
insert into 5_tbl_bet (id,userID,game,bet1,bet2,bet_ts) VALUES ('1717','7','439','2','1','1134144635');
insert into 5_tbl_bet (id,userID,game,bet1,bet2,bet_ts) VALUES ('1718','7','441','1','1','1134144635');
insert into 5_tbl_bet (id,userID,game,bet1,bet2,bet_ts) VALUES ('1719','7','443','1','0','1134144635');
insert into 5_tbl_bet (id,userID,game,bet1,bet2,bet_ts) VALUES ('1720','7','445','3','0','1134144635');
insert into 5_tbl_bet (id,userID,game,bet1,bet2,bet_ts) VALUES ('1721','7','447','2','2','1134144635');
insert into 5_tbl_bet (id,userID,game,bet1,bet2,bet_ts) VALUES ('1722','7','449','1','1','1134144635');
insert into 5_tbl_bet (id,userID,game,bet1,bet2,bet_ts) VALUES ('1723','7','451','2','3','1134144635');
insert into 5_tbl_bet (id,userID,game,bet1,bet2,bet_ts) VALUES ('1724','7','453','1','2','1134144635');
insert into 5_tbl_bet (id,userID,game,bet1,bet2,bet_ts) VALUES ('1725','7','455','3','0','1134144635');
insert into 5_tbl_bet (id,userID,game,bet1,bet2,bet_ts) VALUES ('1726','7','457','2','1','1134144635');
insert into 5_tbl_bet (id,userID,game,bet1,bet2,bet_ts) VALUES ('1727','7','458','1','1','1134144635');
insert into 5_tbl_bet (id,userID,game,bet1,bet2,bet_ts) VALUES ('1728','7','459','2','0','1134144635');
insert into 5_tbl_bet (id,userID,game,bet1,bet2,bet_ts) VALUES ('1729','1','439','1','0','1134149598');
insert into 5_tbl_bet (id,userID,game,bet1,bet2,bet_ts) VALUES ('1730','1','441','1','2','1134149598');
insert into 5_tbl_bet (id,userID,game,bet1,bet2,bet_ts) VALUES ('1731','1','443','2','1','1134149598');
insert into 5_tbl_bet (id,userID,game,bet1,bet2,bet_ts) VALUES ('1732','1','445','2','1','1134149598');
insert into 5_tbl_bet (id,userID,game,bet1,bet2,bet_ts) VALUES ('1733','1','447','1','1','1134149598');
insert into 5_tbl_bet (id,userID,game,bet1,bet2,bet_ts) VALUES ('1734','1','449','3','1','1134149598');
insert into 5_tbl_bet (id,userID,game,bet1,bet2,bet_ts) VALUES ('1735','1','451','2','1','1134149598');
insert into 5_tbl_bet (id,userID,game,bet1,bet2,bet_ts) VALUES ('1736','1','453','1','2','1134149598');
insert into 5_tbl_bet (id,userID,game,bet1,bet2,bet_ts) VALUES ('1737','1','455','4','0','1134149598');
insert into 5_tbl_bet (id,userID,game,bet1,bet2,bet_ts) VALUES ('1738','1','457','-1','-1','1134149598');
insert into 5_tbl_bet (id,userID,game,bet1,bet2,bet_ts) VALUES ('1739','1','458','-1','-1','1134149598');
insert into 5_tbl_bet (id,userID,game,bet1,bet2,bet_ts) VALUES ('1740','1','459','2','1','1134149598');
insert into 5_tbl_bet (id,userID,game,bet1,bet2,bet_ts) VALUES ('1741','5','460','2','1','1134558168');
insert into 5_tbl_bet (id,userID,game,bet1,bet2,bet_ts) VALUES ('1742','5','462','3','1','1134558168');
insert into 5_tbl_bet (id,userID,game,bet1,bet2,bet_ts) VALUES ('1743','5','464','2','0','1134558168');
insert into 5_tbl_bet (id,userID,game,bet1,bet2,bet_ts) VALUES ('1744','5','466','1','3','1134558168');
insert into 5_tbl_bet (id,userID,game,bet1,bet2,bet_ts) VALUES ('1745','5','468','0','2','1134558168');
insert into 5_tbl_bet (id,userID,game,bet1,bet2,bet_ts) VALUES ('1746','5','470','1','1','1134558168');
insert into 5_tbl_bet (id,userID,game,bet1,bet2,bet_ts) VALUES ('1747','5','472','0','3','1134558168');
insert into 5_tbl_bet (id,userID,game,bet1,bet2,bet_ts) VALUES ('1748','5','474','1','0','1134558168');
insert into 5_tbl_bet (id,userID,game,bet1,bet2,bet_ts) VALUES ('1749','5','476','2','1','1134558168');
insert into 5_tbl_bet (id,userID,game,bet1,bet2,bet_ts) VALUES ('1750','5','478','3','1','1134558168');
insert into 5_tbl_bet (id,userID,game,bet1,bet2,bet_ts) VALUES ('1751','5','479','1','2','1134558168');
insert into 5_tbl_bet (id,userID,game,bet1,bet2,bet_ts) VALUES ('1752','5','480','2','1','1134558168');
insert into 5_tbl_bet (id,userID,game,bet1,bet2,bet_ts) VALUES ('1837','2','460','2','1','1134931993');
insert into 5_tbl_bet (id,userID,game,bet1,bet2,bet_ts) VALUES ('1838','2','462','1','1','1134931993');
insert into 5_tbl_bet (id,userID,game,bet1,bet2,bet_ts) VALUES ('1839','2','464','1','2','1134931993');
insert into 5_tbl_bet (id,userID,game,bet1,bet2,bet_ts) VALUES ('1840','2','466','1','0','1134931993');
insert into 5_tbl_bet (id,userID,game,bet1,bet2,bet_ts) VALUES ('1841','2','468','1','2','1134931993');
insert into 5_tbl_bet (id,userID,game,bet1,bet2,bet_ts) VALUES ('1842','2','470','2','0','1134931993');
insert into 5_tbl_bet (id,userID,game,bet1,bet2,bet_ts) VALUES ('1843','2','472','2','1','1134931993');
insert into 5_tbl_bet (id,userID,game,bet1,bet2,bet_ts) VALUES ('1844','2','474','2','1','1134931993');
insert into 5_tbl_bet (id,userID,game,bet1,bet2,bet_ts) VALUES ('1845','2','476','2','2','1134931993');
insert into 5_tbl_bet (id,userID,game,bet1,bet2,bet_ts) VALUES ('1846','2','478','1','0','1134931993');
insert into 5_tbl_bet (id,userID,game,bet1,bet2,bet_ts) VALUES ('1847','2','479','1','1','1134931993');
insert into 5_tbl_bet (id,userID,game,bet1,bet2,bet_ts) VALUES ('1848','2','480','2','1','1134931993');
insert into 5_tbl_bet (id,userID,game,bet1,bet2,bet_ts) VALUES ('1765','7','460','2','0','1134731661');
insert into 5_tbl_bet (id,userID,game,bet1,bet2,bet_ts) VALUES ('1766','7','462','1','1','1134731661');
insert into 5_tbl_bet (id,userID,game,bet1,bet2,bet_ts) VALUES ('1767','7','464','1','1','1134731661');
insert into 5_tbl_bet (id,userID,game,bet1,bet2,bet_ts) VALUES ('1768','7','466','2','3','1134731661');
insert into 5_tbl_bet (id,userID,game,bet1,bet2,bet_ts) VALUES ('1769','7','468','2','2','1134731661');
insert into 5_tbl_bet (id,userID,game,bet1,bet2,bet_ts) VALUES ('1770','7','470','2','1','1134731661');
insert into 5_tbl_bet (id,userID,game,bet1,bet2,bet_ts) VALUES ('1771','7','472','2','1','1134731661');
insert into 5_tbl_bet (id,userID,game,bet1,bet2,bet_ts) VALUES ('1772','7','474','3','0','1134731661');
insert into 5_tbl_bet (id,userID,game,bet1,bet2,bet_ts) VALUES ('1773','7','476','3','3','1134731661');
insert into 5_tbl_bet (id,userID,game,bet1,bet2,bet_ts) VALUES ('1774','7','478','3','1','1134731661');
insert into 5_tbl_bet (id,userID,game,bet1,bet2,bet_ts) VALUES ('1775','7','479','0','2','1134731661');
insert into 5_tbl_bet (id,userID,game,bet1,bet2,bet_ts) VALUES ('1776','7','480','1','2','1134731661');
insert into 5_tbl_bet (id,userID,game,bet1,bet2,bet_ts) VALUES ('1777','4','460','2','2','1134735386');
insert into 5_tbl_bet (id,userID,game,bet1,bet2,bet_ts) VALUES ('1778','4','462','2','1','1134735386');
insert into 5_tbl_bet (id,userID,game,bet1,bet2,bet_ts) VALUES ('1779','4','464','1','2','1134735386');
insert into 5_tbl_bet (id,userID,game,bet1,bet2,bet_ts) VALUES ('1780','4','466','2','1','1134735386');
insert into 5_tbl_bet (id,userID,game,bet1,bet2,bet_ts) VALUES ('1781','4','468','2','1','1134735386');
insert into 5_tbl_bet (id,userID,game,bet1,bet2,bet_ts) VALUES ('1782','4','470','2','1','1134735386');
insert into 5_tbl_bet (id,userID,game,bet1,bet2,bet_ts) VALUES ('1783','4','472','2','1','1134735386');
insert into 5_tbl_bet (id,userID,game,bet1,bet2,bet_ts) VALUES ('1784','4','474','2','1','1134735386');
insert into 5_tbl_bet (id,userID,game,bet1,bet2,bet_ts) VALUES ('1785','4','476','1','1','1134735386');
insert into 5_tbl_bet (id,userID,game,bet1,bet2,bet_ts) VALUES ('1786','4','478','1','0','1134735386');
insert into 5_tbl_bet (id,userID,game,bet1,bet2,bet_ts) VALUES ('1787','4','479','2','1','1134735386');
insert into 5_tbl_bet (id,userID,game,bet1,bet2,bet_ts) VALUES ('1788','4','480','0','1','1134735386');
insert into 5_tbl_bet (id,userID,game,bet1,bet2,bet_ts) VALUES ('1789','3','460','2','1','1134738574');
insert into 5_tbl_bet (id,userID,game,bet1,bet2,bet_ts) VALUES ('1790','3','462','1','0','1134738574');
insert into 5_tbl_bet (id,userID,game,bet1,bet2,bet_ts) VALUES ('1791','3','464','1','2','1134738574');
insert into 5_tbl_bet (id,userID,game,bet1,bet2,bet_ts) VALUES ('1792','3','466','3','1','1134738574');
insert into 5_tbl_bet (id,userID,game,bet1,bet2,bet_ts) VALUES ('1793','3','468','1','0','1134738574');
insert into 5_tbl_bet (id,userID,game,bet1,bet2,bet_ts) VALUES ('1794','3','470','2','1','1134738574');
insert into 5_tbl_bet (id,userID,game,bet1,bet2,bet_ts) VALUES ('1795','3','472','1','2','1134738574');
insert into 5_tbl_bet (id,userID,game,bet1,bet2,bet_ts) VALUES ('1796','3','474','3','1','1134738574');
insert into 5_tbl_bet (id,userID,game,bet1,bet2,bet_ts) VALUES ('1797','3','476','4','2','1134738574');
insert into 5_tbl_bet (id,userID,game,bet1,bet2,bet_ts) VALUES ('1798','3','478','1','0','1134738574');
insert into 5_tbl_bet (id,userID,game,bet1,bet2,bet_ts) VALUES ('1799','3','479','1','1','1134738574');
insert into 5_tbl_bet (id,userID,game,bet1,bet2,bet_ts) VALUES ('1800','3','480','1','3','1134738574');
insert into 5_tbl_bet (id,userID,game,bet1,bet2,bet_ts) VALUES ('1801','6','460','2','0','1134754673');
insert into 5_tbl_bet (id,userID,game,bet1,bet2,bet_ts) VALUES ('1802','6','462','1','2','1134754673');
insert into 5_tbl_bet (id,userID,game,bet1,bet2,bet_ts) VALUES ('1803','6','464','0','2','1134754673');
insert into 5_tbl_bet (id,userID,game,bet1,bet2,bet_ts) VALUES ('1804','6','466','2','1','1134754673');
insert into 5_tbl_bet (id,userID,game,bet1,bet2,bet_ts) VALUES ('1805','6','468','1','3','1134754673');
insert into 5_tbl_bet (id,userID,game,bet1,bet2,bet_ts) VALUES ('1806','6','470','2','0','1134754673');
insert into 5_tbl_bet (id,userID,game,bet1,bet2,bet_ts) VALUES ('1807','6','472','2','0','1134754673');
insert into 5_tbl_bet (id,userID,game,bet1,bet2,bet_ts) VALUES ('1808','6','474','3','1','1134754673');
insert into 5_tbl_bet (id,userID,game,bet1,bet2,bet_ts) VALUES ('1809','6','476','3','2','1134754673');
insert into 5_tbl_bet (id,userID,game,bet1,bet2,bet_ts) VALUES ('1810','6','478','-1','-1','1134754673');
insert into 5_tbl_bet (id,userID,game,bet1,bet2,bet_ts) VALUES ('1811','6','479','1','2','1134754673');
insert into 5_tbl_bet (id,userID,game,bet1,bet2,bet_ts) VALUES ('1812','6','480','2','0','1134754673');
insert into 5_tbl_bet (id,userID,game,bet1,bet2,bet_ts) VALUES ('1885','1','460','2','2','1137761282');
insert into 5_tbl_bet (id,userID,game,bet1,bet2,bet_ts) VALUES ('1886','1','462','1','1','1137761282');
insert into 5_tbl_bet (id,userID,game,bet1,bet2,bet_ts) VALUES ('1887','1','464','0','2','1137761282');
insert into 5_tbl_bet (id,userID,game,bet1,bet2,bet_ts) VALUES ('1888','1','466','0','0','1137761282');
insert into 5_tbl_bet (id,userID,game,bet1,bet2,bet_ts) VALUES ('1889','1','468','2','1','1137761282');
insert into 5_tbl_bet (id,userID,game,bet1,bet2,bet_ts) VALUES ('1890','1','470','2','1','1137761282');
insert into 5_tbl_bet (id,userID,game,bet1,bet2,bet_ts) VALUES ('1891','1','472','1','1','1137761282');
insert into 5_tbl_bet (id,userID,game,bet1,bet2,bet_ts) VALUES ('1892','1','474','3','1','1137761282');
insert into 5_tbl_bet (id,userID,game,bet1,bet2,bet_ts) VALUES ('1893','1','476','2','2','1137761282');
insert into 5_tbl_bet (id,userID,game,bet1,bet2,bet_ts) VALUES ('1894','1','478','-1','-1','1137761282');
insert into 5_tbl_bet (id,userID,game,bet1,bet2,bet_ts) VALUES ('1895','1','479','0','0','1137761282');
insert into 5_tbl_bet (id,userID,game,bet1,bet2,bet_ts) VALUES ('1896','1','480','1','1','1137761282');
insert into 5_tbl_bet (id,userID,game,bet1,bet2,bet_ts) VALUES ('1957','2','481','1','2','1138272723');
insert into 5_tbl_bet (id,userID,game,bet1,bet2,bet_ts) VALUES ('1958','2','482','1','3','1138272723');
insert into 5_tbl_bet (id,userID,game,bet1,bet2,bet_ts) VALUES ('1959','2','483','2','0','1138272723');
insert into 5_tbl_bet (id,userID,game,bet1,bet2,bet_ts) VALUES ('1960','2','484','1','0','1138272723');
insert into 5_tbl_bet (id,userID,game,bet1,bet2,bet_ts) VALUES ('1961','2','485','2','1','1138272723');
insert into 5_tbl_bet (id,userID,game,bet1,bet2,bet_ts) VALUES ('1962','2','486','2','2','1138272723');
insert into 5_tbl_bet (id,userID,game,bet1,bet2,bet_ts) VALUES ('1963','2','489','1','1','1138272723');
insert into 5_tbl_bet (id,userID,game,bet1,bet2,bet_ts) VALUES ('1964','2','487','1','3','1138272723');
insert into 5_tbl_bet (id,userID,game,bet1,bet2,bet_ts) VALUES ('1965','2','488','1','3','1138272723');
insert into 5_tbl_bet (id,userID,game,bet1,bet2,bet_ts) VALUES ('1966','2','490','1','1','1138272723');
insert into 5_tbl_bet (id,userID,game,bet1,bet2,bet_ts) VALUES ('1968','2','491','1','3','1138272723');
insert into 5_tbl_bet (id,userID,game,bet1,bet2,bet_ts) VALUES ('1967','2','492','1','2','1138272723');
insert into 5_tbl_bet (id,userID,game,bet1,bet2,bet_ts) VALUES ('2017','4','481','1','2','1138360834');
insert into 5_tbl_bet (id,userID,game,bet1,bet2,bet_ts) VALUES ('2018','4','482','0','1','1138360834');
insert into 5_tbl_bet (id,userID,game,bet1,bet2,bet_ts) VALUES ('2019','4','483','2','1','1138360834');
insert into 5_tbl_bet (id,userID,game,bet1,bet2,bet_ts) VALUES ('2020','4','484','3','1','1138360834');
insert into 5_tbl_bet (id,userID,game,bet1,bet2,bet_ts) VALUES ('2021','4','485','2','1','1138360834');
insert into 5_tbl_bet (id,userID,game,bet1,bet2,bet_ts) VALUES ('2022','4','486','2','1','1138360834');
insert into 5_tbl_bet (id,userID,game,bet1,bet2,bet_ts) VALUES ('2023','4','489','1','1','1138360834');
insert into 5_tbl_bet (id,userID,game,bet1,bet2,bet_ts) VALUES ('2024','4','487','1','2','1138360834');
insert into 5_tbl_bet (id,userID,game,bet1,bet2,bet_ts) VALUES ('2025','4','488','1','1','1138360834');
insert into 5_tbl_bet (id,userID,game,bet1,bet2,bet_ts) VALUES ('2026','4','490','0','1','1138360834');
insert into 5_tbl_bet (id,userID,game,bet1,bet2,bet_ts) VALUES ('2028','4','491','1','1','1138360834');
insert into 5_tbl_bet (id,userID,game,bet1,bet2,bet_ts) VALUES ('2027','4','492','1','0','1138360834');
insert into 5_tbl_bet (id,userID,game,bet1,bet2,bet_ts) VALUES ('1993','7','481','1','2','1138289542');
insert into 5_tbl_bet (id,userID,game,bet1,bet2,bet_ts) VALUES ('1994','7','482','2','3','1138289542');
insert into 5_tbl_bet (id,userID,game,bet1,bet2,bet_ts) VALUES ('1995','7','483','2','1','1138289542');
insert into 5_tbl_bet (id,userID,game,bet1,bet2,bet_ts) VALUES ('1996','7','484','2','0','1138289542');
insert into 5_tbl_bet (id,userID,game,bet1,bet2,bet_ts) VALUES ('1997','7','485','3','1','1138289542');
insert into 5_tbl_bet (id,userID,game,bet1,bet2,bet_ts) VALUES ('1998','7','486','2','0','1138289542');
insert into 5_tbl_bet (id,userID,game,bet1,bet2,bet_ts) VALUES ('1999','7','489','1','1','1138289542');
insert into 5_tbl_bet (id,userID,game,bet1,bet2,bet_ts) VALUES ('2000','7','487','1','2','1138289542');
insert into 5_tbl_bet (id,userID,game,bet1,bet2,bet_ts) VALUES ('2001','7','488','0','3','1138289542');
insert into 5_tbl_bet (id,userID,game,bet1,bet2,bet_ts) VALUES ('2002','7','490','2','2','1138289542');
insert into 5_tbl_bet (id,userID,game,bet1,bet2,bet_ts) VALUES ('2004','7','491','1','2','1138289542');
insert into 5_tbl_bet (id,userID,game,bet1,bet2,bet_ts) VALUES ('2003','7','492','0','1','1138289542');
insert into 5_tbl_bet (id,userID,game,bet1,bet2,bet_ts) VALUES ('1969','5','481','2','1','1138277019');
insert into 5_tbl_bet (id,userID,game,bet1,bet2,bet_ts) VALUES ('1970','5','482','1','2','1138277019');
insert into 5_tbl_bet (id,userID,game,bet1,bet2,bet_ts) VALUES ('1971','5','483','0','2','1138277019');
insert into 5_tbl_bet (id,userID,game,bet1,bet2,bet_ts) VALUES ('1972','5','484','3','1','1138277019');
insert into 5_tbl_bet (id,userID,game,bet1,bet2,bet_ts) VALUES ('1973','5','485','1','0','1138277019');
insert into 5_tbl_bet (id,userID,game,bet1,bet2,bet_ts) VALUES ('1974','5','486','2','1','1138277019');
insert into 5_tbl_bet (id,userID,game,bet1,bet2,bet_ts) VALUES ('1975','5','489','3','1','1138277019');
insert into 5_tbl_bet (id,userID,game,bet1,bet2,bet_ts) VALUES ('1976','5','487','1','3','1138277019');
insert into 5_tbl_bet (id,userID,game,bet1,bet2,bet_ts) VALUES ('1977','5','488','1','2','1138277019');
insert into 5_tbl_bet (id,userID,game,bet1,bet2,bet_ts) VALUES ('1978','5','490','0','2','1138277019');
insert into 5_tbl_bet (id,userID,game,bet1,bet2,bet_ts) VALUES ('1980','5','491','3','1','1138277019');
insert into 5_tbl_bet (id,userID,game,bet1,bet2,bet_ts) VALUES ('1979','5','492','1','2','1138277019');
insert into 5_tbl_bet (id,userID,game,bet1,bet2,bet_ts) VALUES ('2089','6','481','0','2','1138378091');
insert into 5_tbl_bet (id,userID,game,bet1,bet2,bet_ts) VALUES ('2090','6','482','2','0','1138378091');
insert into 5_tbl_bet (id,userID,game,bet1,bet2,bet_ts) VALUES ('2091','6','483','2','0','1138378091');
insert into 5_tbl_bet (id,userID,game,bet1,bet2,bet_ts) VALUES ('2092','6','484','1','1','1138378091');
insert into 5_tbl_bet (id,userID,game,bet1,bet2,bet_ts) VALUES ('2093','6','485','2','1','1138378091');
insert into 5_tbl_bet (id,userID,game,bet1,bet2,bet_ts) VALUES ('2094','6','486','2','0','1138378091');
insert into 5_tbl_bet (id,userID,game,bet1,bet2,bet_ts) VALUES ('2095','6','489','1','2','1138378091');
insert into 5_tbl_bet (id,userID,game,bet1,bet2,bet_ts) VALUES ('2096','6','487','2','0','1138378091');
insert into 5_tbl_bet (id,userID,game,bet1,bet2,bet_ts) VALUES ('2097','6','488','1','3','1138378091');
insert into 5_tbl_bet (id,userID,game,bet1,bet2,bet_ts) VALUES ('2098','6','490','2','0','1138378091');
insert into 5_tbl_bet (id,userID,game,bet1,bet2,bet_ts) VALUES ('2100','6','491','2','0','1138378091');
insert into 5_tbl_bet (id,userID,game,bet1,bet2,bet_ts) VALUES ('2099','6','492','1','2','1138378091');
insert into 5_tbl_bet (id,userID,game,bet1,bet2,bet_ts) VALUES ('2077','1','481','1','0','1138365327');
insert into 5_tbl_bet (id,userID,game,bet1,bet2,bet_ts) VALUES ('2078','1','482','1','1','1138365327');
insert into 5_tbl_bet (id,userID,game,bet1,bet2,bet_ts) VALUES ('2079','1','483','1','1','1138365327');
insert into 5_tbl_bet (id,userID,game,bet1,bet2,bet_ts) VALUES ('2080','1','484','1','1','1138365327');
insert into 5_tbl_bet (id,userID,game,bet1,bet2,bet_ts) VALUES ('2081','1','485','2','1','1138365327');
insert into 5_tbl_bet (id,userID,game,bet1,bet2,bet_ts) VALUES ('2082','1','486','1','1','1138365327');
insert into 5_tbl_bet (id,userID,game,bet1,bet2,bet_ts) VALUES ('2083','1','489','2','1','1138365327');
insert into 5_tbl_bet (id,userID,game,bet1,bet2,bet_ts) VALUES ('2084','1','487','1','2','1138365327');
insert into 5_tbl_bet (id,userID,game,bet1,bet2,bet_ts) VALUES ('2085','1','488','2','2','1138365327');
insert into 5_tbl_bet (id,userID,game,bet1,bet2,bet_ts) VALUES ('2086','1','490','1','1','1138365327');
insert into 5_tbl_bet (id,userID,game,bet1,bet2,bet_ts) VALUES ('2088','1','491','0','0','1138365327');
insert into 5_tbl_bet (id,userID,game,bet1,bet2,bet_ts) VALUES ('2087','1','492','1','2','1138365327');
insert into 5_tbl_bet (id,userID,game,bet1,bet2,bet_ts) VALUES ('2053','3','481','1','2','1138363974');
insert into 5_tbl_bet (id,userID,game,bet1,bet2,bet_ts) VALUES ('2054','3','482','1','1','1138363974');
insert into 5_tbl_bet (id,userID,game,bet1,bet2,bet_ts) VALUES ('2055','3','483','3','1','1138363974');
insert into 5_tbl_bet (id,userID,game,bet1,bet2,bet_ts) VALUES ('2056','3','484','2','0','1138363974');
insert into 5_tbl_bet (id,userID,game,bet1,bet2,bet_ts) VALUES ('2057','3','485','2','0','1138363974');
insert into 5_tbl_bet (id,userID,game,bet1,bet2,bet_ts) VALUES ('2058','3','486','3','2','1138363974');
insert into 5_tbl_bet (id,userID,game,bet1,bet2,bet_ts) VALUES ('2059','3','489','2','2','1138363974');
insert into 5_tbl_bet (id,userID,game,bet1,bet2,bet_ts) VALUES ('2060','3','487','1','2','1138363974');
insert into 5_tbl_bet (id,userID,game,bet1,bet2,bet_ts) VALUES ('2061','3','488','2','1','1138363974');
insert into 5_tbl_bet (id,userID,game,bet1,bet2,bet_ts) VALUES ('2062','3','490','-1','-1','1138363974');
insert into 5_tbl_bet (id,userID,game,bet1,bet2,bet_ts) VALUES ('2064','3','491','1','1','1138363974');
insert into 5_tbl_bet (id,userID,game,bet1,bet2,bet_ts) VALUES ('2063','3','492','2','1','1138363974');
insert into 5_tbl_bet (id,userID,game,bet1,bet2,bet_ts) VALUES ('1981','5','493','-1','-1','1138277090');
insert into 5_tbl_bet (id,userID,game,bet1,bet2,bet_ts) VALUES ('1982','5','494','-1','-1','1138277090');
insert into 5_tbl_bet (id,userID,game,bet1,bet2,bet_ts) VALUES ('1983','5','496','-1','-1','1138277090');
insert into 5_tbl_bet (id,userID,game,bet1,bet2,bet_ts) VALUES ('1984','5','497','-1','-1','1138277090');
insert into 5_tbl_bet (id,userID,game,bet1,bet2,bet_ts) VALUES ('1985','5','498','-1','-1','1138277090');
insert into 5_tbl_bet (id,userID,game,bet1,bet2,bet_ts) VALUES ('1986','5','500','-1','-1','1138277090');
insert into 5_tbl_bet (id,userID,game,bet1,bet2,bet_ts) VALUES ('1987','5','501','-1','-1','1138277090');
insert into 5_tbl_bet (id,userID,game,bet1,bet2,bet_ts) VALUES ('1988','5','495','-1','-1','1138277090');
insert into 5_tbl_bet (id,userID,game,bet1,bet2,bet_ts) VALUES ('1989','5','499','-1','-1','1138277090');
insert into 5_tbl_bet (id,userID,game,bet1,bet2,bet_ts) VALUES ('1990','5','502','2','0','1138277090');
insert into 5_tbl_bet (id,userID,game,bet1,bet2,bet_ts) VALUES ('1991','5','503','1','0','1138277090');
insert into 5_tbl_bet (id,userID,game,bet1,bet2,bet_ts) VALUES ('1992','5','504','2','1','1138277090');
insert into 5_tbl_bet (id,userID,game,bet1,bet2,bet_ts) VALUES ('2029','4','493','-1','-1','1138361042');
insert into 5_tbl_bet (id,userID,game,bet1,bet2,bet_ts) VALUES ('2030','4','494','-1','-1','1138361042');
insert into 5_tbl_bet (id,userID,game,bet1,bet2,bet_ts) VALUES ('2031','4','496','-1','-1','1138361042');
insert into 5_tbl_bet (id,userID,game,bet1,bet2,bet_ts) VALUES ('2032','4','497','-1','-1','1138361042');
insert into 5_tbl_bet (id,userID,game,bet1,bet2,bet_ts) VALUES ('2033','4','498','-1','-1','1138361042');
insert into 5_tbl_bet (id,userID,game,bet1,bet2,bet_ts) VALUES ('2034','4','500','-1','-1','1138361042');
insert into 5_tbl_bet (id,userID,game,bet1,bet2,bet_ts) VALUES ('2035','4','501','-1','-1','1138361042');
insert into 5_tbl_bet (id,userID,game,bet1,bet2,bet_ts) VALUES ('2036','4','495','-1','-1','1138361042');
insert into 5_tbl_bet (id,userID,game,bet1,bet2,bet_ts) VALUES ('2037','4','499','-1','-1','1138361042');
insert into 5_tbl_bet (id,userID,game,bet1,bet2,bet_ts) VALUES ('2038','4','502','2','1','1138361042');
insert into 5_tbl_bet (id,userID,game,bet1,bet2,bet_ts) VALUES ('2039','4','503','1','1','1138361042');
insert into 5_tbl_bet (id,userID,game,bet1,bet2,bet_ts) VALUES ('2040','4','504','1','1','1138361042');
insert into 5_tbl_bet (id,userID,game,bet1,bet2,bet_ts) VALUES ('2065','3','493','-1','-1','1138363996');
insert into 5_tbl_bet (id,userID,game,bet1,bet2,bet_ts) VALUES ('2066','3','494','-1','-1','1138363996');
insert into 5_tbl_bet (id,userID,game,bet1,bet2,bet_ts) VALUES ('2067','3','496','-1','-1','1138363996');
insert into 5_tbl_bet (id,userID,game,bet1,bet2,bet_ts) VALUES ('2068','3','497','-1','-1','1138363996');
insert into 5_tbl_bet (id,userID,game,bet1,bet2,bet_ts) VALUES ('2069','3','498','-1','-1','1138363996');
insert into 5_tbl_bet (id,userID,game,bet1,bet2,bet_ts) VALUES ('2070','3','500','-1','-1','1138363996');
insert into 5_tbl_bet (id,userID,game,bet1,bet2,bet_ts) VALUES ('2071','3','501','-1','-1','1138363996');
insert into 5_tbl_bet (id,userID,game,bet1,bet2,bet_ts) VALUES ('2072','3','495','-1','-1','1138363996');
insert into 5_tbl_bet (id,userID,game,bet1,bet2,bet_ts) VALUES ('2073','3','499','-1','-1','1138363996');
insert into 5_tbl_bet (id,userID,game,bet1,bet2,bet_ts) VALUES ('2074','3','502','2','0','1138363996');
insert into 5_tbl_bet (id,userID,game,bet1,bet2,bet_ts) VALUES ('2075','3','503','1','1','1138363996');
insert into 5_tbl_bet (id,userID,game,bet1,bet2,bet_ts) VALUES ('2076','3','504','1','2','1138363996');

# Tabellenname: 5_tbl_extra_wins 
DROP TABLE IF EXISTS 5_tbl_extra_wins; 
CREATE TABLE 5_tbl_extra_wins (
    userID int(2) DEFAULT '0' NOT NULL,
    season int(2) DEFAULT '0' NOT NULL,
    champ int(1),
    down1 int(2),
    down2 int(2),
    down3 int(2),
    up1 int(2),
    up2 int(2),
    up3 int(2),
    fired int(2),
    wins int(2),
   PRIMARY KEY (userID, season)
); 
insert into 5_tbl_extra_wins (userID,season,champ,down1,down2,down3,up1,up2,up3,fired,wins) VALUES ('0','5','0','0','0','0','0','0','0','4','0');
insert into 5_tbl_extra_wins (userID,season,champ,down1,down2,down3,up1,up2,up3,fired,wins) VALUES ('1','5','13','11','32','28','15','14','8','12','0');
insert into 5_tbl_extra_wins (userID,season,champ,down1,down2,down3,up1,up2,up3,fired,wins) VALUES ('2','5','10','28','27','11','15','14','22','17','0');
insert into 5_tbl_extra_wins (userID,season,champ,down1,down2,down3,up1,up2,up3,fired,wins) VALUES ('3','5','10','32','27','28','15','14','23','11','0');
insert into 5_tbl_extra_wins (userID,season,champ,down1,down2,down3,up1,up2,up3,fired,wins) VALUES ('4','5','10','28','32','11','22','15','14','9','0');
insert into 5_tbl_extra_wins (userID,season,champ,down1,down2,down3,up1,up2,up3,fired,wins) VALUES ('5','5','18','11','28','31','35','29','15','12','0');
insert into 5_tbl_extra_wins (userID,season,champ,down1,down2,down3,up1,up2,up3,fired,wins) VALUES ('6','5','13','28','31','27','3','15','20','32','0');
insert into 5_tbl_extra_wins (userID,season,champ,down1,down2,down3,up1,up2,up3,fired,wins) VALUES ('7','5','13','28','27','31','14','15','34','1','0');

# Tabellenname: 5_tbl_game 
DROP TABLE IF EXISTS 5_tbl_game; 
CREATE TABLE 5_tbl_game (
    id int(10) NOT NULL auto_increment,
    play int(5) DEFAULT '0' NOT NULL,
    team1 int(2) DEFAULT '0' NOT NULL,
    team2 int(2) DEFAULT '0' NOT NULL,
    p_ts int(10),
    result1 int(2),
    result2 int(2),
   PRIMARY KEY (id)
); 
insert into 5_tbl_game (id,play,team1,team2,p_ts,result1,result2) VALUES ('489','18','4','11','1138458600','2','1');
insert into 5_tbl_game (id,play,team1,team2,p_ts,result1,result2) VALUES ('27','1','17','5','1123335000','2','2');
insert into 5_tbl_game (id,play,team1,team2,p_ts,result1,result2) VALUES ('35','1','11','4','1123428600','1','4');
insert into 5_tbl_game (id,play,team1,team2,p_ts,result1,result2) VALUES ('488','18','1','13','1138552200','0','2');
insert into 5_tbl_game (id,play,team1,team2,p_ts,result1,result2) VALUES ('487','18','28','18','1138552200','0','1');
insert into 5_tbl_game (id,play,team1,team2,p_ts,result1,result2) VALUES ('25','1','27','16','1123335000','1','1');
insert into 5_tbl_game (id,play,team1,team2,p_ts,result1,result2) VALUES ('33','1','13','1','1123428600','2','1');
insert into 5_tbl_game (id,play,team1,team2,p_ts,result1,result2) VALUES ('486','18','9','12','1138458600','1','1');
insert into 5_tbl_game (id,play,team1,team2,p_ts,result1,result2) VALUES ('485','18','5','17','1138458600','3','2');
insert into 5_tbl_game (id,play,team1,team2,p_ts,result1,result2) VALUES ('23','1','2','32','1123335000','1','0');
insert into 5_tbl_game (id,play,team1,team2,p_ts,result1,result2) VALUES ('31','1','18','28','1123335000','5','2');
insert into 5_tbl_game (id,play,team1,team2,p_ts,result1,result2) VALUES ('484','18','16','27','1138458600','0','1');
insert into 5_tbl_game (id,play,team1,team2,p_ts,result1,result2) VALUES ('483','18','32','2','1138458600','4','2');
insert into 5_tbl_game (id,play,team1,team2,p_ts,result1,result2) VALUES ('21','1','7','31','1123335000','3','0');
insert into 5_tbl_game (id,play,team1,team2,p_ts,result1,result2) VALUES ('29','1','12','9','1123335000','2','2');
insert into 5_tbl_game (id,play,team1,team2,p_ts,result1,result2) VALUES ('482','18','31','7','1138458600','2','1');
insert into 5_tbl_game (id,play,team1,team2,p_ts,result1,result2) VALUES ('481','18','6','10','1138390200','1','3');
insert into 5_tbl_game (id,play,team1,team2,p_ts,result1,result2) VALUES ('19','1','10','6','1123266600','3','0');
insert into 5_tbl_game (id,play,team1,team2,p_ts,result1,result2) VALUES ('37','1','29','21','1123326000','2','1');
insert into 5_tbl_game (id,play,team1,team2,p_ts,result1,result2) VALUES ('38','1','8','35','1123419600','1','2');
insert into 5_tbl_game (id,play,team1,team2,p_ts,result1,result2) VALUES ('39','1','19','22','1123524900','2','1');
insert into 5_tbl_game (id,play,team1,team2,p_ts,result1,result2) VALUES ('40','2','9','11','1123939800','2','0');
insert into 5_tbl_game (id,play,team1,team2,p_ts,result1,result2) VALUES ('501','19','18','32','1139063400','-1','-1');
insert into 5_tbl_game (id,play,team1,team2,p_ts,result1,result2) VALUES ('42','2','4','10','1123939800','2','5');
insert into 5_tbl_game (id,play,team1,team2,p_ts,result1,result2) VALUES ('500','19','2','16','1139063400','-1','-1');
insert into 5_tbl_game (id,play,team1,team2,p_ts,result1,result2) VALUES ('44','2','6','17','1123939800','1','1');
insert into 5_tbl_game (id,play,team1,team2,p_ts,result1,result2) VALUES ('499','19','12','31','1139157000','-1','-1');
insert into 5_tbl_game (id,play,team1,team2,p_ts,result1,result2) VALUES ('46','2','5','13','1123939800','1','2');
insert into 5_tbl_game (id,play,team1,team2,p_ts,result1,result2) VALUES ('498','19','7','28','1139063400','-1','-1');
insert into 5_tbl_game (id,play,team1,team2,p_ts,result1,result2) VALUES ('48','2','1','27','1123939800','5','3');
insert into 5_tbl_game (id,play,team1,team2,p_ts,result1,result2) VALUES ('497','19','27','1','1139063400','-1','-1');
insert into 5_tbl_game (id,play,team1,team2,p_ts,result1,result2) VALUES ('50','2','28','7','1123939800','0','2');
insert into 5_tbl_game (id,play,team1,team2,p_ts,result1,result2) VALUES ('496','19','13','5','1139063400','-1','-1');
insert into 5_tbl_game (id,play,team1,team2,p_ts,result1,result2) VALUES ('52','2','31','12','1123939800','1','1');
insert into 5_tbl_game (id,play,team1,team2,p_ts,result1,result2) VALUES ('495','19','17','6','1139157000','-1','-1');
insert into 5_tbl_game (id,play,team1,team2,p_ts,result1,result2) VALUES ('54','2','16','2','1124033400','2','3');
insert into 5_tbl_game (id,play,team1,team2,p_ts,result1,result2) VALUES ('494','19','10','4','1139063400','-1','-1');
insert into 5_tbl_game (id,play,team1,team2,p_ts,result1,result2) VALUES ('56','2','32','18','1124033400','0','2');
insert into 5_tbl_game (id,play,team1,team2,p_ts,result1,result2) VALUES ('493','19','11','9','1139063400','-1','-1');
insert into 5_tbl_game (id,play,team1,team2,p_ts,result1,result2) VALUES ('58','2','22','20','1123866000','2','1');
insert into 5_tbl_game (id,play,team1,team2,p_ts,result1,result2) VALUES ('59','2','15','8','1123866000','4','1');
insert into 5_tbl_game (id,play,team1,team2,p_ts,result1,result2) VALUES ('60','2','14','29','1124129700','2','2');
insert into 5_tbl_game (id,play,team1,team2,p_ts,result1,result2) VALUES ('61','3','7','12','1125149400','1','1');
insert into 5_tbl_game (id,play,team1,team2,p_ts,result1,result2) VALUES ('513','20','32','28','1139338800','','');
insert into 5_tbl_game (id,play,team1,team2,p_ts,result1,result2) VALUES ('63','3','2','1','1125149400','2','3');
insert into 5_tbl_game (id,play,team1,team2,p_ts,result1,result2) VALUES ('512','20','5','27','1139338800','','');
insert into 5_tbl_game (id,play,team1,team2,p_ts,result1,result2) VALUES ('65','3','13','6','1125149400','1','1');
insert into 5_tbl_game (id,play,team1,team2,p_ts,result1,result2) VALUES ('511','20','16','18','1139425200','','');
insert into 5_tbl_game (id,play,team1,team2,p_ts,result1,result2) VALUES ('67','3','17','4','1125149400','2','1');
insert into 5_tbl_game (id,play,team1,team2,p_ts,result1,result2) VALUES ('510','20','31','11','1139425200','','');
insert into 5_tbl_game (id,play,team1,team2,p_ts,result1,result2) VALUES ('69','3','10','9','1125149400','3','0');
insert into 5_tbl_game (id,play,team1,team2,p_ts,result1,result2) VALUES ('509','20','9','10','1139338800','','');
insert into 5_tbl_game (id,play,team1,team2,p_ts,result1,result2) VALUES ('71','3','11','31','1125149400','1','0');
insert into 5_tbl_game (id,play,team1,team2,p_ts,result1,result2) VALUES ('508','20','4','17','1139425200','','');
insert into 5_tbl_game (id,play,team1,team2,p_ts,result1,result2) VALUES ('73','3','18','16','1125149400','1','1');
insert into 5_tbl_game (id,play,team1,team2,p_ts,result1,result2) VALUES ('507','20','6','13','1139425200','','');
insert into 5_tbl_game (id,play,team1,team2,p_ts,result1,result2) VALUES ('75','3','27','5','1125243000','1','1');
insert into 5_tbl_game (id,play,team1,team2,p_ts,result1,result2) VALUES ('506','20','1','2','1139338800','','');
insert into 5_tbl_game (id,play,team1,team2,p_ts,result1,result2) VALUES ('77','3','28','32','1125243000','2','0');
insert into 5_tbl_game (id,play,team1,team2,p_ts,result1,result2) VALUES ('505','20','12','7','1139425200','','');
insert into 5_tbl_game (id,play,team1,team2,p_ts,result1,result2) VALUES ('79','3','8','21','1125075600','2','3');
insert into 5_tbl_game (id,play,team1,team2,p_ts,result1,result2) VALUES ('80','3','34','35','1125075600','4','1');
insert into 5_tbl_game (id,play,team1,team2,p_ts,result1,result2) VALUES ('81','3','29','24','1125234000','1','2');
insert into 5_tbl_game (id,play,team1,team2,p_ts,result1,result2) VALUES ('82','4','4','13','1126359000','1','1');
insert into 5_tbl_game (id,play,team1,team2,p_ts,result1,result2) VALUES ('525','21','17','9','1139668200','','');
insert into 5_tbl_game (id,play,team1,team2,p_ts,result1,result2) VALUES ('84','4','6','27','1126359000','2','1');
insert into 5_tbl_game (id,play,team1,team2,p_ts,result1,result2) VALUES ('524','21','2','5','1139761800','','');
insert into 5_tbl_game (id,play,team1,team2,p_ts,result1,result2) VALUES ('86','4','1','18','1126359000','1','5');
insert into 5_tbl_game (id,play,team1,team2,p_ts,result1,result2) VALUES ('523','21','11','12','1139668200','','');
insert into 5_tbl_game (id,play,team1,team2,p_ts,result1,result2) VALUES ('88','4','31','10','1126359000','2','0');
insert into 5_tbl_game (id,play,team1,team2,p_ts,result1,result2) VALUES ('522','21','7','32','1139668200','','');
insert into 5_tbl_game (id,play,team1,team2,p_ts,result1,result2) VALUES ('90','4','16','28','1126359000','1','1');
insert into 5_tbl_game (id,play,team1,team2,p_ts,result1,result2) VALUES ('521','21','28','16','1139668200','','');
insert into 5_tbl_game (id,play,team1,team2,p_ts,result1,result2) VALUES ('92','4','32','7','1126359000','1','3');
insert into 5_tbl_game (id,play,team1,team2,p_ts,result1,result2) VALUES ('520','21','10','31','1139761800','','');
insert into 5_tbl_game (id,play,team1,team2,p_ts,result1,result2) VALUES ('94','4','12','11','1126359000','2','0');
insert into 5_tbl_game (id,play,team1,team2,p_ts,result1,result2) VALUES ('519','21','18','1','1139668200','','');
insert into 5_tbl_game (id,play,team1,team2,p_ts,result1,result2) VALUES ('96','4','5','2','1126452600','2','1');
insert into 5_tbl_game (id,play,team1,team2,p_ts,result1,result2) VALUES ('518','21','27','6','1139668200','','');
insert into 5_tbl_game (id,play,team1,team2,p_ts,result1,result2) VALUES ('98','4','9','17','1126452600','3','0');
insert into 5_tbl_game (id,play,team1,team2,p_ts,result1,result2) VALUES ('517','21','13','4','1139668200','','');
insert into 5_tbl_game (id,play,team1,team2,p_ts,result1,result2) VALUES ('100','4','15','34','1126285200','1','2');
insert into 5_tbl_game (id,play,team1,team2,p_ts,result1,result2) VALUES ('101','4','36','29','1126443600','2','4');
insert into 5_tbl_game (id,play,team1,team2,p_ts,result1,result2) VALUES ('102','4','14','8','1126548900','1','0');
insert into 5_tbl_game (id,play,team1,team2,p_ts,result1,result2) VALUES ('165','5','29','22','1127048400','5','1');
insert into 5_tbl_game (id,play,team1,team2,p_ts,result1,result2) VALUES ('153','5','32','16','1126963800','1','2');
insert into 5_tbl_game (id,play,team1,team2,p_ts,result1,result2) VALUES ('164','5','34','21','1126890000','1','1');
insert into 5_tbl_game (id,play,team1,team2,p_ts,result1,result2) VALUES ('152','22','12','10','','','');
insert into 5_tbl_game (id,play,team1,team2,p_ts,result1,result2) VALUES ('163','5','35','15','1126890000','2','5');
insert into 5_tbl_game (id,play,team1,team2,p_ts,result1,result2) VALUES ('151','5','10','12','1126963800','1','0');
insert into 5_tbl_game (id,play,team1,team2,p_ts,result1,result2) VALUES ('162','22','9','13','','','');
insert into 5_tbl_game (id,play,team1,team2,p_ts,result1,result2) VALUES ('150','22','31','17','','','');
insert into 5_tbl_game (id,play,team1,team2,p_ts,result1,result2) VALUES ('161','5','13','9','1127057400','0','0');
insert into 5_tbl_game (id,play,team1,team2,p_ts,result1,result2) VALUES ('149','5','17','31','1126963800','1','1');
insert into 5_tbl_game (id,play,team1,team2,p_ts,result1,result2) VALUES ('160','22','4','27','','','');
insert into 5_tbl_game (id,play,team1,team2,p_ts,result1,result2) VALUES ('148','22','6','2','','','');
insert into 5_tbl_game (id,play,team1,team2,p_ts,result1,result2) VALUES ('159','5','27','4','1127057400','1','3');
insert into 5_tbl_game (id,play,team1,team2,p_ts,result1,result2) VALUES ('147','5','2','6','1126963800','2','1');
insert into 5_tbl_game (id,play,team1,team2,p_ts,result1,result2) VALUES ('158','22','5','18','','','');
insert into 5_tbl_game (id,play,team1,team2,p_ts,result1,result2) VALUES ('146','22','11','7','','','');
insert into 5_tbl_game (id,play,team1,team2,p_ts,result1,result2) VALUES ('157','5','18','5','1126963800','3','2');
insert into 5_tbl_game (id,play,team1,team2,p_ts,result1,result2) VALUES ('145','5','7','11','1126963800','1','1');
insert into 5_tbl_game (id,play,team1,team2,p_ts,result1,result2) VALUES ('156','22','1','28','','','');
insert into 5_tbl_game (id,play,team1,team2,p_ts,result1,result2) VALUES ('155','5','28','1','1126963800','0','0');
insert into 5_tbl_game (id,play,team1,team2,p_ts,result1,result2) VALUES ('154','22','16','32','','','');
insert into 5_tbl_game (id,play,team1,team2,p_ts,result1,result2) VALUES ('186','6','15','3','1127230200','0','1');
insert into 5_tbl_game (id,play,team1,team2,p_ts,result1,result2) VALUES ('174','6','9','27','1127325600','3','2');
insert into 5_tbl_game (id,play,team1,team2,p_ts,result1,result2) VALUES ('185','6','21','35','1127230200','2','0');
insert into 5_tbl_game (id,play,team1,team2,p_ts,result1,result2) VALUES ('173','23','17','12','','','');
insert into 5_tbl_game (id,play,team1,team2,p_ts,result1,result2) VALUES ('184','6','14','34','1127230200','1','0');
insert into 5_tbl_game (id,play,team1,team2,p_ts,result1,result2) VALUES ('172','6','12','17','1127239200','2','4');
insert into 5_tbl_game (id,play,team1,team2,p_ts,result1,result2) VALUES ('183','23','13','31','','','');
insert into 5_tbl_game (id,play,team1,team2,p_ts,result1,result2) VALUES ('171','23','10','11','','','');
insert into 5_tbl_game (id,play,team1,team2,p_ts,result1,result2) VALUES ('182','6','31','13','1127325600','1','1');
insert into 5_tbl_game (id,play,team1,team2,p_ts,result1,result2) VALUES ('170','6','11','10','1127239200','0','1');
insert into 5_tbl_game (id,play,team1,team2,p_ts,result1,result2) VALUES ('181','23','7','16','','','');
insert into 5_tbl_game (id,play,team1,team2,p_ts,result1,result2) VALUES ('169','23','28','5','','','');
insert into 5_tbl_game (id,play,team1,team2,p_ts,result1,result2) VALUES ('180','6','16','7','1127325600','1','2');
insert into 5_tbl_game (id,play,team1,team2,p_ts,result1,result2) VALUES ('168','6','5','28','1127239200','2','0');
insert into 5_tbl_game (id,play,team1,team2,p_ts,result1,result2) VALUES ('179','23','32','1','','','');
insert into 5_tbl_game (id,play,team1,team2,p_ts,result1,result2) VALUES ('167','23','18','6','','','');
insert into 5_tbl_game (id,play,team1,team2,p_ts,result1,result2) VALUES ('178','6','1','32','1127325600','0','2');
insert into 5_tbl_game (id,play,team1,team2,p_ts,result1,result2) VALUES ('166','6','6','18','1127239200','2','1');
insert into 5_tbl_game (id,play,team1,team2,p_ts,result1,result2) VALUES ('177','23','2','4','','','');
insert into 5_tbl_game (id,play,team1,team2,p_ts,result1,result2) VALUES ('176','6','4','2','1127325600','2','1');
insert into 5_tbl_game (id,play,team1,team2,p_ts,result1,result2) VALUES ('175','23','27','9','','','');
insert into 5_tbl_game (id,play,team1,team2,p_ts,result1,result2) VALUES ('187','7','7','10','1127568600','2','0');
insert into 5_tbl_game (id,play,team1,team2,p_ts,result1,result2) VALUES ('188','24','10','7','','','');
insert into 5_tbl_game (id,play,team1,team2,p_ts,result1,result2) VALUES ('189','7','27','31','1127568600','1','0');
insert into 5_tbl_game (id,play,team1,team2,p_ts,result1,result2) VALUES ('190','24','31','27','','','');
insert into 5_tbl_game (id,play,team1,team2,p_ts,result1,result2) VALUES ('191','7','13','12','1127568600','2','0');
insert into 5_tbl_game (id,play,team1,team2,p_ts,result1,result2) VALUES ('192','24','12','13','','','');
insert into 5_tbl_game (id,play,team1,team2,p_ts,result1,result2) VALUES ('193','7','17','11','1127568600','1','0');
insert into 5_tbl_game (id,play,team1,team2,p_ts,result1,result2) VALUES ('194','24','11','17','','','');
insert into 5_tbl_game (id,play,team1,team2,p_ts,result1,result2) VALUES ('195','7','32','5','1127568600','1','1');
insert into 5_tbl_game (id,play,team1,team2,p_ts,result1,result2) VALUES ('196','24','5','32','','','');
insert into 5_tbl_game (id,play,team1,team2,p_ts,result1,result2) VALUES ('197','7','28','6','1127568600','0','2');
insert into 5_tbl_game (id,play,team1,team2,p_ts,result1,result2) VALUES ('198','24','6','28','','','');
insert into 5_tbl_game (id,play,team1,team2,p_ts,result1,result2) VALUES ('199','7','18','4','1127568600','2','1');
insert into 5_tbl_game (id,play,team1,team2,p_ts,result1,result2) VALUES ('200','24','4','18','','','');
insert into 5_tbl_game (id,play,team1,team2,p_ts,result1,result2) VALUES ('201','7','2','9','1127662200','0','1');
insert into 5_tbl_game (id,play,team1,team2,p_ts,result1,result2) VALUES ('202','24','9','2','','','');
insert into 5_tbl_game (id,play,team1,team2,p_ts,result1,result2) VALUES ('203','7','16','1','1127662200','1','0');
insert into 5_tbl_game (id,play,team1,team2,p_ts,result1,result2) VALUES ('204','24','1','16','','','');
insert into 5_tbl_game (id,play,team1,team2,p_ts,result1,result2) VALUES ('205','7','29','19','1127653200','1','0');
insert into 5_tbl_game (id,play,team1,team2,p_ts,result1,result2) VALUES ('206','7','34','24','1127653200','0','2');
insert into 5_tbl_game (id,play,team1,team2,p_ts,result1,result2) VALUES ('207','7','8','22','1127758500','1','0');
insert into 5_tbl_game (id,play,team1,team2,p_ts,result1,result2) VALUES ('208','8','9','18','1128173400','1','2');
insert into 5_tbl_game (id,play,team1,team2,p_ts,result1,result2) VALUES ('209','25','18','9','','','');
insert into 5_tbl_game (id,play,team1,team2,p_ts,result1,result2) VALUES ('210','8','4','28','1128173400','1','1');
insert into 5_tbl_game (id,play,team1,team2,p_ts,result1,result2) VALUES ('211','25','28','4','','','');
insert into 5_tbl_game (id,play,team1,team2,p_ts,result1,result2) VALUES ('212','8','6','32','1128173400','1','0');
insert into 5_tbl_game (id,play,team1,team2,p_ts,result1,result2) VALUES ('213','25','32','6','','','');
insert into 5_tbl_game (id,play,team1,team2,p_ts,result1,result2) VALUES ('214','8','10','17','1128173400','2','0');
insert into 5_tbl_game (id,play,team1,team2,p_ts,result1,result2) VALUES ('215','25','17','10','','','');
insert into 5_tbl_game (id,play,team1,team2,p_ts,result1,result2) VALUES ('216','8','11','13','1128173400','0','1');
insert into 5_tbl_game (id,play,team1,team2,p_ts,result1,result2) VALUES ('217','25','13','11','','','');
insert into 5_tbl_game (id,play,team1,team2,p_ts,result1,result2) VALUES ('218','8','12','27','1128173400','1','1');
insert into 5_tbl_game (id,play,team1,team2,p_ts,result1,result2) VALUES ('219','25','27','12','','','');
insert into 5_tbl_game (id,play,team1,team2,p_ts,result1,result2) VALUES ('220','8','31','2','1128173400','2','1');
insert into 5_tbl_game (id,play,team1,team2,p_ts,result1,result2) VALUES ('221','25','2','31','','','');
insert into 5_tbl_game (id,play,team1,team2,p_ts,result1,result2) VALUES ('222','8','5','16','1128267000','0','0');
insert into 5_tbl_game (id,play,team1,team2,p_ts,result1,result2) VALUES ('223','25','16','5','','','');
insert into 5_tbl_game (id,play,team1,team2,p_ts,result1,result2) VALUES ('224','8','1','7','1128267000','0','3');
insert into 5_tbl_game (id,play,team1,team2,p_ts,result1,result2) VALUES ('225','25','7','1','','','');
insert into 5_tbl_game (id,play,team1,team2,p_ts,result1,result2) VALUES ('226','8','19','26','1128099600','0','0');
insert into 5_tbl_game (id,play,team1,team2,p_ts,result1,result2) VALUES ('227','8','20','29','1128258000','3','2');
insert into 5_tbl_game (id,play,team1,team2,p_ts,result1,result2) VALUES ('228','8','25','8','1128258000','1','1');
insert into 5_tbl_game (id,play,team1,team2,p_ts,result1,result2) VALUES ('229','9','7','17','1129383000','0','1');
insert into 5_tbl_game (id,play,team1,team2,p_ts,result1,result2) VALUES ('230','26','17','7','','','');
insert into 5_tbl_game (id,play,team1,team2,p_ts,result1,result2) VALUES ('231','9','13','10','1129383000','1','1');
insert into 5_tbl_game (id,play,team1,team2,p_ts,result1,result2) VALUES ('232','26','10','13','','','');
insert into 5_tbl_game (id,play,team1,team2,p_ts,result1,result2) VALUES ('233','9','1','5','1129383000','3','3');
insert into 5_tbl_game (id,play,team1,team2,p_ts,result1,result2) VALUES ('234','26','5','1','','','');
insert into 5_tbl_game (id,play,team1,team2,p_ts,result1,result2) VALUES ('235','9','16','6','1129383000','1','1');
insert into 5_tbl_game (id,play,team1,team2,p_ts,result1,result2) VALUES ('236','26','6','16','','','');
insert into 5_tbl_game (id,play,team1,team2,p_ts,result1,result2) VALUES ('237','9','32','4','1129383000','3','1');
insert into 5_tbl_game (id,play,team1,team2,p_ts,result1,result2) VALUES ('238','26','4','32','','','');
insert into 5_tbl_game (id,play,team1,team2,p_ts,result1,result2) VALUES ('239','9','28','9','1129383000','3','0');
insert into 5_tbl_game (id,play,team1,team2,p_ts,result1,result2) VALUES ('240','26','9','28','','','');
insert into 5_tbl_game (id,play,team1,team2,p_ts,result1,result2) VALUES ('241','9','18','31','1129383000','6','2');
insert into 5_tbl_game (id,play,team1,team2,p_ts,result1,result2) VALUES ('242','26','31','18','','','');
insert into 5_tbl_game (id,play,team1,team2,p_ts,result1,result2) VALUES ('243','9','2','12','1129476600','1','4');
insert into 5_tbl_game (id,play,team1,team2,p_ts,result1,result2) VALUES ('244','26','12','2','','','');
insert into 5_tbl_game (id,play,team1,team2,p_ts,result1,result2) VALUES ('245','9','27','11','1129476600','0','1');
insert into 5_tbl_game (id,play,team1,team2,p_ts,result1,result2) VALUES ('246','26','11','27','','','');
insert into 5_tbl_game (id,play,team1,team2,p_ts,result1,result2) VALUES ('247','9','8','19','1129309200','1','0');
insert into 5_tbl_game (id,play,team1,team2,p_ts,result1,result2) VALUES ('248','9','29','30','1129467600','2','0');
insert into 5_tbl_game (id,play,team1,team2,p_ts,result1,result2) VALUES ('249','9','34','22','1129572900','1','3');
insert into 5_tbl_game (id,play,team1,team2,p_ts,result1,result2) VALUES ('250','10','9','32','1129987800','3','1');
insert into 5_tbl_game (id,play,team1,team2,p_ts,result1,result2) VALUES ('251','27','32','9','','','');
insert into 5_tbl_game (id,play,team1,team2,p_ts,result1,result2) VALUES ('252','10','6','1','1129987800','4','1');
insert into 5_tbl_game (id,play,team1,team2,p_ts,result1,result2) VALUES ('253','27','1','6','','','');
insert into 5_tbl_game (id,play,team1,team2,p_ts,result1,result2) VALUES ('254','10','17','13','1129987800','0','0');
insert into 5_tbl_game (id,play,team1,team2,p_ts,result1,result2) VALUES ('255','27','13','17','','','');
insert into 5_tbl_game (id,play,team1,team2,p_ts,result1,result2) VALUES ('256','10','10','27','1129987800','4','0');
insert into 5_tbl_game (id,play,team1,team2,p_ts,result1,result2) VALUES ('257','27','27','10','','','');
insert into 5_tbl_game (id,play,team1,team2,p_ts,result1,result2) VALUES ('258','10','11','2','1129987800','6','3');
insert into 5_tbl_game (id,play,team1,team2,p_ts,result1,result2) VALUES ('259','27','2','11','','','');
insert into 5_tbl_game (id,play,team1,team2,p_ts,result1,result2) VALUES ('260','10','12','18','1129987800','0','0');
insert into 5_tbl_game (id,play,team1,team2,p_ts,result1,result2) VALUES ('261','27','18','12','','','');
insert into 5_tbl_game (id,play,team1,team2,p_ts,result1,result2) VALUES ('262','10','31','28','1129987800','2','3');
insert into 5_tbl_game (id,play,team1,team2,p_ts,result1,result2) VALUES ('263','27','28','31','','','');
insert into 5_tbl_game (id,play,team1,team2,p_ts,result1,result2) VALUES ('264','10','4','16','1130081400','1','1');
insert into 5_tbl_game (id,play,team1,team2,p_ts,result1,result2) VALUES ('265','27','16','4','','','');
insert into 5_tbl_game (id,play,team1,team2,p_ts,result1,result2) VALUES ('266','10','5','7','1130081400','1','1');
insert into 5_tbl_game (id,play,team1,team2,p_ts,result1,result2) VALUES ('267','27','7','5','','','');
insert into 5_tbl_game (id,play,team1,team2,p_ts,result1,result2) VALUES ('268','10','25','34','1129914000','1','0');
insert into 5_tbl_game (id,play,team1,team2,p_ts,result1,result2) VALUES ('269','10','20','8','1130072400','1','0');
insert into 5_tbl_game (id,play,team1,team2,p_ts,result1,result2) VALUES ('270','10','19','23','1130072400','1','1');
insert into 5_tbl_game (id,play,team1,team2,p_ts,result1,result2) VALUES ('354','11','34','19','1130865300','1','4');
insert into 5_tbl_game (id,play,team1,team2,p_ts,result1,result2) VALUES ('353','11','-1','-1','1130680800','-1','-1');
insert into 5_tbl_game (id,play,team1,team2,p_ts,result1,result2) VALUES ('352','11','3','29','1130680800','4','1');
insert into 5_tbl_game (id,play,team1,team2,p_ts,result1,result2) VALUES ('351','28','12','28','','','');
insert into 5_tbl_game (id,play,team1,team2,p_ts,result1,result2) VALUES ('342','11','1','4','1130592600','2','2');
insert into 5_tbl_game (id,play,team1,team2,p_ts,result1,result2) VALUES ('350','11','28','12','1130689800','4','1');
insert into 5_tbl_game (id,play,team1,team2,p_ts,result1,result2) VALUES ('341','28','6','5','','','');
insert into 5_tbl_game (id,play,team1,team2,p_ts,result1,result2) VALUES ('349','28','31','32','','','');
insert into 5_tbl_game (id,play,team1,team2,p_ts,result1,result2) VALUES ('340','11','5','6','1130592600','2','1');
insert into 5_tbl_game (id,play,team1,team2,p_ts,result1,result2) VALUES ('348','11','32','31','1130689800','4','1');
insert into 5_tbl_game (id,play,team1,team2,p_ts,result1,result2) VALUES ('339','28','17','27','','','');
insert into 5_tbl_game (id,play,team1,team2,p_ts,result1,result2) VALUES ('347','28','11','18','','','');
insert into 5_tbl_game (id,play,team1,team2,p_ts,result1,result2) VALUES ('338','11','27','17','1130592600','1','0');
insert into 5_tbl_game (id,play,team1,team2,p_ts,result1,result2) VALUES ('346','11','18','11','1130592600','4','1');
insert into 5_tbl_game (id,play,team1,team2,p_ts,result1,result2) VALUES ('337','28','10','2','','','');
insert into 5_tbl_game (id,play,team1,team2,p_ts,result1,result2) VALUES ('345','28','9','16','','','');
insert into 5_tbl_game (id,play,team1,team2,p_ts,result1,result2) VALUES ('336','11','2','10','1130592600','1','2');
insert into 5_tbl_game (id,play,team1,team2,p_ts,result1,result2) VALUES ('344','11','16','9','1130592600','3','3');
insert into 5_tbl_game (id,play,team1,team2,p_ts,result1,result2) VALUES ('335','28','13','7','','','');
insert into 5_tbl_game (id,play,team1,team2,p_ts,result1,result2) VALUES ('334','11','7','13','1130592600','1','0');
insert into 5_tbl_game (id,play,team1,team2,p_ts,result1,result2) VALUES ('343','28','4','1','','','');
insert into 5_tbl_game (id,play,team1,team2,p_ts,result1,result2) VALUES ('355','12','9','1','1131201000','3','0');
insert into 5_tbl_game (id,play,team1,team2,p_ts,result1,result2) VALUES ('356','29','1','9','','','');
insert into 5_tbl_game (id,play,team1,team2,p_ts,result1,result2) VALUES ('357','12','4','5','1131201000','2','1');
insert into 5_tbl_game (id,play,team1,team2,p_ts,result1,result2) VALUES ('358','29','5','4','','','');
insert into 5_tbl_game (id,play,team1,team2,p_ts,result1,result2) VALUES ('359','12','13','27','1131201000','3','0');
insert into 5_tbl_game (id,play,team1,team2,p_ts,result1,result2) VALUES ('360','29','27','13','','','');
insert into 5_tbl_game (id,play,team1,team2,p_ts,result1,result2) VALUES ('361','12','17','2','1131201000','1','1');
insert into 5_tbl_game (id,play,team1,team2,p_ts,result1,result2) VALUES ('362','29','2','17','','','');
insert into 5_tbl_game (id,play,team1,team2,p_ts,result1,result2) VALUES ('363','12','10','18','1131201000','3','1');
insert into 5_tbl_game (id,play,team1,team2,p_ts,result1,result2) VALUES ('364','29','18','10','','','');
insert into 5_tbl_game (id,play,team1,team2,p_ts,result1,result2) VALUES ('365','12','11','28','1131201000','3','0');
insert into 5_tbl_game (id,play,team1,team2,p_ts,result1,result2) VALUES ('366','29','28','11','','','');
insert into 5_tbl_game (id,play,team1,team2,p_ts,result1,result2) VALUES ('367','12','12','32','1131201000','2','2');
insert into 5_tbl_game (id,play,team1,team2,p_ts,result1,result2) VALUES ('368','29','32','12','','','');
insert into 5_tbl_game (id,play,team1,team2,p_ts,result1,result2) VALUES ('369','12','6','7','1131294600','0','0');
insert into 5_tbl_game (id,play,team1,team2,p_ts,result1,result2) VALUES ('370','29','7','6','','','');
insert into 5_tbl_game (id,play,team1,team2,p_ts,result1,result2) VALUES ('371','12','31','16','1131294600','0','1');
insert into 5_tbl_game (id,play,team1,team2,p_ts,result1,result2) VALUES ('372','29','16','31','','','');
insert into 5_tbl_game (id,play,team1,team2,p_ts,result1,result2) VALUES ('373','12','29','26','1131127200','0','0');
insert into 5_tbl_game (id,play,team1,team2,p_ts,result1,result2) VALUES ('374','12','20','34','1131127200','2','1');
insert into 5_tbl_game (id,play,team1,team2,p_ts,result1,result2) VALUES ('375','12','19','35','1131285600','1','0');
insert into 5_tbl_game (id,play,team1,team2,p_ts,result1,result2) VALUES ('376','13','2','13','1132410600','2','2');
insert into 5_tbl_game (id,play,team1,team2,p_ts,result1,result2) VALUES ('377','30','13','2','','','');
insert into 5_tbl_game (id,play,team1,team2,p_ts,result1,result2) VALUES ('378','13','6','4','1132410600','1','1');
insert into 5_tbl_game (id,play,team1,team2,p_ts,result1,result2) VALUES ('379','30','4','6','','','');
insert into 5_tbl_game (id,play,team1,team2,p_ts,result1,result2) VALUES ('380','13','5','9','1132410600','2','0');
insert into 5_tbl_game (id,play,team1,team2,p_ts,result1,result2) VALUES ('381','30','9','5','','','');
insert into 5_tbl_game (id,play,team1,team2,p_ts,result1,result2) VALUES ('382','13','1','31','1132410600','1','3');
insert into 5_tbl_game (id,play,team1,team2,p_ts,result1,result2) VALUES ('383','30','31','1','','','');
insert into 5_tbl_game (id,play,team1,team2,p_ts,result1,result2) VALUES ('384','13','32','11','1132410600','2','2');
insert into 5_tbl_game (id,play,team1,team2,p_ts,result1,result2) VALUES ('385','30','11','32','','','');
insert into 5_tbl_game (id,play,team1,team2,p_ts,result1,result2) VALUES ('386','13','28','10','1132410600','1','2');
insert into 5_tbl_game (id,play,team1,team2,p_ts,result1,result2) VALUES ('387','30','10','28','','','');
insert into 5_tbl_game (id,play,team1,team2,p_ts,result1,result2) VALUES ('388','13','18','17','1132410600','6','1');
insert into 5_tbl_game (id,play,team1,team2,p_ts,result1,result2) VALUES ('389','30','17','18','','','');
insert into 5_tbl_game (id,play,team1,team2,p_ts,result1,result2) VALUES ('390','13','7','27','1132504200','2','0');
insert into 5_tbl_game (id,play,team1,team2,p_ts,result1,result2) VALUES ('391','30','27','7','','','');
insert into 5_tbl_game (id,play,team1,team2,p_ts,result1,result2) VALUES ('392','13','16','12','1132504200','2','2');
insert into 5_tbl_game (id,play,team1,team2,p_ts,result1,result2) VALUES ('393','30','12','16','','','');
insert into 5_tbl_game (id,play,team1,team2,p_ts,result1,result2) VALUES ('394','13','15','19','1132495200','1','1');
insert into 5_tbl_game (id,play,team1,team2,p_ts,result1,result2) VALUES ('395','13','34','30','1132495200','2','3');
insert into 5_tbl_game (id,play,team1,team2,p_ts,result1,result2) VALUES ('396','13','8','29','1132600500','0','0');
insert into 5_tbl_game (id,play,team1,team2,p_ts,result1,result2) VALUES ('397','14','4','7','1133015400','0','1');
insert into 5_tbl_game (id,play,team1,team2,p_ts,result1,result2) VALUES ('398','31','7','4','','','');
insert into 5_tbl_game (id,play,team1,team2,p_ts,result1,result2) VALUES ('399','14','27','2','1133888400','1','1');
insert into 5_tbl_game (id,play,team1,team2,p_ts,result1,result2) VALUES ('400','31','2','27','','','');
insert into 5_tbl_game (id,play,team1,team2,p_ts,result1,result2) VALUES ('401','14','13','18','1133015400','2','1');
insert into 5_tbl_game (id,play,team1,team2,p_ts,result1,result2) VALUES ('402','31','18','13','','','');
insert into 5_tbl_game (id,play,team1,team2,p_ts,result1,result2) VALUES ('403','14','17','28','1133015400','0','0');
insert into 5_tbl_game (id,play,team1,team2,p_ts,result1,result2) VALUES ('404','31','28','17','','','');
insert into 5_tbl_game (id,play,team1,team2,p_ts,result1,result2) VALUES ('405','14','10','32','1133015400','2','1');
insert into 5_tbl_game (id,play,team1,team2,p_ts,result1,result2) VALUES ('406','31','32','10','','','');
insert into 5_tbl_game (id,play,team1,team2,p_ts,result1,result2) VALUES ('407','14','12','1','1133015400','5','1');
insert into 5_tbl_game (id,play,team1,team2,p_ts,result1,result2) VALUES ('408','31','1','12','','','');
insert into 5_tbl_game (id,play,team1,team2,p_ts,result1,result2) VALUES ('409','14','31','5','1133015400','1','2');
insert into 5_tbl_game (id,play,team1,team2,p_ts,result1,result2) VALUES ('410','31','5','31','','','');
insert into 5_tbl_game (id,play,team1,team2,p_ts,result1,result2) VALUES ('411','14','9','6','1133109000','2','2');
insert into 5_tbl_game (id,play,team1,team2,p_ts,result1,result2) VALUES ('412','31','6','9','','','');
insert into 5_tbl_game (id,play,team1,team2,p_ts,result1,result2) VALUES ('413','14','11','16','1133109000','1','1');
insert into 5_tbl_game (id,play,team1,team2,p_ts,result1,result2) VALUES ('414','31','16','11','','','');
insert into 5_tbl_game (id,play,team1,team2,p_ts,result1,result2) VALUES ('415','14','33','34','1134579600','5','1');
insert into 5_tbl_game (id,play,team1,team2,p_ts,result1,result2) VALUES ('416','14','19','21','1132941600','0','2');
insert into 5_tbl_game (id,play,team1,team2,p_ts,result1,result2) VALUES ('417','14','29','23','1133205300','1','2');
insert into 5_tbl_game (id,play,team1,team2,p_ts,result1,result2) VALUES ('418','15','7','2','1133620200','3','1');
insert into 5_tbl_game (id,play,team1,team2,p_ts,result1,result2) VALUES ('419','32','2','7','','','');
insert into 5_tbl_game (id,play,team1,team2,p_ts,result1,result2) VALUES ('420','15','6','31','1133620200','0','1');
insert into 5_tbl_game (id,play,team1,team2,p_ts,result1,result2) VALUES ('421','32','31','6','','','');
insert into 5_tbl_game (id,play,team1,team2,p_ts,result1,result2) VALUES ('422','15','5','12','1133620200','0','2');
insert into 5_tbl_game (id,play,team1,team2,p_ts,result1,result2) VALUES ('423','32','12','5','','','');
insert into 5_tbl_game (id,play,team1,team2,p_ts,result1,result2) VALUES ('424','15','1','11','1134579600','1','2');
insert into 5_tbl_game (id,play,team1,team2,p_ts,result1,result2) VALUES ('425','32','11','1','','','');
insert into 5_tbl_game (id,play,team1,team2,p_ts,result1,result2) VALUES ('426','15','16','10','1133620200','0','0');
insert into 5_tbl_game (id,play,team1,team2,p_ts,result1,result2) VALUES ('427','32','10','16','','','');
insert into 5_tbl_game (id,play,team1,team2,p_ts,result1,result2) VALUES ('428','15','28','13','1133620200','0','1');
insert into 5_tbl_game (id,play,team1,team2,p_ts,result1,result2) VALUES ('429','32','13','28','','','');
insert into 5_tbl_game (id,play,team1,team2,p_ts,result1,result2) VALUES ('430','15','18','27','1133620200','2','0');
insert into 5_tbl_game (id,play,team1,team2,p_ts,result1,result2) VALUES ('431','32','27','18','','','');
insert into 5_tbl_game (id,play,team1,team2,p_ts,result1,result2) VALUES ('432','15','4','9','1133713800','1','2');
insert into 5_tbl_game (id,play,team1,team2,p_ts,result1,result2) VALUES ('433','32','9','4','','','');
insert into 5_tbl_game (id,play,team1,team2,p_ts,result1,result2) VALUES ('434','15','32','17','1133713800','5','1');
insert into 5_tbl_game (id,play,team1,team2,p_ts,result1,result2) VALUES ('435','32','17','32','','','');
insert into 5_tbl_game (id,play,team1,team2,p_ts,result1,result2) VALUES ('436','15','3','8','1133704800','2','2');
insert into 5_tbl_game (id,play,team1,team2,p_ts,result1,result2) VALUES ('437','15','14','19','1133704800','1','0');
insert into 5_tbl_game (id,play,team1,team2,p_ts,result1,result2) VALUES ('438','15','34','29','1133810100','1','1');
insert into 5_tbl_game (id,play,team1,team2,p_ts,result1,result2) VALUES ('439','16','7','9','1134225000','2','1');
insert into 5_tbl_game (id,play,team1,team2,p_ts,result1,result2) VALUES ('440','33','9','7','','','');
insert into 5_tbl_game (id,play,team1,team2,p_ts,result1,result2) VALUES ('441','16','27','28','1134225000','1','1');
insert into 5_tbl_game (id,play,team1,team2,p_ts,result1,result2) VALUES ('442','33','28','27','','','');
insert into 5_tbl_game (id,play,team1,team2,p_ts,result1,result2) VALUES ('443','16','13','32','1134225000','1','0');
insert into 5_tbl_game (id,play,team1,team2,p_ts,result1,result2) VALUES ('444','33','32','13','','','');
insert into 5_tbl_game (id,play,team1,team2,p_ts,result1,result2) VALUES ('445','16','17','16','1134225000','0','1');
insert into 5_tbl_game (id,play,team1,team2,p_ts,result1,result2) VALUES ('446','33','16','17','','','');
insert into 5_tbl_game (id,play,team1,team2,p_ts,result1,result2) VALUES ('447','16','11','5','1134225000','2','0');
insert into 5_tbl_game (id,play,team1,team2,p_ts,result1,result2) VALUES ('448','33','5','11','','','');
insert into 5_tbl_game (id,play,team1,team2,p_ts,result1,result2) VALUES ('449','16','12','6','1134225000','1','1');
insert into 5_tbl_game (id,play,team1,team2,p_ts,result1,result2) VALUES ('450','33','6','12','','','');
insert into 5_tbl_game (id,play,team1,team2,p_ts,result1,result2) VALUES ('451','16','31','4','1134225000','1','1');
insert into 5_tbl_game (id,play,team1,team2,p_ts,result1,result2) VALUES ('452','33','4','31','','','');
insert into 5_tbl_game (id,play,team1,team2,p_ts,result1,result2) VALUES ('453','16','2','18','1134318600','1','4');
insert into 5_tbl_game (id,play,team1,team2,p_ts,result1,result2) VALUES ('454','33','18','2','','','');
insert into 5_tbl_game (id,play,team1,team2,p_ts,result1,result2) VALUES ('455','16','10','1','1134318600','2','1');
insert into 5_tbl_game (id,play,team1,team2,p_ts,result1,result2) VALUES ('456','33','1','10','','','');
insert into 5_tbl_game (id,play,team1,team2,p_ts,result1,result2) VALUES ('457','16','8','23','1134147600','1','2');
insert into 5_tbl_game (id,play,team1,team2,p_ts,result1,result2) VALUES ('458','16','26','34','1134147600','0','0');
insert into 5_tbl_game (id,play,team1,team2,p_ts,result1,result2) VALUES ('459','16','29','35','1134309600','1','2');
insert into 5_tbl_game (id,play,team1,team2,p_ts,result1,result2) VALUES ('460','17','4','12','1134829800','0','0');
insert into 5_tbl_game (id,play,team1,team2,p_ts,result1,result2) VALUES ('461','34','12','4','','','');
insert into 5_tbl_game (id,play,team1,team2,p_ts,result1,result2) VALUES ('462','17','6','11','1134829800','4','3');
insert into 5_tbl_game (id,play,team1,team2,p_ts,result1,result2) VALUES ('463','34','11','6','','','');
insert into 5_tbl_game (id,play,team1,team2,p_ts,result1,result2) VALUES ('464','17','5','10','1134829800','1','2');
insert into 5_tbl_game (id,play,team1,team2,p_ts,result1,result2) VALUES ('465','34','10','5','','','');
insert into 5_tbl_game (id,play,team1,team2,p_ts,result1,result2) VALUES ('466','17','1','17','1134829800','3','2');
insert into 5_tbl_game (id,play,team1,team2,p_ts,result1,result2) VALUES ('467','34','17','1','','','');
insert into 5_tbl_game (id,play,team1,team2,p_ts,result1,result2) VALUES ('468','17','16','13','1134829800','2','0');
insert into 5_tbl_game (id,play,team1,team2,p_ts,result1,result2) VALUES ('469','34','13','16','','','');
insert into 5_tbl_game (id,play,team1,team2,p_ts,result1,result2) VALUES ('470','17','32','27','1134829800','1','1');
insert into 5_tbl_game (id,play,team1,team2,p_ts,result1,result2) VALUES ('471','34','27','32','','','');
insert into 5_tbl_game (id,play,team1,team2,p_ts,result1,result2) VALUES ('472','17','28','2','1134829800','3','2');
insert into 5_tbl_game (id,play,team1,team2,p_ts,result1,result2) VALUES ('473','34','2','28','','','');
insert into 5_tbl_game (id,play,team1,team2,p_ts,result1,result2) VALUES ('474','17','9','31','1134923400','1','1');
insert into 5_tbl_game (id,play,team1,team2,p_ts,result1,result2) VALUES ('475','34','31','9','','','');
insert into 5_tbl_game (id,play,team1,team2,p_ts,result1,result2) VALUES ('476','17','18','7','1134923400','1','1');
insert into 5_tbl_game (id,play,team1,team2,p_ts,result1,result2) VALUES ('477','34','7','18','','','');
insert into 5_tbl_game (id,play,team1,team2,p_ts,result1,result2) VALUES ('478','17','15','29','1134752400','2','3');
insert into 5_tbl_game (id,play,team1,team2,p_ts,result1,result2) VALUES ('479','17','36','19','1134914400','0','1');
insert into 5_tbl_game (id,play,team1,team2,p_ts,result1,result2) VALUES ('480','17','34','8','1138816800','-1','-1');
insert into 5_tbl_game (id,play,team1,team2,p_ts,result1,result2) VALUES ('490','18','35','8','1137938400','1','3');
insert into 5_tbl_game (id,play,team1,team2,p_ts,result1,result2) VALUES ('491','18','34','23','1141838100','-1','-1');
insert into 5_tbl_game (id,play,team1,team2,p_ts,result1,result2) VALUES ('492','18','21','29','1138816800','-1','-1');
insert into 5_tbl_game (id,play,team1,team2,p_ts,result1,result2) VALUES ('502','19','3','34','1138449600','1','0');
insert into 5_tbl_game (id,play,team1,team2,p_ts,result1,result2) VALUES ('503','19','19','25','1138449600','1','1');
insert into 5_tbl_game (id,play,team1,team2,p_ts,result1,result2) VALUES ('504','19','8','15','1138543200','3','1');
insert into 5_tbl_game (id,play,team1,team2,p_ts,result1,result2) VALUES ('514','20','19','3','1139148000','','');
insert into 5_tbl_game (id,play,team1,team2,p_ts,result1,result2) VALUES ('515','20','21','29','1139148000','','');
insert into 5_tbl_game (id,play,team1,team2,p_ts,result1,result2) VALUES ('516','20','35','34','1139148000','','');
insert into 5_tbl_game (id,play,team1,team2,p_ts,result1,result2) VALUES ('526','21','34','15','1139594400','','');
insert into 5_tbl_game (id,play,team1,team2,p_ts,result1,result2) VALUES ('527','21','20','19','1139594400','','');
insert into 5_tbl_game (id,play,team1,team2,p_ts,result1,result2) VALUES ('528','21','8','14','1139858100','','');

# Tabellenname: 5_tbl_play 
DROP TABLE IF EXISTS 5_tbl_play; 
CREATE TABLE 5_tbl_play (
    id int(5) NOT NULL auto_increment,
    season int(2) DEFAULT '0' NOT NULL,
    recorded int(1) DEFAULT '0' NOT NULL,
    completed int(1) DEFAULT '0' NOT NULL,
   PRIMARY KEY (id)
); 
insert into 5_tbl_play (id,season,recorded,completed) VALUES ('1','5','2','1');
insert into 5_tbl_play (id,season,recorded,completed) VALUES ('2','5','2','1');
insert into 5_tbl_play (id,season,recorded,completed) VALUES ('3','5','2','1');
insert into 5_tbl_play (id,season,recorded,completed) VALUES ('4','5','2','1');
insert into 5_tbl_play (id,season,recorded,completed) VALUES ('5','5','2','1');
insert into 5_tbl_play (id,season,recorded,completed) VALUES ('6','5','2','1');
insert into 5_tbl_play (id,season,recorded,completed) VALUES ('7','5','2','1');
insert into 5_tbl_play (id,season,recorded,completed) VALUES ('8','5','2','1');
insert into 5_tbl_play (id,season,recorded,completed) VALUES ('9','5','2','1');
insert into 5_tbl_play (id,season,recorded,completed) VALUES ('10','5','2','1');
insert into 5_tbl_play (id,season,recorded,completed) VALUES ('11','5','2','1');
insert into 5_tbl_play (id,season,recorded,completed) VALUES ('12','5','2','1');
insert into 5_tbl_play (id,season,recorded,completed) VALUES ('13','5','2','1');
insert into 5_tbl_play (id,season,recorded,completed) VALUES ('14','5','2','1');
insert into 5_tbl_play (id,season,recorded,completed) VALUES ('15','5','2','1');
insert into 5_tbl_play (id,season,recorded,completed) VALUES ('16','5','2','1');
insert into 5_tbl_play (id,season,recorded,completed) VALUES ('17','5','2','0');
insert into 5_tbl_play (id,season,recorded,completed) VALUES ('18','5','2','0');
insert into 5_tbl_play (id,season,recorded,completed) VALUES ('19','5','2','0');
insert into 5_tbl_play (id,season,recorded,completed) VALUES ('20','5','2','0');
insert into 5_tbl_play (id,season,recorded,completed) VALUES ('21','5','2','0');
insert into 5_tbl_play (id,season,recorded,completed) VALUES ('22','5','0','0');
insert into 5_tbl_play (id,season,recorded,completed) VALUES ('23','5','0','0');
insert into 5_tbl_play (id,season,recorded,completed) VALUES ('24','5','0','0');
insert into 5_tbl_play (id,season,recorded,completed) VALUES ('25','5','0','0');
insert into 5_tbl_play (id,season,recorded,completed) VALUES ('26','5','0','0');
insert into 5_tbl_play (id,season,recorded,completed) VALUES ('27','5','0','0');
insert into 5_tbl_play (id,season,recorded,completed) VALUES ('28','5','0','0');
insert into 5_tbl_play (id,season,recorded,completed) VALUES ('29','5','0','0');
insert into 5_tbl_play (id,season,recorded,completed) VALUES ('30','5','0','0');
insert into 5_tbl_play (id,season,recorded,completed) VALUES ('31','5','0','0');
insert into 5_tbl_play (id,season,recorded,completed) VALUES ('32','5','0','0');
insert into 5_tbl_play (id,season,recorded,completed) VALUES ('33','5','0','0');
insert into 5_tbl_play (id,season,recorded,completed) VALUES ('34','5','0','0');

# Tabellenname: 5_tbl_points 
DROP TABLE IF EXISTS 5_tbl_points; 
CREATE TABLE 5_tbl_points (
    id int(5) NOT NULL auto_increment,
    play int(5) DEFAULT '0' NOT NULL,
    userID int(2) DEFAULT '0' NOT NULL,
    points int(2),
   PRIMARY KEY (id)
); 
insert into 5_tbl_points (id,play,userID,points) VALUES ('36','1','1','13');
insert into 5_tbl_points (id,play,userID,points) VALUES ('37','1','2','10');
insert into 5_tbl_points (id,play,userID,points) VALUES ('38','1','3','10');
insert into 5_tbl_points (id,play,userID,points) VALUES ('39','1','4','13');
insert into 5_tbl_points (id,play,userID,points) VALUES ('40','1','5','7');
insert into 5_tbl_points (id,play,userID,points) VALUES ('41','1','6','10');
insert into 5_tbl_points (id,play,userID,points) VALUES ('42','1','7','8');
insert into 5_tbl_points (id,play,userID,points) VALUES ('43','2','1','6');
insert into 5_tbl_points (id,play,userID,points) VALUES ('44','2','2','9');
insert into 5_tbl_points (id,play,userID,points) VALUES ('45','2','3','7');
insert into 5_tbl_points (id,play,userID,points) VALUES ('46','2','4','9');
insert into 5_tbl_points (id,play,userID,points) VALUES ('47','2','5','10');
insert into 5_tbl_points (id,play,userID,points) VALUES ('48','2','6','12');
insert into 5_tbl_points (id,play,userID,points) VALUES ('49','2','7','9');
insert into 5_tbl_points (id,play,userID,points) VALUES ('50','3','1','5');
insert into 5_tbl_points (id,play,userID,points) VALUES ('51','3','2','4');
insert into 5_tbl_points (id,play,userID,points) VALUES ('52','3','3','4');
insert into 5_tbl_points (id,play,userID,points) VALUES ('53','3','4','7');
insert into 5_tbl_points (id,play,userID,points) VALUES ('54','3','5','3');
insert into 5_tbl_points (id,play,userID,points) VALUES ('55','3','6','8');
insert into 5_tbl_points (id,play,userID,points) VALUES ('56','3','7','6');
insert into 5_tbl_points (id,play,userID,points) VALUES ('57','4','1','7');
insert into 5_tbl_points (id,play,userID,points) VALUES ('58','4','2','10');
insert into 5_tbl_points (id,play,userID,points) VALUES ('59','4','3','10');
insert into 5_tbl_points (id,play,userID,points) VALUES ('60','4','4','7');
insert into 5_tbl_points (id,play,userID,points) VALUES ('61','4','5','12');
insert into 5_tbl_points (id,play,userID,points) VALUES ('62','4','6','6');
insert into 5_tbl_points (id,play,userID,points) VALUES ('63','4','7','9');
insert into 5_tbl_points (id,play,userID,points) VALUES ('64','5','1','10');
insert into 5_tbl_points (id,play,userID,points) VALUES ('65','5','2','9');
insert into 5_tbl_points (id,play,userID,points) VALUES ('66','5','3','13');
insert into 5_tbl_points (id,play,userID,points) VALUES ('67','5','4','5');
insert into 5_tbl_points (id,play,userID,points) VALUES ('68','5','5','10');
insert into 5_tbl_points (id,play,userID,points) VALUES ('69','5','6','5');
insert into 5_tbl_points (id,play,userID,points) VALUES ('70','5','7','9');
insert into 5_tbl_points (id,play,userID,points) VALUES ('71','6','1','6');
insert into 5_tbl_points (id,play,userID,points) VALUES ('72','6','2','9');
insert into 5_tbl_points (id,play,userID,points) VALUES ('73','6','3','12');
insert into 5_tbl_points (id,play,userID,points) VALUES ('74','6','4','11');
insert into 5_tbl_points (id,play,userID,points) VALUES ('75','6','5','12');
insert into 5_tbl_points (id,play,userID,points) VALUES ('76','6','6','9');
insert into 5_tbl_points (id,play,userID,points) VALUES ('77','6','7','8');
insert into 5_tbl_points (id,play,userID,points) VALUES ('78','7','1','7');
insert into 5_tbl_points (id,play,userID,points) VALUES ('79','7','2','19');
insert into 5_tbl_points (id,play,userID,points) VALUES ('80','7','3','8');
insert into 5_tbl_points (id,play,userID,points) VALUES ('81','7','4','14');
insert into 5_tbl_points (id,play,userID,points) VALUES ('82','7','5','10');
insert into 5_tbl_points (id,play,userID,points) VALUES ('83','7','6','12');
insert into 5_tbl_points (id,play,userID,points) VALUES ('84','7','7','2');
insert into 5_tbl_points (id,play,userID,points) VALUES ('85','8','1','7');
insert into 5_tbl_points (id,play,userID,points) VALUES ('86','8','2','8');
insert into 5_tbl_points (id,play,userID,points) VALUES ('87','8','3','0');
insert into 5_tbl_points (id,play,userID,points) VALUES ('88','8','4','13');
insert into 5_tbl_points (id,play,userID,points) VALUES ('89','8','5','10');
insert into 5_tbl_points (id,play,userID,points) VALUES ('90','8','6','8');
insert into 5_tbl_points (id,play,userID,points) VALUES ('91','8','7','7');
insert into 5_tbl_points (id,play,userID,points) VALUES ('106','9','1','9');
insert into 5_tbl_points (id,play,userID,points) VALUES ('107','9','2','5');
insert into 5_tbl_points (id,play,userID,points) VALUES ('108','9','3','6');
insert into 5_tbl_points (id,play,userID,points) VALUES ('109','9','4','10');
insert into 5_tbl_points (id,play,userID,points) VALUES ('110','9','5','5');
insert into 5_tbl_points (id,play,userID,points) VALUES ('111','9','6','8');
insert into 5_tbl_points (id,play,userID,points) VALUES ('112','9','7','5');
insert into 5_tbl_points (id,play,userID,points) VALUES ('113','10','1','9');
insert into 5_tbl_points (id,play,userID,points) VALUES ('114','10','2','7');
insert into 5_tbl_points (id,play,userID,points) VALUES ('115','10','3','11');
insert into 5_tbl_points (id,play,userID,points) VALUES ('116','10','4','12');
insert into 5_tbl_points (id,play,userID,points) VALUES ('117','10','5','4');
insert into 5_tbl_points (id,play,userID,points) VALUES ('118','10','6','6');
insert into 5_tbl_points (id,play,userID,points) VALUES ('119','10','7','8');
insert into 5_tbl_points (id,play,userID,points) VALUES ('134','11','1','4');
insert into 5_tbl_points (id,play,userID,points) VALUES ('135','11','2','11');
insert into 5_tbl_points (id,play,userID,points) VALUES ('136','11','3','8');
insert into 5_tbl_points (id,play,userID,points) VALUES ('137','11','4','8');
insert into 5_tbl_points (id,play,userID,points) VALUES ('138','11','5','8');
insert into 5_tbl_points (id,play,userID,points) VALUES ('139','11','6','6');
insert into 5_tbl_points (id,play,userID,points) VALUES ('140','11','7','7');
insert into 5_tbl_points (id,play,userID,points) VALUES ('141','12','1','7');
insert into 5_tbl_points (id,play,userID,points) VALUES ('142','12','2','12');
insert into 5_tbl_points (id,play,userID,points) VALUES ('143','12','3','10');
insert into 5_tbl_points (id,play,userID,points) VALUES ('144','12','4','9');
insert into 5_tbl_points (id,play,userID,points) VALUES ('145','12','5','10');
insert into 5_tbl_points (id,play,userID,points) VALUES ('146','12','6','12');
insert into 5_tbl_points (id,play,userID,points) VALUES ('147','12','7','4');
insert into 5_tbl_points (id,play,userID,points) VALUES ('148','13','1','8');
insert into 5_tbl_points (id,play,userID,points) VALUES ('149','13','2','7');
insert into 5_tbl_points (id,play,userID,points) VALUES ('150','13','3','7');
insert into 5_tbl_points (id,play,userID,points) VALUES ('151','13','4','8');
insert into 5_tbl_points (id,play,userID,points) VALUES ('152','13','5','5');
insert into 5_tbl_points (id,play,userID,points) VALUES ('153','13','6','7');
insert into 5_tbl_points (id,play,userID,points) VALUES ('154','13','7','9');
insert into 5_tbl_points (id,play,userID,points) VALUES ('155','16','1','6');
insert into 5_tbl_points (id,play,userID,points) VALUES ('156','16','2','9');
insert into 5_tbl_points (id,play,userID,points) VALUES ('157','16','3','12');
insert into 5_tbl_points (id,play,userID,points) VALUES ('158','16','4','6');
insert into 5_tbl_points (id,play,userID,points) VALUES ('159','16','5','0');
insert into 5_tbl_points (id,play,userID,points) VALUES ('160','16','6','0');
insert into 5_tbl_points (id,play,userID,points) VALUES ('161','16','7','15');
insert into 5_tbl_points (id,play,userID,points) VALUES ('162','15','1','7');
insert into 5_tbl_points (id,play,userID,points) VALUES ('163','15','2','12');
insert into 5_tbl_points (id,play,userID,points) VALUES ('164','15','3','11');
insert into 5_tbl_points (id,play,userID,points) VALUES ('165','15','4','5');
insert into 5_tbl_points (id,play,userID,points) VALUES ('166','15','5','10');
insert into 5_tbl_points (id,play,userID,points) VALUES ('167','15','6','10');
insert into 5_tbl_points (id,play,userID,points) VALUES ('168','15','7','10');
insert into 5_tbl_points (id,play,userID,points) VALUES ('169','14','1','4');
insert into 5_tbl_points (id,play,userID,points) VALUES ('170','14','2','3');
insert into 5_tbl_points (id,play,userID,points) VALUES ('171','14','3','8');
insert into 5_tbl_points (id,play,userID,points) VALUES ('172','14','4','7');
insert into 5_tbl_points (id,play,userID,points) VALUES ('173','14','5','0');
insert into 5_tbl_points (id,play,userID,points) VALUES ('174','14','6','5');
insert into 5_tbl_points (id,play,userID,points) VALUES ('175','14','7','6');

# Tabellenname: 5_tbl_team1 
DROP TABLE IF EXISTS 5_tbl_team1; 
CREATE TABLE 5_tbl_team1 (
    id int(2) DEFAULT '0' NOT NULL,
    name char(50) NOT NULL,
    short char(6),
    league int(1)
); 
insert into 5_tbl_team1 (id,name,short,league) VALUES ('1','1.FC Kaiserslautern','1.FCK','1');
insert into 5_tbl_team1 (id,name,short,league) VALUES ('2','1.FC Kln','Kln','1');
insert into 5_tbl_team1 (id,name,short,league) VALUES ('3','SC Freiburg','Freib','2');
insert into 5_tbl_team1 (id,name,short,league) VALUES ('4','Bayer 04 Leverkusen','Bayer','1');
insert into 5_tbl_team1 (id,name,short,league) VALUES ('5','Borussia Dortmund','BVB','1');
insert into 5_tbl_team1 (id,name,short,league) VALUES ('6','Borussia MnchenGladbach','MGladb','1');
insert into 5_tbl_team1 (id,name,short,league) VALUES ('7','Hamburger SV','HSV','1');
insert into 5_tbl_team1 (id,name,short,league) VALUES ('8','Hansa Rostock','Hansa','2');
insert into 5_tbl_team1 (id,name,short,league) VALUES ('9','Hertha BSC Berlin','Hertha','1');
insert into 5_tbl_team1 (id,name,short,league) VALUES ('10','FC Bayern Mnchen','FCB','1');
insert into 5_tbl_team1 (id,name,short,league) VALUES ('11','Eintracht Frankfurt','Frank','1');
insert into 5_tbl_team1 (id,name,short,league) VALUES ('12','Hannover 96','Hann96','1');
insert into 5_tbl_team1 (id,name,short,league) VALUES ('13','FC Schalke 04','S04','1');
insert into 5_tbl_team1 (id,name,short,league) VALUES ('14','VfL Bochum','Bochum','2');
insert into 5_tbl_team1 (id,name,short,league) VALUES ('15','TSV 1860 Mnchen','1860','2');
insert into 5_tbl_team1 (id,name,short,league) VALUES ('16','VfB Stuttgart','VfB','1');
insert into 5_tbl_team1 (id,name,short,league) VALUES ('17','VfL Wolfsburg','Wolfsb','1');
insert into 5_tbl_team1 (id,name,short,league) VALUES ('18','Werder Bremen','Werder','1');
insert into 5_tbl_team1 (id,name,short,league) VALUES ('19','Erzgebirge Aue','Aue','2');
insert into 5_tbl_team1 (id,name,short,league) VALUES ('20','Karlsruher SC','KSC','2');
insert into 5_tbl_team1 (id,name,short,league) VALUES ('21','Eintracht Braunschweig','Braun','2');
insert into 5_tbl_team1 (id,name,short,league) VALUES ('22','TSV Alemannia Aachen','Aachen','2');
insert into 5_tbl_team1 (id,name,short,league) VALUES ('23','SpVgg Greuther Frth','Frth','2');
insert into 5_tbl_team1 (id,name,short,league) VALUES ('24','SC Paderborn 07','SCPad','2');
insert into 5_tbl_team1 (id,name,short,league) VALUES ('25','Wacker Burghausen','Wacker','2');
insert into 5_tbl_team1 (id,name,short,league) VALUES ('26','LR Ahlen','Ahlen','2');
insert into 5_tbl_team1 (id,name,short,league) VALUES ('27','MSV Duisburg','Duisb','1');
insert into 5_tbl_team1 (id,name,short,league) VALUES ('28','DSC Arminia Bielefeld','Biele','1');
insert into 5_tbl_team1 (id,name,short,league) VALUES ('29','Energie Cottbus','Cottb','2');
insert into 5_tbl_team1 (id,name,short,league) VALUES ('30','SpVgg Unterhaching','UHach','2');
insert into 5_tbl_team1 (id,name,short,league) VALUES ('31','1.FC Nrnberg','1.FCN','1');
insert into 5_tbl_team1 (id,name,short,league) VALUES ('32','FSV Mainz 05','Mainz','1');
insert into 5_tbl_team1 (id,name,short,league) VALUES ('33','1.FC Saarbrcken','Saarbr','2');
insert into 5_tbl_team1 (id,name,short,league) VALUES ('34','Dynamo Dresden','DynDrd','2');
insert into 5_tbl_team1 (id,name,short,league) VALUES ('35','Kickers Offenbach','Kicker','2');
insert into 5_tbl_team1 (id,name,short,league) VALUES ('36','Sportfreunde Siegen','Siegen','2');
insert into 5_tbl_team1 (id,name,short,league) VALUES ('-1','NULL','NULL','2');

# Tabellenname: 5_tbl_team2 
DROP TABLE IF EXISTS 5_tbl_team2; 
CREATE TABLE 5_tbl_team2 (
    id2 int(2) DEFAULT '0' NOT NULL,
    name2 char(50) NOT NULL,
    short2 char(6),
    league2 int(1)
); 
insert into 5_tbl_team2 (id2,name2,short2,league2) VALUES ('1','1.FC Kaiserslautern','1.FCK','1');
insert into 5_tbl_team2 (id2,name2,short2,league2) VALUES ('2','1.FC Kln','Kln','1');
insert into 5_tbl_team2 (id2,name2,short2,league2) VALUES ('3','SC Freiburg','Freib','2');
insert into 5_tbl_team2 (id2,name2,short2,league2) VALUES ('4','Bayer 04 Leverkusen','Bayer','1');
insert into 5_tbl_team2 (id2,name2,short2,league2) VALUES ('5','Borussia Dortmund','BVB','1');
insert into 5_tbl_team2 (id2,name2,short2,league2) VALUES ('6','Borussia MnchenGladbach','MGladb','1');
insert into 5_tbl_team2 (id2,name2,short2,league2) VALUES ('7','Hamburger SV','HSV','1');
insert into 5_tbl_team2 (id2,name2,short2,league2) VALUES ('8','Hansa Rostock','Hansa','2');
insert into 5_tbl_team2 (id2,name2,short2,league2) VALUES ('9','Hertha BSC Berlin','Hertha','1');
insert into 5_tbl_team2 (id2,name2,short2,league2) VALUES ('10','FC Bayern Mnchen','FCB','1');
insert into 5_tbl_team2 (id2,name2,short2,league2) VALUES ('11','Eintracht Frankfurt','Frank','1');
insert into 5_tbl_team2 (id2,name2,short2,league2) VALUES ('12','Hannover 96','Hann96','1');
insert into 5_tbl_team2 (id2,name2,short2,league2) VALUES ('13','FC Schalke 04','S04','1');
insert into 5_tbl_team2 (id2,name2,short2,league2) VALUES ('14','VfL Bochum','Bochum','2');
insert into 5_tbl_team2 (id2,name2,short2,league2) VALUES ('15','TSV 1860 Mnchen','1860','2');
insert into 5_tbl_team2 (id2,name2,short2,league2) VALUES ('16','VfB Stuttgart','VfB','1');
insert into 5_tbl_team2 (id2,name2,short2,league2) VALUES ('17','VfL Wolfsburg','Wolfsb','1');
insert into 5_tbl_team2 (id2,name2,short2,league2) VALUES ('18','Werder Bremen','Werder','1');
insert into 5_tbl_team2 (id2,name2,short2,league2) VALUES ('19','Erzgebirge Aue','Aue','2');
insert into 5_tbl_team2 (id2,name2,short2,league2) VALUES ('20','Karlsruher SC','KSC','2');
insert into 5_tbl_team2 (id2,name2,short2,league2) VALUES ('21','Eintracht Braunschweig','Braun','2');
insert into 5_tbl_team2 (id2,name2,short2,league2) VALUES ('22','TSV Alemannia Aachen','Aachen','2');
insert into 5_tbl_team2 (id2,name2,short2,league2) VALUES ('23','SpVgg Greuther Frth','Frth','2');
insert into 5_tbl_team2 (id2,name2,short2,league2) VALUES ('24','SC Paderborn 07','SCPad','2');
insert into 5_tbl_team2 (id2,name2,short2,league2) VALUES ('25','Wacker Burghausen','Wacker','2');
insert into 5_tbl_team2 (id2,name2,short2,league2) VALUES ('26','LR Ahlen','Ahlen','2');
insert into 5_tbl_team2 (id2,name2,short2,league2) VALUES ('27','MSV Duisburg','Duisb','1');
insert into 5_tbl_team2 (id2,name2,short2,league2) VALUES ('28','DSC Arminia Bielefeld','Biele','1');
insert into 5_tbl_team2 (id2,name2,short2,league2) VALUES ('29','Energie Cottbus','Cottb','2');
insert into 5_tbl_team2 (id2,name2,short2,league2) VALUES ('30','SpVgg Unterhaching','UHach','2');
insert into 5_tbl_team2 (id2,name2,short2,league2) VALUES ('31','1.FC Nrnberg','1.FCN','1');
insert into 5_tbl_team2 (id2,name2,short2,league2) VALUES ('32','FSV Mainz 05','Mainz','1');
insert into 5_tbl_team2 (id2,name2,short2,league2) VALUES ('33','1.FC Saarbrcken','Saarbr','2');
insert into 5_tbl_team2 (id2,name2,short2,league2) VALUES ('34','Dynamo Dresden','DynDrd','2');
insert into 5_tbl_team2 (id2,name2,short2,league2) VALUES ('35','Kickers Offenbach','Kicker','2');
insert into 5_tbl_team2 (id2,name2,short2,league2) VALUES ('36','Sportfreunde Siegen','Siegen','2');
insert into 5_tbl_team2 (id2,name2,short2,league2) VALUES ('-1','NULL','NULL','2');

# Tabellenname: 5_tbl_user 
DROP TABLE IF EXISTS 5_tbl_user; 
CREATE TABLE 5_tbl_user (
    id int(2) NOT NULL auto_increment,
    first_name char(50) NOT NULL,
    last_name char(50) NOT NULL,
    nick_name char(50) NOT NULL,
    password char(10) NOT NULL,
    email char(50),
    registration int(10),
    last_loggin int(10),
    show_tipps int(1),
    show_long int(1),
    table_head char(7),
    table_lineA char(7),
    table_lineB char(7),
    table_colA char(7),
    table_colB char(7),
    table_max_points char(7),
    logged_in int(1),
    admin int(1),
    phpMySQL int(1),
   PRIMARY KEY (id)
); 
insert into 5_tbl_user (id,first_name,last_name,nick_name,password,email,registration,last_loggin,show_tipps,show_long,table_head,table_lineA,table_lineB,table_colA,table_colB,table_max_points,logged_in,admin,phpMySQL) VALUES ('2','Michael','Voigt','micha','micha','michael.voigt@web.de','1041968570','1138709945','2','1','#099990','#ccccc0','#ffff22','#aaaa00','#EBEB00','#CC0000','0','1','1');
insert into 5_tbl_user (id,first_name,last_name,nick_name,password,email,registration,last_loggin,show_tipps,show_long,table_head,table_lineA,table_lineB,table_colA,table_colB,table_max_points,logged_in,admin,phpMySQL) VALUES ('5','Markus','Heinicke','markus','sputnik','markus.heinicke@web.de','1041968570','1138276864','2','1','#999999','#cccccc','#ffffff','#aaaaaa','#EBEBEB','#aa1144','0','0','0');
insert into 5_tbl_user (id,first_name,last_name,nick_name,password,email,registration,last_loggin,show_tipps,show_long,table_head,table_lineA,table_lineB,table_colA,table_colB,table_max_points,logged_in,admin,phpMySQL) VALUES ('1','Chris','Hnerfrst','hueni','hwd hn','chris.huenerfuerst@web.de','1041968570','1138365038','0','1','#999999','#cccccc','#ffffff','#aaaaaa','#EBEBEB','#aa1144','0','1','0');
insert into 5_tbl_user (id,first_name,last_name,nick_name,password,email,registration,last_loggin,show_tipps,show_long,table_head,table_lineA,table_lineB,table_colA,table_colB,table_max_points,logged_in,admin,phpMySQL) VALUES ('6','Tobias','Buschmann','tobi','tobi','post@tobias-buschmann.de','1041968570','1138378012','1','0','#999999','#cccccc','#ffffff','#aaaaaa','#EBEBEB','#aa1144','1','1','0');
insert into 5_tbl_user (id,first_name,last_name,nick_name,password,email,registration,last_loggin,show_tipps,show_long,table_head,table_lineA,table_lineB,table_colA,table_colB,table_max_points,logged_in,admin,phpMySQL) VALUES ('4','Nico','Schreier','nico','hwdtips','nico_at_work@gmx.de','1041968570','1138775595','1','0','#999999','#cccccc','#ffffff','#aaaaaa','#EBEBEB','#aa1144','0','0','0');
insert into 5_tbl_user (id,first_name,last_name,nick_name,password,email,registration,last_loggin,show_tipps,show_long,table_head,table_lineA,table_lineB,table_colA,table_colB,table_max_points,logged_in,admin,phpMySQL) VALUES ('3','Stev','Thomas','stev','bayern','stevi-wonder@ngi.de','1041968570','1138546487','1','0','#999999','#cccccc','#ffffff','#aaaaaa','#EBEBEB','#aa1144','1','0','0');
insert into 5_tbl_user (id,first_name,last_name,nick_name,password,email,registration,last_loggin,show_tipps,show_long,table_head,table_lineA,table_lineB,table_colA,table_colB,table_max_points,logged_in,admin,phpMySQL) VALUES ('7','Marcel','Liebing','marcelly','marcelly','marcelly@web.de','1121977725','1138720921','1','0','','','','','','','0','0','0');

# Tabellenname: 5_tbl_wins 
DROP TABLE IF EXISTS 5_tbl_wins; 
CREATE TABLE 5_tbl_wins (
    id int(5) NOT NULL auto_increment,
    play int(5),
    userID int(2) DEFAULT '0' NOT NULL,
    wins int(2),
   PRIMARY KEY (id)
); 
insert into 5_tbl_wins (id,play,userID,wins) VALUES ('36','1','1','3');
insert into 5_tbl_wins (id,play,userID,wins) VALUES ('37','1','2','1');
insert into 5_tbl_wins (id,play,userID,wins) VALUES ('38','1','3','1');
insert into 5_tbl_wins (id,play,userID,wins) VALUES ('39','1','4','3');
insert into 5_tbl_wins (id,play,userID,wins) VALUES ('40','1','5','0');
insert into 5_tbl_wins (id,play,userID,wins) VALUES ('41','1','6','1');
insert into 5_tbl_wins (id,play,userID,wins) VALUES ('42','1','7','0');
insert into 5_tbl_wins (id,play,userID,wins) VALUES ('43','2','1','0');
insert into 5_tbl_wins (id,play,userID,wins) VALUES ('44','2','2','1');
insert into 5_tbl_wins (id,play,userID,wins) VALUES ('45','2','3','0');
insert into 5_tbl_wins (id,play,userID,wins) VALUES ('46','2','4','1');
insert into 5_tbl_wins (id,play,userID,wins) VALUES ('47','2','5','2');
insert into 5_tbl_wins (id,play,userID,wins) VALUES ('48','2','6','3');
insert into 5_tbl_wins (id,play,userID,wins) VALUES ('49','2','7','1');
insert into 5_tbl_wins (id,play,userID,wins) VALUES ('50','3','1','0');
insert into 5_tbl_wins (id,play,userID,wins) VALUES ('51','3','2','0');
insert into 5_tbl_wins (id,play,userID,wins) VALUES ('52','3','3','0');
insert into 5_tbl_wins (id,play,userID,wins) VALUES ('53','3','4','2');
insert into 5_tbl_wins (id,play,userID,wins) VALUES ('54','3','5','0');
insert into 5_tbl_wins (id,play,userID,wins) VALUES ('55','3','6','3');
insert into 5_tbl_wins (id,play,userID,wins) VALUES ('56','3','7','1');
insert into 5_tbl_wins (id,play,userID,wins) VALUES ('57','4','1','0');
insert into 5_tbl_wins (id,play,userID,wins) VALUES ('58','4','2','2');
insert into 5_tbl_wins (id,play,userID,wins) VALUES ('59','4','3','2');
insert into 5_tbl_wins (id,play,userID,wins) VALUES ('60','4','4','0');
insert into 5_tbl_wins (id,play,userID,wins) VALUES ('61','4','5','3');
insert into 5_tbl_wins (id,play,userID,wins) VALUES ('62','4','6','0');
insert into 5_tbl_wins (id,play,userID,wins) VALUES ('63','4','7','0');
insert into 5_tbl_wins (id,play,userID,wins) VALUES ('64','5','1','2');
insert into 5_tbl_wins (id,play,userID,wins) VALUES ('65','5','2','0');
insert into 5_tbl_wins (id,play,userID,wins) VALUES ('66','5','3','3');
insert into 5_tbl_wins (id,play,userID,wins) VALUES ('67','5','4','0');
insert into 5_tbl_wins (id,play,userID,wins) VALUES ('68','5','5','2');
insert into 5_tbl_wins (id,play,userID,wins) VALUES ('69','5','6','0');
insert into 5_tbl_wins (id,play,userID,wins) VALUES ('70','5','7','0');
insert into 5_tbl_wins (id,play,userID,wins) VALUES ('71','6','1','0');
insert into 5_tbl_wins (id,play,userID,wins) VALUES ('72','6','2','0');
insert into 5_tbl_wins (id,play,userID,wins) VALUES ('73','6','3','3');
insert into 5_tbl_wins (id,play,userID,wins) VALUES ('74','6','4','1');
insert into 5_tbl_wins (id,play,userID,wins) VALUES ('75','6','5','3');
insert into 5_tbl_wins (id,play,userID,wins) VALUES ('76','6','6','0');
insert into 5_tbl_wins (id,play,userID,wins) VALUES ('77','6','7','0');
insert into 5_tbl_wins (id,play,userID,wins) VALUES ('78','7','1','0');
insert into 5_tbl_wins (id,play,userID,wins) VALUES ('79','7','2','3');
insert into 5_tbl_wins (id,play,userID,wins) VALUES ('80','7','3','0');
insert into 5_tbl_wins (id,play,userID,wins) VALUES ('81','7','4','2');
insert into 5_tbl_wins (id,play,userID,wins) VALUES ('82','7','5','0');
insert into 5_tbl_wins (id,play,userID,wins) VALUES ('83','7','6','1');
insert into 5_tbl_wins (id,play,userID,wins) VALUES ('84','7','7','0');
insert into 5_tbl_wins (id,play,userID,wins) VALUES ('85','8','1','0');
insert into 5_tbl_wins (id,play,userID,wins) VALUES ('86','8','2','1');
insert into 5_tbl_wins (id,play,userID,wins) VALUES ('87','8','3','0');
insert into 5_tbl_wins (id,play,userID,wins) VALUES ('88','8','4','3');
insert into 5_tbl_wins (id,play,userID,wins) VALUES ('89','8','5','2');
insert into 5_tbl_wins (id,play,userID,wins) VALUES ('90','8','6','1');
insert into 5_tbl_wins (id,play,userID,wins) VALUES ('91','8','7','0');
insert into 5_tbl_wins (id,play,userID,wins) VALUES ('106','9','1','2');
insert into 5_tbl_wins (id,play,userID,wins) VALUES ('107','9','2','0');
insert into 5_tbl_wins (id,play,userID,wins) VALUES ('108','9','3','0');
insert into 5_tbl_wins (id,play,userID,wins) VALUES ('109','9','4','3');
insert into 5_tbl_wins (id,play,userID,wins) VALUES ('110','9','5','0');
insert into 5_tbl_wins (id,play,userID,wins) VALUES ('111','9','6','1');
insert into 5_tbl_wins (id,play,userID,wins) VALUES ('112','9','7','0');
insert into 5_tbl_wins (id,play,userID,wins) VALUES ('113','10','1','1');
insert into 5_tbl_wins (id,play,userID,wins) VALUES ('114','10','2','0');
insert into 5_tbl_wins (id,play,userID,wins) VALUES ('115','10','3','2');
insert into 5_tbl_wins (id,play,userID,wins) VALUES ('116','10','4','3');
insert into 5_tbl_wins (id,play,userID,wins) VALUES ('117','10','5','0');
insert into 5_tbl_wins (id,play,userID,wins) VALUES ('118','10','6','0');
insert into 5_tbl_wins (id,play,userID,wins) VALUES ('119','10','7','0');
insert into 5_tbl_wins (id,play,userID,wins) VALUES ('134','11','1','0');
insert into 5_tbl_wins (id,play,userID,wins) VALUES ('135','11','2','3');
insert into 5_tbl_wins (id,play,userID,wins) VALUES ('136','11','3','2');
insert into 5_tbl_wins (id,play,userID,wins) VALUES ('137','11','4','2');
insert into 5_tbl_wins (id,play,userID,wins) VALUES ('138','11','5','2');
insert into 5_tbl_wins (id,play,userID,wins) VALUES ('139','11','6','0');
insert into 5_tbl_wins (id,play,userID,wins) VALUES ('140','11','7','0');
insert into 5_tbl_wins (id,play,userID,wins) VALUES ('141','12','1','0');
insert into 5_tbl_wins (id,play,userID,wins) VALUES ('142','12','2','3');
insert into 5_tbl_wins (id,play,userID,wins) VALUES ('143','12','3','1');
insert into 5_tbl_wins (id,play,userID,wins) VALUES ('144','12','4','0');
insert into 5_tbl_wins (id,play,userID,wins) VALUES ('145','12','5','1');
insert into 5_tbl_wins (id,play,userID,wins) VALUES ('146','12','6','3');
insert into 5_tbl_wins (id,play,userID,wins) VALUES ('147','12','7','0');
insert into 5_tbl_wins (id,play,userID,wins) VALUES ('148','13','1','2');
insert into 5_tbl_wins (id,play,userID,wins) VALUES ('149','13','2','0');
insert into 5_tbl_wins (id,play,userID,wins) VALUES ('150','13','3','0');
insert into 5_tbl_wins (id,play,userID,wins) VALUES ('151','13','4','2');
insert into 5_tbl_wins (id,play,userID,wins) VALUES ('152','13','5','0');
insert into 5_tbl_wins (id,play,userID,wins) VALUES ('153','13','6','0');
insert into 5_tbl_wins (id,play,userID,wins) VALUES ('154','13','7','3');
insert into 5_tbl_wins (id,play,userID,wins) VALUES ('155','16','1','0');
insert into 5_tbl_wins (id,play,userID,wins) VALUES ('156','16','2','1');
insert into 5_tbl_wins (id,play,userID,wins) VALUES ('157','16','3','2');
insert into 5_tbl_wins (id,play,userID,wins) VALUES ('158','16','4','0');
insert into 5_tbl_wins (id,play,userID,wins) VALUES ('159','16','5','0');
insert into 5_tbl_wins (id,play,userID,wins) VALUES ('160','16','6','0');
insert into 5_tbl_wins (id,play,userID,wins) VALUES ('161','16','7','3');
insert into 5_tbl_wins (id,play,userID,wins) VALUES ('162','15','1','0');
insert into 5_tbl_wins (id,play,userID,wins) VALUES ('163','15','2','3');
insert into 5_tbl_wins (id,play,userID,wins) VALUES ('164','15','3','2');
insert into 5_tbl_wins (id,play,userID,wins) VALUES ('165','15','4','0');
insert into 5_tbl_wins (id,play,userID,wins) VALUES ('166','15','5','1');
insert into 5_tbl_wins (id,play,userID,wins) VALUES ('167','15','6','1');
insert into 5_tbl_wins (id,play,userID,wins) VALUES ('168','15','7','1');
insert into 5_tbl_wins (id,play,userID,wins) VALUES ('169','14','1','0');
insert into 5_tbl_wins (id,play,userID,wins) VALUES ('170','14','2','0');
insert into 5_tbl_wins (id,play,userID,wins) VALUES ('171','14','3','3');
insert into 5_tbl_wins (id,play,userID,wins) VALUES ('172','14','4','2');
insert into 5_tbl_wins (id,play,userID,wins) VALUES ('173','14','5','0');
insert into 5_tbl_wins (id,play,userID,wins) VALUES ('174','14','6','0');
insert into 5_tbl_wins (id,play,userID,wins) VALUES ('175','14','7','1');

