# Backup created by Transatlantic-Web am 17-08-2005 00:02
# Datenbank: usr_web155_1 
# Tabellenname: 5_tbl_bet 
DROP TABLE IF EXISTS 5_tbl_bet; 
CREATE TABLE 5_tbl_bet (
    id int(6) NOT NULL auto_increment,
    userID int(2),
    game int(10) DEFAULT '0' NOT NULL,
    bet1 int(2) DEFAULT '0' NOT NULL,
    bet2 int(2) DEFAULT '0' NOT NULL,
    bet_ts int(10),
   PRIMARY KEY (id)
); 
insert into 5_tbl_bet (id,userID,game,bet1,bet2,bet_ts) VALUES ('25','2','19','2','0','1122882061');
insert into 5_tbl_bet (id,userID,game,bet1,bet2,bet_ts) VALUES ('26','2','21','3','1','1122882061');
insert into 5_tbl_bet (id,userID,game,bet1,bet2,bet_ts) VALUES ('27','2','23','1','1','1122882061');
insert into 5_tbl_bet (id,userID,game,bet1,bet2,bet_ts) VALUES ('28','2','25','1','2','1122882061');
insert into 5_tbl_bet (id,userID,game,bet1,bet2,bet_ts) VALUES ('29','2','27','1','1','1122882061');
insert into 5_tbl_bet (id,userID,game,bet1,bet2,bet_ts) VALUES ('30','2','29','2','2','1122882061');
insert into 5_tbl_bet (id,userID,game,bet1,bet2,bet_ts) VALUES ('31','2','31','3','1','1122882061');
insert into 5_tbl_bet (id,userID,game,bet1,bet2,bet_ts) VALUES ('32','2','33','2','0','1122882061');
insert into 5_tbl_bet (id,userID,game,bet1,bet2,bet_ts) VALUES ('33','2','35','1','1','1122882061');
insert into 5_tbl_bet (id,userID,game,bet1,bet2,bet_ts) VALUES ('34','2','37','1','0','1122882061');
insert into 5_tbl_bet (id,userID,game,bet1,bet2,bet_ts) VALUES ('35','2','38','2','0','1122882061');
insert into 5_tbl_bet (id,userID,game,bet1,bet2,bet_ts) VALUES ('36','2','39','1','1','1122882061');
insert into 5_tbl_bet (id,userID,game,bet1,bet2,bet_ts) VALUES ('13','5','19','3','0','1122024784');
insert into 5_tbl_bet (id,userID,game,bet1,bet2,bet_ts) VALUES ('14','5','21','1','2','1122024784');
insert into 5_tbl_bet (id,userID,game,bet1,bet2,bet_ts) VALUES ('15','5','23','3','0','1122024784');
insert into 5_tbl_bet (id,userID,game,bet1,bet2,bet_ts) VALUES ('16','5','25','0','1','1122024784');
insert into 5_tbl_bet (id,userID,game,bet1,bet2,bet_ts) VALUES ('17','5','27','2','3','1122024784');
insert into 5_tbl_bet (id,userID,game,bet1,bet2,bet_ts) VALUES ('18','5','29','2','1','1122024784');
insert into 5_tbl_bet (id,userID,game,bet1,bet2,bet_ts) VALUES ('19','5','31','1','0','1122024784');
insert into 5_tbl_bet (id,userID,game,bet1,bet2,bet_ts) VALUES ('20','5','33','3','1','1122024784');
insert into 5_tbl_bet (id,userID,game,bet1,bet2,bet_ts) VALUES ('21','5','35','1','1','1122024784');
insert into 5_tbl_bet (id,userID,game,bet1,bet2,bet_ts) VALUES ('22','5','37','3','0','1122024784');
insert into 5_tbl_bet (id,userID,game,bet1,bet2,bet_ts) VALUES ('23','5','38','2','1','1122024784');
insert into 5_tbl_bet (id,userID,game,bet1,bet2,bet_ts) VALUES ('24','5','39','1','2','1122024784');
insert into 5_tbl_bet (id,userID,game,bet1,bet2,bet_ts) VALUES ('145','4','19','3','1','1123497959');
insert into 5_tbl_bet (id,userID,game,bet1,bet2,bet_ts) VALUES ('146','4','21','2','0','1123497959');
insert into 5_tbl_bet (id,userID,game,bet1,bet2,bet_ts) VALUES ('147','4','23','1','0','1123497959');
insert into 5_tbl_bet (id,userID,game,bet1,bet2,bet_ts) VALUES ('148','4','25','1','3','1123497959');
insert into 5_tbl_bet (id,userID,game,bet1,bet2,bet_ts) VALUES ('149','4','27','1','1','1123497959');
insert into 5_tbl_bet (id,userID,game,bet1,bet2,bet_ts) VALUES ('150','4','29','1','0','1123497959');
insert into 5_tbl_bet (id,userID,game,bet1,bet2,bet_ts) VALUES ('151','4','31','3','1','1123497959');
insert into 5_tbl_bet (id,userID,game,bet1,bet2,bet_ts) VALUES ('152','4','33','2','1','1123497959');
insert into 5_tbl_bet (id,userID,game,bet1,bet2,bet_ts) VALUES ('153','4','35','1','2','1123497959');
insert into 5_tbl_bet (id,userID,game,bet1,bet2,bet_ts) VALUES ('154','4','37','1','2','1123497959');
insert into 5_tbl_bet (id,userID,game,bet1,bet2,bet_ts) VALUES ('155','4','38','1','0','1123497959');
insert into 5_tbl_bet (id,userID,game,bet1,bet2,bet_ts) VALUES ('156','4','39','1','0','1123497959');
insert into 5_tbl_bet (id,userID,game,bet1,bet2,bet_ts) VALUES ('49','1','19','1','1','1123156615');
insert into 5_tbl_bet (id,userID,game,bet1,bet2,bet_ts) VALUES ('50','1','21','3','1','1123156615');
insert into 5_tbl_bet (id,userID,game,bet1,bet2,bet_ts) VALUES ('51','1','23','2','1','1123156615');
insert into 5_tbl_bet (id,userID,game,bet1,bet2,bet_ts) VALUES ('52','1','25','0','0','1123156615');
insert into 5_tbl_bet (id,userID,game,bet1,bet2,bet_ts) VALUES ('53','1','27','0','1','1123156616');
insert into 5_tbl_bet (id,userID,game,bet1,bet2,bet_ts) VALUES ('54','1','29','1','2','1123156616');
insert into 5_tbl_bet (id,userID,game,bet1,bet2,bet_ts) VALUES ('55','1','31','4','0','1123156616');
insert into 5_tbl_bet (id,userID,game,bet1,bet2,bet_ts) VALUES ('56','1','33','1','0','1123156616');
insert into 5_tbl_bet (id,userID,game,bet1,bet2,bet_ts) VALUES ('57','1','35','1','2','1123156616');
insert into 5_tbl_bet (id,userID,game,bet1,bet2,bet_ts) VALUES ('58','1','37','1','0','1123156616');
insert into 5_tbl_bet (id,userID,game,bet1,bet2,bet_ts) VALUES ('59','1','38','3','0','1123156616');
insert into 5_tbl_bet (id,userID,game,bet1,bet2,bet_ts) VALUES ('60','1','39','2','1','1123156616');
insert into 5_tbl_bet (id,userID,game,bet1,bet2,bet_ts) VALUES ('73','7','19','2','1','1123234359');
insert into 5_tbl_bet (id,userID,game,bet1,bet2,bet_ts) VALUES ('74','7','21','3','1','1123234359');
insert into 5_tbl_bet (id,userID,game,bet1,bet2,bet_ts) VALUES ('75','7','23','1','1','1123234359');
insert into 5_tbl_bet (id,userID,game,bet1,bet2,bet_ts) VALUES ('76','7','25','0','2','1123234359');
insert into 5_tbl_bet (id,userID,game,bet1,bet2,bet_ts) VALUES ('77','7','27','2','1','1123234359');
insert into 5_tbl_bet (id,userID,game,bet1,bet2,bet_ts) VALUES ('78','7','29','0','1','1123234359');
insert into 5_tbl_bet (id,userID,game,bet1,bet2,bet_ts) VALUES ('79','7','31','2','0','1123234359');
insert into 5_tbl_bet (id,userID,game,bet1,bet2,bet_ts) VALUES ('80','7','33','3','1','1123234359');
insert into 5_tbl_bet (id,userID,game,bet1,bet2,bet_ts) VALUES ('81','7','35','1','1','1123234359');
insert into 5_tbl_bet (id,userID,game,bet1,bet2,bet_ts) VALUES ('82','7','37','2','1','1123234359');
insert into 5_tbl_bet (id,userID,game,bet1,bet2,bet_ts) VALUES ('83','7','38','2','0','1123234359');
insert into 5_tbl_bet (id,userID,game,bet1,bet2,bet_ts) VALUES ('84','7','39','3','1','1123234359');
insert into 5_tbl_bet (id,userID,game,bet1,bet2,bet_ts) VALUES ('133','6','19','3','1','1123327439');
insert into 5_tbl_bet (id,userID,game,bet1,bet2,bet_ts) VALUES ('134','6','21','2','0','1123327439');
insert into 5_tbl_bet (id,userID,game,bet1,bet2,bet_ts) VALUES ('135','6','23','3','0','1123327439');
insert into 5_tbl_bet (id,userID,game,bet1,bet2,bet_ts) VALUES ('136','6','25','1','2','1123327439');
insert into 5_tbl_bet (id,userID,game,bet1,bet2,bet_ts) VALUES ('137','6','27','0','2','1123327439');
insert into 5_tbl_bet (id,userID,game,bet1,bet2,bet_ts) VALUES ('138','6','29','1','2','1123327439');
insert into 5_tbl_bet (id,userID,game,bet1,bet2,bet_ts) VALUES ('139','6','31','1','0','1123327439');
insert into 5_tbl_bet (id,userID,game,bet1,bet2,bet_ts) VALUES ('140','6','33','2','0','1123327439');
insert into 5_tbl_bet (id,userID,game,bet1,bet2,bet_ts) VALUES ('141','6','35','0','2','1123327439');
insert into 5_tbl_bet (id,userID,game,bet1,bet2,bet_ts) VALUES ('142','6','37','-1','-1','1123327439');
insert into 5_tbl_bet (id,userID,game,bet1,bet2,bet_ts) VALUES ('143','6','38','1','2','1123327439');
insert into 5_tbl_bet (id,userID,game,bet1,bet2,bet_ts) VALUES ('144','6','39','2','0','1123327439');
insert into 5_tbl_bet (id,userID,game,bet1,bet2,bet_ts) VALUES ('157','3','19','4','1','1123576909');
insert into 5_tbl_bet (id,userID,game,bet1,bet2,bet_ts) VALUES ('158','3','21','3','0','1123576909');
insert into 5_tbl_bet (id,userID,game,bet1,bet2,bet_ts) VALUES ('159','3','23','2','1','1123576909');
insert into 5_tbl_bet (id,userID,game,bet1,bet2,bet_ts) VALUES ('160','3','25','1','2','1123576909');
insert into 5_tbl_bet (id,userID,game,bet1,bet2,bet_ts) VALUES ('161','3','27','1','1','1123576909');
insert into 5_tbl_bet (id,userID,game,bet1,bet2,bet_ts) VALUES ('162','3','29','2','3','1123576909');
insert into 5_tbl_bet (id,userID,game,bet1,bet2,bet_ts) VALUES ('163','3','31','2','0','1123576909');
insert into 5_tbl_bet (id,userID,game,bet1,bet2,bet_ts) VALUES ('164','3','33','3','1','1123576909');
insert into 5_tbl_bet (id,userID,game,bet1,bet2,bet_ts) VALUES ('165','3','35','1','0','1123576909');
insert into 5_tbl_bet (id,userID,game,bet1,bet2,bet_ts) VALUES ('166','3','37','-1','-1','1123576909');
insert into 5_tbl_bet (id,userID,game,bet1,bet2,bet_ts) VALUES ('167','3','38','2','0','1123576909');
insert into 5_tbl_bet (id,userID,game,bet1,bet2,bet_ts) VALUES ('168','3','39','1','2','1123576909');
insert into 5_tbl_bet (id,userID,game,bet1,bet2,bet_ts) VALUES ('169','2','40','3','2','1123737900');
insert into 5_tbl_bet (id,userID,game,bet1,bet2,bet_ts) VALUES ('170','2','42','1','1','1123737900');
insert into 5_tbl_bet (id,userID,game,bet1,bet2,bet_ts) VALUES ('171','2','44','2','1','1123737900');
insert into 5_tbl_bet (id,userID,game,bet1,bet2,bet_ts) VALUES ('172','2','46','2','2','1123737900');
insert into 5_tbl_bet (id,userID,game,bet1,bet2,bet_ts) VALUES ('173','2','48','1','0','1123737900');
insert into 5_tbl_bet (id,userID,game,bet1,bet2,bet_ts) VALUES ('174','2','50','1','2','1123737900');
insert into 5_tbl_bet (id,userID,game,bet1,bet2,bet_ts) VALUES ('175','2','52','1','0','1123737900');
insert into 5_tbl_bet (id,userID,game,bet1,bet2,bet_ts) VALUES ('176','2','54','2','0','1123737900');
insert into 5_tbl_bet (id,userID,game,bet1,bet2,bet_ts) VALUES ('177','2','56','0','2','1123737900');
insert into 5_tbl_bet (id,userID,game,bet1,bet2,bet_ts) VALUES ('178','2','58','3','1','1123737900');
insert into 5_tbl_bet (id,userID,game,bet1,bet2,bet_ts) VALUES ('179','2','59','3','0','1123737900');
insert into 5_tbl_bet (id,userID,game,bet1,bet2,bet_ts) VALUES ('180','2','60','2','1','1123737900');
insert into 5_tbl_bet (id,userID,game,bet1,bet2,bet_ts) VALUES ('277','4','40','2','0','1124100243');
insert into 5_tbl_bet (id,userID,game,bet1,bet2,bet_ts) VALUES ('278','4','42','1','1','1124100243');
insert into 5_tbl_bet (id,userID,game,bet1,bet2,bet_ts) VALUES ('279','4','44','2','1','1124100243');
insert into 5_tbl_bet (id,userID,game,bet1,bet2,bet_ts) VALUES ('280','4','46','1','1','1124100243');
insert into 5_tbl_bet (id,userID,game,bet1,bet2,bet_ts) VALUES ('281','4','48','1','0','1124100243');
insert into 5_tbl_bet (id,userID,game,bet1,bet2,bet_ts) VALUES ('282','4','50','1','3','1124100243');
insert into 5_tbl_bet (id,userID,game,bet1,bet2,bet_ts) VALUES ('283','4','52','1','2','1124100243');
insert into 5_tbl_bet (id,userID,game,bet1,bet2,bet_ts) VALUES ('284','4','54','2','1','1124100243');
insert into 5_tbl_bet (id,userID,game,bet1,bet2,bet_ts) VALUES ('285','4','56','1','2','1124100243');
insert into 5_tbl_bet (id,userID,game,bet1,bet2,bet_ts) VALUES ('286','4','58','2','0','1124100243');
insert into 5_tbl_bet (id,userID,game,bet1,bet2,bet_ts) VALUES ('287','4','59','2','1','1124100243');
insert into 5_tbl_bet (id,userID,game,bet1,bet2,bet_ts) VALUES ('288','4','60','0','1','1124100243');
insert into 5_tbl_bet (id,userID,game,bet1,bet2,bet_ts) VALUES ('193','6','40','2','0','1123845427');
insert into 5_tbl_bet (id,userID,game,bet1,bet2,bet_ts) VALUES ('194','6','42','0','1','1123845427');
insert into 5_tbl_bet (id,userID,game,bet1,bet2,bet_ts) VALUES ('195','6','44','0','2','1123845427');
insert into 5_tbl_bet (id,userID,game,bet1,bet2,bet_ts) VALUES ('196','6','46','2','1','1123845427');
insert into 5_tbl_bet (id,userID,game,bet1,bet2,bet_ts) VALUES ('197','6','48','2','0','1123845427');
insert into 5_tbl_bet (id,userID,game,bet1,bet2,bet_ts) VALUES ('198','6','50','0','2','1123845427');
insert into 5_tbl_bet (id,userID,game,bet1,bet2,bet_ts) VALUES ('199','6','52','2','0','1123845427');
insert into 5_tbl_bet (id,userID,game,bet1,bet2,bet_ts) VALUES ('200','6','54','3','0','1123845427');
insert into 5_tbl_bet (id,userID,game,bet1,bet2,bet_ts) VALUES ('201','6','56','1','2','1123845427');
insert into 5_tbl_bet (id,userID,game,bet1,bet2,bet_ts) VALUES ('202','6','58','2','0','1123845427');
insert into 5_tbl_bet (id,userID,game,bet1,bet2,bet_ts) VALUES ('203','6','59','2','0','1123845427');
insert into 5_tbl_bet (id,userID,game,bet1,bet2,bet_ts) VALUES ('204','6','60','2','0','1123845427');
insert into 5_tbl_bet (id,userID,game,bet1,bet2,bet_ts) VALUES ('205','3','40','4','1','1123854531');
insert into 5_tbl_bet (id,userID,game,bet1,bet2,bet_ts) VALUES ('206','3','42','1','2','1123854531');
insert into 5_tbl_bet (id,userID,game,bet1,bet2,bet_ts) VALUES ('207','3','44','2','1','1123854531');
insert into 5_tbl_bet (id,userID,game,bet1,bet2,bet_ts) VALUES ('208','3','46','1','1','1123854531');
insert into 5_tbl_bet (id,userID,game,bet1,bet2,bet_ts) VALUES ('209','3','48','3','1','1123854531');
insert into 5_tbl_bet (id,userID,game,bet1,bet2,bet_ts) VALUES ('210','3','50','1','2','1123854531');
insert into 5_tbl_bet (id,userID,game,bet1,bet2,bet_ts) VALUES ('211','3','52','0','1','1123854531');
insert into 5_tbl_bet (id,userID,game,bet1,bet2,bet_ts) VALUES ('212','3','54','1','0','1123854531');
insert into 5_tbl_bet (id,userID,game,bet1,bet2,bet_ts) VALUES ('213','3','56','1','1','1123854531');
insert into 5_tbl_bet (id,userID,game,bet1,bet2,bet_ts) VALUES ('214','3','58','3','1','1123854531');
insert into 5_tbl_bet (id,userID,game,bet1,bet2,bet_ts) VALUES ('215','3','59','2','1','1123854531');
insert into 5_tbl_bet (id,userID,game,bet1,bet2,bet_ts) VALUES ('216','3','60','4','2','1123854531');
insert into 5_tbl_bet (id,userID,game,bet1,bet2,bet_ts) VALUES ('265','7','40','3','1','1123952871');
insert into 5_tbl_bet (id,userID,game,bet1,bet2,bet_ts) VALUES ('266','7','42','2','3','1123952871');
insert into 5_tbl_bet (id,userID,game,bet1,bet2,bet_ts) VALUES ('267','7','44','1','0','1123952871');
insert into 5_tbl_bet (id,userID,game,bet1,bet2,bet_ts) VALUES ('268','7','46','1','1','1123952871');
insert into 5_tbl_bet (id,userID,game,bet1,bet2,bet_ts) VALUES ('269','7','48','1','0','1123952871');
insert into 5_tbl_bet (id,userID,game,bet1,bet2,bet_ts) VALUES ('270','7','50','0','3','1123952871');
insert into 5_tbl_bet (id,userID,game,bet1,bet2,bet_ts) VALUES ('271','7','52','2','1','1123952871');
insert into 5_tbl_bet (id,userID,game,bet1,bet2,bet_ts) VALUES ('272','7','54','0','0','1123952871');
insert into 5_tbl_bet (id,userID,game,bet1,bet2,bet_ts) VALUES ('273','7','56','1','4','1123952871');
insert into 5_tbl_bet (id,userID,game,bet1,bet2,bet_ts) VALUES ('274','7','58','-1','-1','1123952871');
insert into 5_tbl_bet (id,userID,game,bet1,bet2,bet_ts) VALUES ('275','7','59','-1','-1','1123952871');
insert into 5_tbl_bet (id,userID,game,bet1,bet2,bet_ts) VALUES ('276','7','60','2','2','1123952871');
insert into 5_tbl_bet (id,userID,game,bet1,bet2,bet_ts) VALUES ('229','1','40','3','1','1123917358');
insert into 5_tbl_bet (id,userID,game,bet1,bet2,bet_ts) VALUES ('230','1','42','2','1','1123917358');
insert into 5_tbl_bet (id,userID,game,bet1,bet2,bet_ts) VALUES ('231','1','44','2','1','1123917358');
insert into 5_tbl_bet (id,userID,game,bet1,bet2,bet_ts) VALUES ('232','1','46','0','1','1123917358');
insert into 5_tbl_bet (id,userID,game,bet1,bet2,bet_ts) VALUES ('233','1','48','1','1','1123917358');
insert into 5_tbl_bet (id,userID,game,bet1,bet2,bet_ts) VALUES ('234','1','50','1','2','1123917358');
insert into 5_tbl_bet (id,userID,game,bet1,bet2,bet_ts) VALUES ('235','1','52','2','1','1123917358');
insert into 5_tbl_bet (id,userID,game,bet1,bet2,bet_ts) VALUES ('236','1','54','2','1','1123917358');
insert into 5_tbl_bet (id,userID,game,bet1,bet2,bet_ts) VALUES ('237','1','56','1','2','1123917358');
insert into 5_tbl_bet (id,userID,game,bet1,bet2,bet_ts) VALUES ('238','1','58','-1','-1','1123917358');
insert into 5_tbl_bet (id,userID,game,bet1,bet2,bet_ts) VALUES ('239','1','59','-1','-1','1123917358');
insert into 5_tbl_bet (id,userID,game,bet1,bet2,bet_ts) VALUES ('240','1','60','4','0','1123917358');
insert into 5_tbl_bet (id,userID,game,bet1,bet2,bet_ts) VALUES ('241','5','40','2','0','1123931661');
insert into 5_tbl_bet (id,userID,game,bet1,bet2,bet_ts) VALUES ('242','5','42','3','2','1123931661');
insert into 5_tbl_bet (id,userID,game,bet1,bet2,bet_ts) VALUES ('243','5','44','1','1','1123931661');
insert into 5_tbl_bet (id,userID,game,bet1,bet2,bet_ts) VALUES ('244','5','46','2','1','1123931661');
insert into 5_tbl_bet (id,userID,game,bet1,bet2,bet_ts) VALUES ('245','5','48','2','0','1123931661');
insert into 5_tbl_bet (id,userID,game,bet1,bet2,bet_ts) VALUES ('246','5','50','1','2','1123931661');
insert into 5_tbl_bet (id,userID,game,bet1,bet2,bet_ts) VALUES ('247','5','52','3','1','1123931661');
insert into 5_tbl_bet (id,userID,game,bet1,bet2,bet_ts) VALUES ('248','5','54','3','1','1123931661');
insert into 5_tbl_bet (id,userID,game,bet1,bet2,bet_ts) VALUES ('249','5','56','1','2','1123931661');
insert into 5_tbl_bet (id,userID,game,bet1,bet2,bet_ts) VALUES ('250','5','58','-1','-1','1123931661');
insert into 5_tbl_bet (id,userID,game,bet1,bet2,bet_ts) VALUES ('251','5','59','-1','-1','1123931661');
insert into 5_tbl_bet (id,userID,game,bet1,bet2,bet_ts) VALUES ('252','5','60','2','1','1123931661');

# Tabellenname: 5_tbl_extra_wins 
DROP TABLE IF EXISTS 5_tbl_extra_wins; 
CREATE TABLE 5_tbl_extra_wins (
    userID int(2) DEFAULT '0' NOT NULL,
    season int(2) DEFAULT '0' NOT NULL,
    champ int(1),
    down1 int(2),
    down2 int(2),
    down3 int(2),
    up1 int(2),
    up2 int(2),
    up3 int(2),
    fired int(2),
    wins int(2),
   PRIMARY KEY (userID, season)
); 
insert into 5_tbl_extra_wins (userID,season,champ,down1,down2,down3,up1,up2,up3,fired,wins) VALUES ('0','5','0','0','0','0','0','0','0','0','0');
insert into 5_tbl_extra_wins (userID,season,champ,down1,down2,down3,up1,up2,up3,fired,wins) VALUES ('1','5','13','1','32','28','15','3','8','1','0');
insert into 5_tbl_extra_wins (userID,season,champ,down1,down2,down3,up1,up2,up3,fired,wins) VALUES ('2','5','2','10','13','18','0','0','0','17','0');
insert into 5_tbl_extra_wins (userID,season,champ,down1,down2,down3,up1,up2,up3,fired,wins) VALUES ('3','5','10','0','27','28','15','14','3','0','0');
insert into 5_tbl_extra_wins (userID,season,champ,down1,down2,down3,up1,up2,up3,fired,wins) VALUES ('4','5','10','28','32','11','22','15','3','9','0');
insert into 5_tbl_extra_wins (userID,season,champ,down1,down2,down3,up1,up2,up3,fired,wins) VALUES ('5','5','10','27','28','31','30','20','15','12','0');
insert into 5_tbl_extra_wins (userID,season,champ,down1,down2,down3,up1,up2,up3,fired,wins) VALUES ('6','5','13','28','31','27','3','15','20','32','0');
insert into 5_tbl_extra_wins (userID,season,champ,down1,down2,down3,up1,up2,up3,fired,wins) VALUES ('7','5','13','28','27','31','0','0','0','0','0');

# Tabellenname: 5_tbl_game 
DROP TABLE IF EXISTS 5_tbl_game; 
CREATE TABLE 5_tbl_game (
    id int(10) NOT NULL auto_increment,
    play int(5) DEFAULT '0' NOT NULL,
    team1 int(2) DEFAULT '0' NOT NULL,
    team2 int(2) DEFAULT '0' NOT NULL,
    p_ts int(10),
    result1 int(2),
    result2 int(2),
   PRIMARY KEY (id)
); 
insert into 5_tbl_game (id,play,team1,team2,p_ts,result1,result2) VALUES ('36','18','4','11','','','');
insert into 5_tbl_game (id,play,team1,team2,p_ts,result1,result2) VALUES ('27','1','17','5','1123335000','2','2');
insert into 5_tbl_game (id,play,team1,team2,p_ts,result1,result2) VALUES ('35','1','11','4','1123428600','1','4');
insert into 5_tbl_game (id,play,team1,team2,p_ts,result1,result2) VALUES ('26','18','16','27','','','');
insert into 5_tbl_game (id,play,team1,team2,p_ts,result1,result2) VALUES ('34','18','1','13','','','');
insert into 5_tbl_game (id,play,team1,team2,p_ts,result1,result2) VALUES ('25','1','27','16','1123335000','1','1');
insert into 5_tbl_game (id,play,team1,team2,p_ts,result1,result2) VALUES ('33','1','13','1','1123428600','2','1');
insert into 5_tbl_game (id,play,team1,team2,p_ts,result1,result2) VALUES ('24','18','32','2','','','');
insert into 5_tbl_game (id,play,team1,team2,p_ts,result1,result2) VALUES ('32','18','28','18','','','');
insert into 5_tbl_game (id,play,team1,team2,p_ts,result1,result2) VALUES ('23','1','2','32','1123335000','1','0');
insert into 5_tbl_game (id,play,team1,team2,p_ts,result1,result2) VALUES ('31','1','18','28','1123335000','5','2');
insert into 5_tbl_game (id,play,team1,team2,p_ts,result1,result2) VALUES ('22','18','31','7','','','');
insert into 5_tbl_game (id,play,team1,team2,p_ts,result1,result2) VALUES ('30','18','9','12','','','');
insert into 5_tbl_game (id,play,team1,team2,p_ts,result1,result2) VALUES ('21','1','7','31','1123335000','3','0');
insert into 5_tbl_game (id,play,team1,team2,p_ts,result1,result2) VALUES ('29','1','12','9','1123335000','2','2');
insert into 5_tbl_game (id,play,team1,team2,p_ts,result1,result2) VALUES ('20','18','6','10','','','');
insert into 5_tbl_game (id,play,team1,team2,p_ts,result1,result2) VALUES ('28','18','5','17','','','');
insert into 5_tbl_game (id,play,team1,team2,p_ts,result1,result2) VALUES ('19','1','10','6','1123266600','3','0');
insert into 5_tbl_game (id,play,team1,team2,p_ts,result1,result2) VALUES ('37','1','29','21','1123326000','2','1');
insert into 5_tbl_game (id,play,team1,team2,p_ts,result1,result2) VALUES ('38','1','8','35','1123419600','1','2');
insert into 5_tbl_game (id,play,team1,team2,p_ts,result1,result2) VALUES ('39','1','19','22','1123524900','2','1');
insert into 5_tbl_game (id,play,team1,team2,p_ts,result1,result2) VALUES ('40','2','9','11','1123939800','2','0');
insert into 5_tbl_game (id,play,team1,team2,p_ts,result1,result2) VALUES ('41','19','11','9','','','');
insert into 5_tbl_game (id,play,team1,team2,p_ts,result1,result2) VALUES ('42','2','4','10','1123939800','2','5');
insert into 5_tbl_game (id,play,team1,team2,p_ts,result1,result2) VALUES ('43','19','10','4','','','');
insert into 5_tbl_game (id,play,team1,team2,p_ts,result1,result2) VALUES ('44','2','6','17','1123939800','1','1');
insert into 5_tbl_game (id,play,team1,team2,p_ts,result1,result2) VALUES ('45','19','17','6','','','');
insert into 5_tbl_game (id,play,team1,team2,p_ts,result1,result2) VALUES ('46','2','5','13','1123939800','1','2');
insert into 5_tbl_game (id,play,team1,team2,p_ts,result1,result2) VALUES ('47','19','13','5','','','');
insert into 5_tbl_game (id,play,team1,team2,p_ts,result1,result2) VALUES ('48','2','1','27','1123939800','5','3');
insert into 5_tbl_game (id,play,team1,team2,p_ts,result1,result2) VALUES ('49','19','27','1','','','');
insert into 5_tbl_game (id,play,team1,team2,p_ts,result1,result2) VALUES ('50','2','28','7','1123939800','0','2');
insert into 5_tbl_game (id,play,team1,team2,p_ts,result1,result2) VALUES ('51','19','7','28','','','');
insert into 5_tbl_game (id,play,team1,team2,p_ts,result1,result2) VALUES ('52','2','31','12','1123939800','1','1');
insert into 5_tbl_game (id,play,team1,team2,p_ts,result1,result2) VALUES ('53','19','12','31','','','');
insert into 5_tbl_game (id,play,team1,team2,p_ts,result1,result2) VALUES ('54','2','16','2','1124033400','2','3');
insert into 5_tbl_game (id,play,team1,team2,p_ts,result1,result2) VALUES ('55','19','2','16','','','');
insert into 5_tbl_game (id,play,team1,team2,p_ts,result1,result2) VALUES ('56','2','32','18','1124033400','0','2');
insert into 5_tbl_game (id,play,team1,team2,p_ts,result1,result2) VALUES ('57','19','18','32','','','');
insert into 5_tbl_game (id,play,team1,team2,p_ts,result1,result2) VALUES ('58','2','22','20','1123866000','2','1');
insert into 5_tbl_game (id,play,team1,team2,p_ts,result1,result2) VALUES ('59','2','15','8','1123866000','4','1');
insert into 5_tbl_game (id,play,team1,team2,p_ts,result1,result2) VALUES ('60','2','14','29','1124129700','2','2');
insert into 5_tbl_game (id,play,team1,team2,p_ts,result1,result2) VALUES ('61','3','7','12','1125149400','','');
insert into 5_tbl_game (id,play,team1,team2,p_ts,result1,result2) VALUES ('62','20','12','7','','','');
insert into 5_tbl_game (id,play,team1,team2,p_ts,result1,result2) VALUES ('63','3','2','1','1125149400','','');
insert into 5_tbl_game (id,play,team1,team2,p_ts,result1,result2) VALUES ('64','20','1','2','','','');
insert into 5_tbl_game (id,play,team1,team2,p_ts,result1,result2) VALUES ('65','3','13','6','1125149400','','');
insert into 5_tbl_game (id,play,team1,team2,p_ts,result1,result2) VALUES ('66','20','6','13','','','');
insert into 5_tbl_game (id,play,team1,team2,p_ts,result1,result2) VALUES ('67','3','17','4','1125149400','','');
insert into 5_tbl_game (id,play,team1,team2,p_ts,result1,result2) VALUES ('68','20','4','17','','','');
insert into 5_tbl_game (id,play,team1,team2,p_ts,result1,result2) VALUES ('69','3','10','9','1125149400','','');
insert into 5_tbl_game (id,play,team1,team2,p_ts,result1,result2) VALUES ('70','20','9','10','','','');
insert into 5_tbl_game (id,play,team1,team2,p_ts,result1,result2) VALUES ('71','3','11','31','1125149400','','');
insert into 5_tbl_game (id,play,team1,team2,p_ts,result1,result2) VALUES ('72','20','31','11','','','');
insert into 5_tbl_game (id,play,team1,team2,p_ts,result1,result2) VALUES ('73','3','18','16','1125149400','','');
insert into 5_tbl_game (id,play,team1,team2,p_ts,result1,result2) VALUES ('74','20','16','18','','','');
insert into 5_tbl_game (id,play,team1,team2,p_ts,result1,result2) VALUES ('75','3','27','5','1125243000','','');
insert into 5_tbl_game (id,play,team1,team2,p_ts,result1,result2) VALUES ('76','20','5','27','','','');
insert into 5_tbl_game (id,play,team1,team2,p_ts,result1,result2) VALUES ('77','3','28','32','1125243000','','');
insert into 5_tbl_game (id,play,team1,team2,p_ts,result1,result2) VALUES ('78','20','32','28','','','');
insert into 5_tbl_game (id,play,team1,team2,p_ts,result1,result2) VALUES ('79','3','8','21','1125075600','','');
insert into 5_tbl_game (id,play,team1,team2,p_ts,result1,result2) VALUES ('80','3','34','35','1125075600','','');
insert into 5_tbl_game (id,play,team1,team2,p_ts,result1,result2) VALUES ('81','3','29','24','1125234000','','');

# Tabellenname: 5_tbl_play 
DROP TABLE IF EXISTS 5_tbl_play; 
CREATE TABLE 5_tbl_play (
    id int(5) NOT NULL auto_increment,
    season int(2) DEFAULT '0' NOT NULL,
    recorded int(1) DEFAULT '0' NOT NULL,
    completed int(1) DEFAULT '0' NOT NULL,
   PRIMARY KEY (id)
); 
insert into 5_tbl_play (id,season,recorded,completed) VALUES ('1','5','2','1');
insert into 5_tbl_play (id,season,recorded,completed) VALUES ('2','5','2','0');
insert into 5_tbl_play (id,season,recorded,completed) VALUES ('3','5','2','0');
insert into 5_tbl_play (id,season,recorded,completed) VALUES ('4','5','0','0');
insert into 5_tbl_play (id,season,recorded,completed) VALUES ('5','5','0','0');
insert into 5_tbl_play (id,season,recorded,completed) VALUES ('6','5','0','0');
insert into 5_tbl_play (id,season,recorded,completed) VALUES ('7','5','0','0');
insert into 5_tbl_play (id,season,recorded,completed) VALUES ('8','5','0','0');
insert into 5_tbl_play (id,season,recorded,completed) VALUES ('9','5','0','0');
insert into 5_tbl_play (id,season,recorded,completed) VALUES ('10','5','0','0');
insert into 5_tbl_play (id,season,recorded,completed) VALUES ('11','5','0','0');
insert into 5_tbl_play (id,season,recorded,completed) VALUES ('12','5','0','0');
insert into 5_tbl_play (id,season,recorded,completed) VALUES ('13','5','0','0');
insert into 5_tbl_play (id,season,recorded,completed) VALUES ('14','5','0','0');
insert into 5_tbl_play (id,season,recorded,completed) VALUES ('15','5','0','0');
insert into 5_tbl_play (id,season,recorded,completed) VALUES ('16','5','0','0');
insert into 5_tbl_play (id,season,recorded,completed) VALUES ('17','5','0','0');
insert into 5_tbl_play (id,season,recorded,completed) VALUES ('18','5','0','0');
insert into 5_tbl_play (id,season,recorded,completed) VALUES ('19','5','0','0');
insert into 5_tbl_play (id,season,recorded,completed) VALUES ('20','5','0','0');
insert into 5_tbl_play (id,season,recorded,completed) VALUES ('21','5','0','0');
insert into 5_tbl_play (id,season,recorded,completed) VALUES ('22','5','0','0');
insert into 5_tbl_play (id,season,recorded,completed) VALUES ('23','5','0','0');
insert into 5_tbl_play (id,season,recorded,completed) VALUES ('24','5','0','0');
insert into 5_tbl_play (id,season,recorded,completed) VALUES ('25','5','0','0');
insert into 5_tbl_play (id,season,recorded,completed) VALUES ('26','5','0','0');
insert into 5_tbl_play (id,season,recorded,completed) VALUES ('27','5','0','0');
insert into 5_tbl_play (id,season,recorded,completed) VALUES ('28','5','0','0');
insert into 5_tbl_play (id,season,recorded,completed) VALUES ('29','5','0','0');
insert into 5_tbl_play (id,season,recorded,completed) VALUES ('30','5','0','0');
insert into 5_tbl_play (id,season,recorded,completed) VALUES ('31','5','0','0');
insert into 5_tbl_play (id,season,recorded,completed) VALUES ('32','5','0','0');
insert into 5_tbl_play (id,season,recorded,completed) VALUES ('33','5','0','0');
insert into 5_tbl_play (id,season,recorded,completed) VALUES ('34','5','0','0');

# Tabellenname: 5_tbl_points 
DROP TABLE IF EXISTS 5_tbl_points; 
CREATE TABLE 5_tbl_points (
    id int(5) NOT NULL auto_increment,
    play int(5) DEFAULT '0' NOT NULL,
    userID int(2) DEFAULT '0' NOT NULL,
    points int(2),
   PRIMARY KEY (id)
); 
insert into 5_tbl_points (id,play,userID,points) VALUES ('1','1','1','13');
insert into 5_tbl_points (id,play,userID,points) VALUES ('2','1','2','10');
insert into 5_tbl_points (id,play,userID,points) VALUES ('3','1','3','10');
insert into 5_tbl_points (id,play,userID,points) VALUES ('4','1','4','13');
insert into 5_tbl_points (id,play,userID,points) VALUES ('5','1','5','7');
insert into 5_tbl_points (id,play,userID,points) VALUES ('6','1','6','10');
insert into 5_tbl_points (id,play,userID,points) VALUES ('7','1','7','8');

# Tabellenname: 5_tbl_team1 
DROP TABLE IF EXISTS 5_tbl_team1; 
CREATE TABLE 5_tbl_team1 (
    id int(2) DEFAULT '0' NOT NULL,
    name char(50) NOT NULL,
    short char(6),
    league int(1)
); 
insert into 5_tbl_team1 (id,name,short,league) VALUES ('1','1.FC Kaiserslautern','1.FCK','1');
insert into 5_tbl_team1 (id,name,short,league) VALUES ('2','1.FC Köln','Köln','1');
insert into 5_tbl_team1 (id,name,short,league) VALUES ('3','SC Freiburg','Freib','2');
insert into 5_tbl_team1 (id,name,short,league) VALUES ('4','Bayer 04 Leverkusen','Bayer','1');
insert into 5_tbl_team1 (id,name,short,league) VALUES ('5','Borussia Dortmund','BVB','1');
insert into 5_tbl_team1 (id,name,short,league) VALUES ('6','Borussia MönchenGladbach','MGladb','1');
insert into 5_tbl_team1 (id,name,short,league) VALUES ('7','Hamburger SV','HSV','1');
insert into 5_tbl_team1 (id,name,short,league) VALUES ('8','Hansa Rostock','Hansa','2');
insert into 5_tbl_team1 (id,name,short,league) VALUES ('9','Hertha BSC Berlin','Hertha','1');
insert into 5_tbl_team1 (id,name,short,league) VALUES ('10','FC Bayern München','FCB','1');
insert into 5_tbl_team1 (id,name,short,league) VALUES ('11','Eintracht Frankfurt','Frank','1');
insert into 5_tbl_team1 (id,name,short,league) VALUES ('12','Hannover 96','Hann96','1');
insert into 5_tbl_team1 (id,name,short,league) VALUES ('13','FC Schalke 04','S04','1');
insert into 5_tbl_team1 (id,name,short,league) VALUES ('14','VfL Bochum','Bochum','2');
insert into 5_tbl_team1 (id,name,short,league) VALUES ('15','TSV 1860 München','1860','2');
insert into 5_tbl_team1 (id,name,short,league) VALUES ('16','VfB Stuttgart','VfB','1');
insert into 5_tbl_team1 (id,name,short,league) VALUES ('17','VfL Wolfsburg','Wolfsb','1');
insert into 5_tbl_team1 (id,name,short,league) VALUES ('18','Werder Bremen','Werder','1');
insert into 5_tbl_team1 (id,name,short,league) VALUES ('19','Erzgebirge Aue','Aue','2');
insert into 5_tbl_team1 (id,name,short,league) VALUES ('20','Karlsruher SC','KSC','2');
insert into 5_tbl_team1 (id,name,short,league) VALUES ('21','Eintracht Braunschweig','Braun','2');
insert into 5_tbl_team1 (id,name,short,league) VALUES ('22','TSV Alemannia Aachen','Aachen','2');
insert into 5_tbl_team1 (id,name,short,league) VALUES ('23','SpVgg Greuther Fürth','Fürth','2');
insert into 5_tbl_team1 (id,name,short,league) VALUES ('24','SC Paderborn 07','SCPad','2');
insert into 5_tbl_team1 (id,name,short,league) VALUES ('25','Wacker Burghausen','Wacker','2');
insert into 5_tbl_team1 (id,name,short,league) VALUES ('26','LR Ahlen','Ahlen','2');
insert into 5_tbl_team1 (id,name,short,league) VALUES ('27','MSV Duisburg','Duisb','1');
insert into 5_tbl_team1 (id,name,short,league) VALUES ('28','DSC Arminia Bielefeld','Biele','1');
insert into 5_tbl_team1 (id,name,short,league) VALUES ('29','Energie Cottbus','Cottb','2');
insert into 5_tbl_team1 (id,name,short,league) VALUES ('30','SpVgg Unterhaching','UHach','2');
insert into 5_tbl_team1 (id,name,short,league) VALUES ('31','1.FC Nürnberg','1.FCN','1');
insert into 5_tbl_team1 (id,name,short,league) VALUES ('32','FSV Mainz 05','Mainz','1');
insert into 5_tbl_team1 (id,name,short,league) VALUES ('33','1.FC Saarbrücken','Saarbr','2');
insert into 5_tbl_team1 (id,name,short,league) VALUES ('34','Dynamo Dresden','DynDrd','2');
insert into 5_tbl_team1 (id,name,short,league) VALUES ('35','Kickers Offenbach','Kicker','2');
insert into 5_tbl_team1 (id,name,short,league) VALUES ('36','Sportfreunde Siegen','Siegen','2');

# Tabellenname: 5_tbl_team2 
DROP TABLE IF EXISTS 5_tbl_team2; 
CREATE TABLE 5_tbl_team2 (
    id2 int(2) DEFAULT '0' NOT NULL,
    name2 char(50) NOT NULL,
    short2 char(6),
    league2 int(1)
); 
insert into 5_tbl_team2 (id2,name2,short2,league2) VALUES ('1','1.FC Kaiserslautern','1.FCK','1');
insert into 5_tbl_team2 (id2,name2,short2,league2) VALUES ('2','1.FC Köln','Köln','1');
insert into 5_tbl_team2 (id2,name2,short2,league2) VALUES ('3','SC Freiburg','Freib','2');
insert into 5_tbl_team2 (id2,name2,short2,league2) VALUES ('4','Bayer 04 Leverkusen','Bayer','1');
insert into 5_tbl_team2 (id2,name2,short2,league2) VALUES ('5','Borussia Dortmund','BVB','1');
insert into 5_tbl_team2 (id2,name2,short2,league2) VALUES ('6','Borussia MönchenGladbach','MGladb','1');
insert into 5_tbl_team2 (id2,name2,short2,league2) VALUES ('7','Hamburger SV','HSV','1');
insert into 5_tbl_team2 (id2,name2,short2,league2) VALUES ('8','Hansa Rostock','Hansa','2');
insert into 5_tbl_team2 (id2,name2,short2,league2) VALUES ('9','Hertha BSC Berlin','Hertha','1');
insert into 5_tbl_team2 (id2,name2,short2,league2) VALUES ('10','FC Bayern München','FCB','1');
insert into 5_tbl_team2 (id2,name2,short2,league2) VALUES ('11','Eintracht Frankfurt','Frank','1');
insert into 5_tbl_team2 (id2,name2,short2,league2) VALUES ('12','Hannover 96','Hann96','1');
insert into 5_tbl_team2 (id2,name2,short2,league2) VALUES ('13','FC Schalke 04','S04','1');
insert into 5_tbl_team2 (id2,name2,short2,league2) VALUES ('14','VfL Bochum','Bochum','2');
insert into 5_tbl_team2 (id2,name2,short2,league2) VALUES ('15','TSV 1860 München','1860','2');
insert into 5_tbl_team2 (id2,name2,short2,league2) VALUES ('16','VfB Stuttgart','VfB','1');
insert into 5_tbl_team2 (id2,name2,short2,league2) VALUES ('17','VfL Wolfsburg','Wolfsb','1');
insert into 5_tbl_team2 (id2,name2,short2,league2) VALUES ('18','Werder Bremen','Werder','1');
insert into 5_tbl_team2 (id2,name2,short2,league2) VALUES ('19','Erzgebirge Aue','Aue','2');
insert into 5_tbl_team2 (id2,name2,short2,league2) VALUES ('20','Karlsruher SC','KSC','2');
insert into 5_tbl_team2 (id2,name2,short2,league2) VALUES ('21','Eintracht Braunschweig','Braun','2');
insert into 5_tbl_team2 (id2,name2,short2,league2) VALUES ('22','TSV Alemannia Aachen','Aachen','2');
insert into 5_tbl_team2 (id2,name2,short2,league2) VALUES ('23','SpVgg Greuther Fürth','Fürth','2');
insert into 5_tbl_team2 (id2,name2,short2,league2) VALUES ('24','SC Paderborn 07','SCPad','2');
insert into 5_tbl_team2 (id2,name2,short2,league2) VALUES ('25','Wacker Burghausen','Wacker','2');
insert into 5_tbl_team2 (id2,name2,short2,league2) VALUES ('26','LR Ahlen','Ahlen','2');
insert into 5_tbl_team2 (id2,name2,short2,league2) VALUES ('27','MSV Duisburg','Duisb','1');
insert into 5_tbl_team2 (id2,name2,short2,league2) VALUES ('28','DSC Arminia Bielefeld','Biele','1');
insert into 5_tbl_team2 (id2,name2,short2,league2) VALUES ('29','Energie Cottbus','Cottb','2');
insert into 5_tbl_team2 (id2,name2,short2,league2) VALUES ('30','SpVgg Unterhaching','UHach','2');
insert into 5_tbl_team2 (id2,name2,short2,league2) VALUES ('31','1.FC Nürnberg','1.FCN','1');
insert into 5_tbl_team2 (id2,name2,short2,league2) VALUES ('32','FSV Mainz 05','Mainz','1');
insert into 5_tbl_team2 (id2,name2,short2,league2) VALUES ('33','1.FC Saarbrücken','Saarbr','2');
insert into 5_tbl_team2 (id2,name2,short2,league2) VALUES ('34','Dynamo Dresden','DynDrd','2');
insert into 5_tbl_team2 (id2,name2,short2,league2) VALUES ('35','Kickers Offenbach','Kicker','2');
insert into 5_tbl_team2 (id2,name2,short2,league2) VALUES ('36','Sportfreunde Siegen','Siegen','2');

# Tabellenname: 5_tbl_user 
DROP TABLE IF EXISTS 5_tbl_user; 
CREATE TABLE 5_tbl_user (
    id int(2) NOT NULL auto_increment,
    first_name char(50) NOT NULL,
    last_name char(50) NOT NULL,
    nick_name char(50) NOT NULL,
    password char(10) NOT NULL,
    email char(50),
    registration int(10),
    last_loggin int(10),
    show_tipps int(1),
    show_long int(1),
    table_head char(7),
    table_lineA char(7),
    table_lineB char(7),
    table_colA char(7),
    table_colB char(7),
    table_max_points char(7),
    logged_in int(1),
    admin int(1),
    phpMySQL int(1),
   PRIMARY KEY (id)
); 
insert into 5_tbl_user (id,first_name,last_name,nick_name,password,email,registration,last_loggin,show_tipps,show_long,table_head,table_lineA,table_lineB,table_colA,table_colB,table_max_points,logged_in,admin,phpMySQL) VALUES ('2','Michael','Voigt','micha','micha','michael.voigt@web.de','1041968570','1124199265','2','1','#099990','#ccccc0','#ffff22','#aaaa00','#EBEB00','#CC0000','0','1','1');
insert into 5_tbl_user (id,first_name,last_name,nick_name,password,email,registration,last_loggin,show_tipps,show_long,table_head,table_lineA,table_lineB,table_colA,table_colB,table_max_points,logged_in,admin,phpMySQL) VALUES ('5','Markus','Heinicke','markus','sputnik','markus.heinicke@web.de','1041968570','1124196652','2','1','#999999','#cccccc','#ffffff','#aaaaaa','#EBEBEB','#aa1144','1','0','0');
insert into 5_tbl_user (id,first_name,last_name,nick_name,password,email,registration,last_loggin,show_tipps,show_long,table_head,table_lineA,table_lineB,table_colA,table_colB,table_max_points,logged_in,admin,phpMySQL) VALUES ('1','Chris','Hünerfürst','hueni','hwd hün','chris.huenerfuerst@web.de','1041968570','1124113987','0','1','#999999','#cccccc','#ffffff','#aaaaaa','#EBEBEB','#aa1144','1','1','0');
insert into 5_tbl_user (id,first_name,last_name,nick_name,password,email,registration,last_loggin,show_tipps,show_long,table_head,table_lineA,table_lineB,table_colA,table_colB,table_max_points,logged_in,admin,phpMySQL) VALUES ('6','Tobias','Buschmann','tobi','tobi','post@tobias-buschmann.de','1041968570','1124215692','1','0','#999999','#cccccc','#ffffff','#aaaaaa','#EBEBEB','#aa1144','1','1','0');
insert into 5_tbl_user (id,first_name,last_name,nick_name,password,email,registration,last_loggin,show_tipps,show_long,table_head,table_lineA,table_lineB,table_colA,table_colB,table_max_points,logged_in,admin,phpMySQL) VALUES ('4','Nico','Schreier','nico','hwdtips','nico_at_work@gmx.de','1041968570','1124193678','1','0','#999999','#cccccc','#ffffff','#aaaaaa','#EBEBEB','#aa1144','0','0','0');
insert into 5_tbl_user (id,first_name,last_name,nick_name,password,email,registration,last_loggin,show_tipps,show_long,table_head,table_lineA,table_lineB,table_colA,table_colB,table_max_points,logged_in,admin,phpMySQL) VALUES ('3','Stev','Thomas','stev','bayern','stevi-wonder@ngi.de','1041968570','1124083644','1','0','#999999','#cccccc','#ffffff','#aaaaaa','#EBEBEB','#aa1144','0','0','0');
insert into 5_tbl_user (id,first_name,last_name,nick_name,password,email,registration,last_loggin,show_tipps,show_long,table_head,table_lineA,table_lineB,table_colA,table_colB,table_max_points,logged_in,admin,phpMySQL) VALUES ('7','Marcel','Liebing','marcelly','marcelly','marcelly@web.de','1121977725','1124182130','2','0','','','','','','','0','0','0');

# Tabellenname: 5_tbl_wins 
DROP TABLE IF EXISTS 5_tbl_wins; 
CREATE TABLE 5_tbl_wins (
    id int(5) NOT NULL auto_increment,
    play int(5),
    userID int(2) DEFAULT '0' NOT NULL,
    wins int(2),
   PRIMARY KEY (id)
); 
insert into 5_tbl_wins (id,play,userID,wins) VALUES ('1','1','1','1');
insert into 5_tbl_wins (id,play,userID,wins) VALUES ('2','1','2','0');
insert into 5_tbl_wins (id,play,userID,wins) VALUES ('3','1','3','0');
insert into 5_tbl_wins (id,play,userID,wins) VALUES ('4','1','4','1');
insert into 5_tbl_wins (id,play,userID,wins) VALUES ('5','1','5','0');
insert into 5_tbl_wins (id,play,userID,wins) VALUES ('6','1','6','0');
insert into 5_tbl_wins (id,play,userID,wins) VALUES ('7','1','7','0');

# Tabellenname: guests 
DROP TABLE IF EXISTS guests; 
CREATE TABLE guests (
    guest_id int(4) unsigned zerofill NOT NULL auto_increment,
    guest_name varchar(50),
    guest_email varchar(50),
    guest_time timestamp(14),
    guest_message text,
   PRIMARY KEY (guest_id)
); 
insert into guests (guest_id,guest_name,guest_email,guest_time,guest_message) VALUES ('0014','Marcel \\\"Celly\\\" Liebing','Marcelly@web.de','20021004040653','Hallöchen Micha !!');
insert into guests (guest_id,guest_name,guest_email,guest_time,guest_message) VALUES ('0015','Marcel \\\"Celly\\\" Liebing','Marcelly@web.de','20021004041102','Sorry ... meine dicken Finger haben mir wieder einen Streich gespielt, es sollte natürlich schon bisschen mehr Text sein. Also zum Wesentlichen:<br>Ein dickes Lob für diese Internetpräsenz !! Das ist für solche Single-Haushalte wie meiner einer ist eine Super-Alternative zur Tageszeitung. So bekomm sogar ich brandheiss mit, wie die OSV II abgeschlossen hat !! Weiter so !! (...und ich versuche natürlich wieder ein Tor zu schießen um hier lobend erwähnt zu werden .... :-)) In diesem Sinne bis bald !! Ich ');
insert into guests (guest_id,guest_name,guest_email,guest_time,guest_message) VALUES ('0001','Micha','michael.voigt@web.de','20020809101807','Hiermit ist das Gästebuch feierlich eröffnet!
<br>
<br>Schreibt was ihr von der Homepage haltet und was man noch besser machen könnte.
<br>
<br>Michael');
insert into guests (guest_id,guest_name,guest_email,guest_time,guest_message) VALUES ('0016','wittex','sylvio.wittenberg@web.de','20021129215605','HastDu wohl nicht gedacht, aber ich habe diese Seite gefunden. Respekt, ist wirklich eine klasse Homepage. Ist interressant was man hier alles so findet. So bist Du aber wenigstens im Netz aktiv, auf dem Sportplatz trifft das ja nicht so zu. Bei mir ist das übrigens nicht viel anders. Gruß, bis zum nächsten mal.   ');
insert into guests (guest_id,guest_name,guest_email,guest_time,guest_message) VALUES ('0017','Chris','chris@byhat.de','20030603135455','Moin Digger!<br>Dass ich mal auf Deiner HP landen würde ... nach so langer Zeit ... Du erinnerst Dich: Bundeswehr, Stube wasweisich, Richtschütze Storbeck :)<br><br>Hoffe, bei Dir löpt alles - schau mal bei mir vorbei:<br><br>http://www.byhat.de   bzw. meine Band: http://www.comadoll.de <br><br>und ansonsten hauense rein!<br><br>Beste Grüße,<br><br>Chris<br><br>');
insert into guests (guest_id,guest_name,guest_email,guest_time,guest_message) VALUES ('0018','Cheryl','extremeskigal@yahoo.com','20031120140541','Great website.  Looks like you guys know how to have a great time.<br><br>Viel spass!');
insert into guests (guest_id,guest_name,guest_email,guest_time,guest_message) VALUES ('0019','EnzoGo','Saz84@web.de','20031129173253','Hey Ho Micha,<br><br>nun bin ich auch mal auf deiner Page. Das ist ja mehr Picture-Page als alles andere :D<br><br>Mach weiter so<br><br>mfg Enzo');
insert into guests (guest_id,guest_name,guest_email,guest_time,guest_message) VALUES ('0020','Pinky und The Brain','hab@ich.net','20031210220449','micha du hast den farbfilm vergessen mein michael !!!
<br>los zieh deine *piep*jacke an und *piep* den ärmel noch mal vor uns voll !!!!
<br>wo sind eigentlich unsere bilder???
<br>hier ist mal eins : <img src=\"http://www.vegalleries.com/wbopc/pb54152.jpg\">
<br>
<br>
<br>cu Pinky and The Brain');
insert into guests (guest_id,guest_name,guest_email,guest_time,guest_message) VALUES ('0023','Michael Voigt','Rasputin.1@web.de','20040415144855','Hallo Micha,<br><br>bin beim Googeln auf Deine Page gestossen. SUPIGUDDI!!<br><br><br>Gruss vom Namensvetter aussem Landkreis Hannover<br><br>Michael Voigt');
insert into guests (guest_id,guest_name,guest_email,guest_time,guest_message) VALUES ('0024','Claudia','Super_Claudilein@web.de','20040801132235','Hi Micha,<br>deine Page haste fein gemacht! Wie man sieht, gehts euch supergut.<br>Viele Grüßen auch an Diana und Matthias.<br>Claudia');
insert into guests (guest_id,guest_name,guest_email,guest_time,guest_message) VALUES ('0025','Nicky','nicky.kuehn@web.de','20040914145349','na hello,<br>ich wollt mich auch mal verewigen ;-)<br>und mich über die bilder beschweren, die du vom olli zu annis fete gemacht hast!!! na gut, lag bestimmt nich an dir, dass der auf jedem bild so scheiße aussieht (alkohol-du böser freund).<br>in diesem sinne, mfg nicky<br>p.s. liebe grüße an die gute anni');
insert into guests (guest_id,guest_name,guest_email,guest_time,guest_message) VALUES ('0026','Herbstball 2004','herbstball2004@web.de','20041107124608','Liebe Ehemaligen des FSGBL,<br><br>Am Freitag, dem 26. November 2004, findet der alljährliche Herbstball des Friedrich-Schiller Gymnasiums Bad Lausick statt.<br><br>Wir würden euch gern dazu einladen, bei einem abwechslungsreichen Programm und \\\"passender\\\" Musik mit den Schülern der Klassen 9-12, Lehrern und ehemaligen Schülern und Lehrern einen schönen Abend zu verbringen.<br><br>Der Einlass beginnt um 19 Uhr, das Programm um etwa 20 Uhr, der Eintrittspreis beträgt 2 &#8364;. <br><br>Um dem Anlass entsprechende Kleidung wird gebeten, und ein Tanzpartner wäre empfehlenswert.<br><br>Bitte Kartenreservierung per Mail (herbstball2004@web.de). Bitte Jahrgang und Namen angeben, Betreff: Reservierung<br><br>Informiert bitte auch soweit möglich den Rest eures Jahrganges und eventuelle Bekannte, die auch auf die Schule gingen, weil nicht sonderlich viele e-Mail-Adressen zu finden sind.<br><br>Weitere Infos auf  www.busse-europa.de<br>');
insert into guests (guest_id,guest_name,guest_email,guest_time,guest_message) VALUES ('0027','Fraaaaanzl','','20041113180719','Hiho Micha!<br>Schöne HP haste hier gemacht! <br>Manche Bilder sind ja echt zum weghauen! <br>;-D<br>Schöne Grüße und lasst euch\\\'s Gut gehn!<br><br>Fraaaanzl');

