# Backup created by Transatlantic-Web am 12-10-2004 00:02
# Datenbank: usr_web384_1 
# Tabellenname: 4_tbl_bet 
DROP TABLE IF EXISTS 4_tbl_bet; 
CREATE TABLE 4_tbl_bet (
    id int(6) NOT NULL auto_increment,
    userID int(2),
    game int(10) DEFAULT '0' NOT NULL,
    bet1 int(2) DEFAULT '0' NOT NULL,
    bet2 int(2) DEFAULT '0' NOT NULL,
    bet_ts int(10),
   PRIMARY KEY (id)
); 
insert into 4_tbl_bet (id,userID,game,bet1,bet2,bet_ts) VALUES ('1','2','85','2','2','1091562654');
insert into 4_tbl_bet (id,userID,game,bet1,bet2,bet_ts) VALUES ('2','2','87','2','0','1091562654');
insert into 4_tbl_bet (id,userID,game,bet1,bet2,bet_ts) VALUES ('3','2','89','1','1','1091562654');
insert into 4_tbl_bet (id,userID,game,bet1,bet2,bet_ts) VALUES ('4','2','91','2','1','1091562654');
insert into 4_tbl_bet (id,userID,game,bet1,bet2,bet_ts) VALUES ('5','2','93','3','0','1091562654');
insert into 4_tbl_bet (id,userID,game,bet1,bet2,bet_ts) VALUES ('6','2','95','1','1','1091562654');
insert into 4_tbl_bet (id,userID,game,bet1,bet2,bet_ts) VALUES ('7','2','97','1','2','1091562654');
insert into 4_tbl_bet (id,userID,game,bet1,bet2,bet_ts) VALUES ('8','2','99','1','2','1091562654');
insert into 4_tbl_bet (id,userID,game,bet1,bet2,bet_ts) VALUES ('9','2','101','3','1','1091562654');
insert into 4_tbl_bet (id,userID,game,bet1,bet2,bet_ts) VALUES ('10','2','103','1','0','1091562654');
insert into 4_tbl_bet (id,userID,game,bet1,bet2,bet_ts) VALUES ('11','2','104','1','1','1091562654');
insert into 4_tbl_bet (id,userID,game,bet1,bet2,bet_ts) VALUES ('12','2','105','2','2','1091562654');
insert into 4_tbl_bet (id,userID,game,bet1,bet2,bet_ts) VALUES ('13','3','85','1','1','1091646649');
insert into 4_tbl_bet (id,userID,game,bet1,bet2,bet_ts) VALUES ('14','3','87','2','1','1091646649');
insert into 4_tbl_bet (id,userID,game,bet1,bet2,bet_ts) VALUES ('15','3','89','3','1','1091646649');
insert into 4_tbl_bet (id,userID,game,bet1,bet2,bet_ts) VALUES ('16','3','91','1','1','1091646649');
insert into 4_tbl_bet (id,userID,game,bet1,bet2,bet_ts) VALUES ('17','3','93','2','0','1091646649');
insert into 4_tbl_bet (id,userID,game,bet1,bet2,bet_ts) VALUES ('18','3','95','3','2','1091646649');
insert into 4_tbl_bet (id,userID,game,bet1,bet2,bet_ts) VALUES ('19','3','97','1','3','1091646649');
insert into 4_tbl_bet (id,userID,game,bet1,bet2,bet_ts) VALUES ('20','3','99','2','1','1091646649');
insert into 4_tbl_bet (id,userID,game,bet1,bet2,bet_ts) VALUES ('21','3','101','4','1','1091646649');
insert into 4_tbl_bet (id,userID,game,bet1,bet2,bet_ts) VALUES ('22','3','103','1','0','1091646649');
insert into 4_tbl_bet (id,userID,game,bet1,bet2,bet_ts) VALUES ('23','3','104','1','0','1091646649');
insert into 4_tbl_bet (id,userID,game,bet1,bet2,bet_ts) VALUES ('24','3','105','2','1','1091646649');
insert into 4_tbl_bet (id,userID,game,bet1,bet2,bet_ts) VALUES ('25','4','85','2','1','1091788248');
insert into 4_tbl_bet (id,userID,game,bet1,bet2,bet_ts) VALUES ('26','4','87','0','0','1091788248');
insert into 4_tbl_bet (id,userID,game,bet1,bet2,bet_ts) VALUES ('27','4','89','1','0','1091788248');
insert into 4_tbl_bet (id,userID,game,bet1,bet2,bet_ts) VALUES ('28','4','91','1','0','1091788248');
insert into 4_tbl_bet (id,userID,game,bet1,bet2,bet_ts) VALUES ('29','4','93','3','1','1091788248');
insert into 4_tbl_bet (id,userID,game,bet1,bet2,bet_ts) VALUES ('30','4','95','2','0','1091788248');
insert into 4_tbl_bet (id,userID,game,bet1,bet2,bet_ts) VALUES ('31','4','97','1','2','1091788248');
insert into 4_tbl_bet (id,userID,game,bet1,bet2,bet_ts) VALUES ('32','4','99','0','1','1091788248');
insert into 4_tbl_bet (id,userID,game,bet1,bet2,bet_ts) VALUES ('33','4','101','3','1','1091788248');
insert into 4_tbl_bet (id,userID,game,bet1,bet2,bet_ts) VALUES ('34','4','103','2','1','1091788248');
insert into 4_tbl_bet (id,userID,game,bet1,bet2,bet_ts) VALUES ('35','4','104','1','0','1091788248');
insert into 4_tbl_bet (id,userID,game,bet1,bet2,bet_ts) VALUES ('36','4','105','1','0','1091788248');
insert into 4_tbl_bet (id,userID,game,bet1,bet2,bet_ts) VALUES ('37','5','85','2','1','1091797170');
insert into 4_tbl_bet (id,userID,game,bet1,bet2,bet_ts) VALUES ('38','5','87','1','0','1091797170');
insert into 4_tbl_bet (id,userID,game,bet1,bet2,bet_ts) VALUES ('39','5','89','0','2','1091797170');
insert into 4_tbl_bet (id,userID,game,bet1,bet2,bet_ts) VALUES ('40','5','91','3','2','1091797170');
insert into 4_tbl_bet (id,userID,game,bet1,bet2,bet_ts) VALUES ('41','5','93','1','0','1091797170');
insert into 4_tbl_bet (id,userID,game,bet1,bet2,bet_ts) VALUES ('42','5','95','0','1','1091797170');
insert into 4_tbl_bet (id,userID,game,bet1,bet2,bet_ts) VALUES ('43','5','97','1','1','1091797170');
insert into 4_tbl_bet (id,userID,game,bet1,bet2,bet_ts) VALUES ('44','5','99','3','1','1091797170');
insert into 4_tbl_bet (id,userID,game,bet1,bet2,bet_ts) VALUES ('45','5','101','1','0','1091797170');
insert into 4_tbl_bet (id,userID,game,bet1,bet2,bet_ts) VALUES ('46','5','103','2','1','1091797170');
insert into 4_tbl_bet (id,userID,game,bet1,bet2,bet_ts) VALUES ('47','5','104','0','1','1091797170');
insert into 4_tbl_bet (id,userID,game,bet1,bet2,bet_ts) VALUES ('48','5','105','3','1','1091797170');
insert into 4_tbl_bet (id,userID,game,bet1,bet2,bet_ts) VALUES ('49','6','85','-1','-1','1092006223');
insert into 4_tbl_bet (id,userID,game,bet1,bet2,bet_ts) VALUES ('50','6','87','-1','-1','1092006223');
insert into 4_tbl_bet (id,userID,game,bet1,bet2,bet_ts) VALUES ('51','6','89','-1','-1','1092006223');
insert into 4_tbl_bet (id,userID,game,bet1,bet2,bet_ts) VALUES ('52','6','91','-1','-1','1092006223');
insert into 4_tbl_bet (id,userID,game,bet1,bet2,bet_ts) VALUES ('53','6','93','-1','-1','1092006223');
insert into 4_tbl_bet (id,userID,game,bet1,bet2,bet_ts) VALUES ('54','6','95','-1','-1','1092006223');
insert into 4_tbl_bet (id,userID,game,bet1,bet2,bet_ts) VALUES ('55','6','97','-1','-1','1092006223');
insert into 4_tbl_bet (id,userID,game,bet1,bet2,bet_ts) VALUES ('56','6','99','-1','-1','1092006223');
insert into 4_tbl_bet (id,userID,game,bet1,bet2,bet_ts) VALUES ('57','6','101','-1','-1','1092006223');
insert into 4_tbl_bet (id,userID,game,bet1,bet2,bet_ts) VALUES ('58','6','103','-1','-1','1092006223');
insert into 4_tbl_bet (id,userID,game,bet1,bet2,bet_ts) VALUES ('59','6','104','-1','-1','1092006223');
insert into 4_tbl_bet (id,userID,game,bet1,bet2,bet_ts) VALUES ('60','6','105','2','1','1092006223');
insert into 4_tbl_bet (id,userID,game,bet1,bet2,bet_ts) VALUES ('541','2','106','1','1','1096357796');
insert into 4_tbl_bet (id,userID,game,bet1,bet2,bet_ts) VALUES ('542','2','108','3','1','1096357796');
insert into 4_tbl_bet (id,userID,game,bet1,bet2,bet_ts) VALUES ('543','2','110','1','0','1096357796');
insert into 4_tbl_bet (id,userID,game,bet1,bet2,bet_ts) VALUES ('544','2','112','1','3','1096357796');
insert into 4_tbl_bet (id,userID,game,bet1,bet2,bet_ts) VALUES ('545','2','114','3','0','1096357796');
insert into 4_tbl_bet (id,userID,game,bet1,bet2,bet_ts) VALUES ('546','2','116','1','2','1096357796');
insert into 4_tbl_bet (id,userID,game,bet1,bet2,bet_ts) VALUES ('547','2','118','1','1','1096357796');
insert into 4_tbl_bet (id,userID,game,bet1,bet2,bet_ts) VALUES ('548','2','120','2','0','1096357796');
insert into 4_tbl_bet (id,userID,game,bet1,bet2,bet_ts) VALUES ('549','2','122','1','0','1096357796');
insert into 4_tbl_bet (id,userID,game,bet1,bet2,bet_ts) VALUES ('550','2','124','2','0','1096357796');
insert into 4_tbl_bet (id,userID,game,bet1,bet2,bet_ts) VALUES ('551','2','125','1','1','1096357796');
insert into 4_tbl_bet (id,userID,game,bet1,bet2,bet_ts) VALUES ('552','2','126','2','0','1096357796');
insert into 4_tbl_bet (id,userID,game,bet1,bet2,bet_ts) VALUES ('193','4','106','1','1','1093604622');
insert into 4_tbl_bet (id,userID,game,bet1,bet2,bet_ts) VALUES ('194','4','108','2','1','1093604622');
insert into 4_tbl_bet (id,userID,game,bet1,bet2,bet_ts) VALUES ('195','4','110','1','0','1093604622');
insert into 4_tbl_bet (id,userID,game,bet1,bet2,bet_ts) VALUES ('196','4','112','1','2','1093604622');
insert into 4_tbl_bet (id,userID,game,bet1,bet2,bet_ts) VALUES ('197','4','114','2','0','1093604622');
insert into 4_tbl_bet (id,userID,game,bet1,bet2,bet_ts) VALUES ('198','4','116','1','2','1093604623');
insert into 4_tbl_bet (id,userID,game,bet1,bet2,bet_ts) VALUES ('199','4','118','1','2','1093604623');
insert into 4_tbl_bet (id,userID,game,bet1,bet2,bet_ts) VALUES ('200','4','120','2','0','1093604623');
insert into 4_tbl_bet (id,userID,game,bet1,bet2,bet_ts) VALUES ('201','4','122','1','0','1093604623');
insert into 4_tbl_bet (id,userID,game,bet1,bet2,bet_ts) VALUES ('202','4','124','1','1','1093604623');
insert into 4_tbl_bet (id,userID,game,bet1,bet2,bet_ts) VALUES ('203','4','125','1','0','1093604623');
insert into 4_tbl_bet (id,userID,game,bet1,bet2,bet_ts) VALUES ('204','4','126','1','0','1093604623');
insert into 4_tbl_bet (id,userID,game,bet1,bet2,bet_ts) VALUES ('85','5','106','2','0','1092402844');
insert into 4_tbl_bet (id,userID,game,bet1,bet2,bet_ts) VALUES ('86','5','108','3','1','1092402844');
insert into 4_tbl_bet (id,userID,game,bet1,bet2,bet_ts) VALUES ('87','5','110','1','1','1092402844');
insert into 4_tbl_bet (id,userID,game,bet1,bet2,bet_ts) VALUES ('88','5','112','2','1','1092402844');
insert into 4_tbl_bet (id,userID,game,bet1,bet2,bet_ts) VALUES ('89','5','114','0','1','1092402844');
insert into 4_tbl_bet (id,userID,game,bet1,bet2,bet_ts) VALUES ('90','5','116','1','3','1092402844');
insert into 4_tbl_bet (id,userID,game,bet1,bet2,bet_ts) VALUES ('91','5','118','0','2','1092402844');
insert into 4_tbl_bet (id,userID,game,bet1,bet2,bet_ts) VALUES ('92','5','120','2','1','1092402844');
insert into 4_tbl_bet (id,userID,game,bet1,bet2,bet_ts) VALUES ('93','5','122','3','0','1092402844');
insert into 4_tbl_bet (id,userID,game,bet1,bet2,bet_ts) VALUES ('94','5','124','2','1','1092402844');
insert into 4_tbl_bet (id,userID,game,bet1,bet2,bet_ts) VALUES ('95','5','125','3','1','1092402844');
insert into 4_tbl_bet (id,userID,game,bet1,bet2,bet_ts) VALUES ('96','5','126','2','0','1092402844');
insert into 4_tbl_bet (id,userID,game,bet1,bet2,bet_ts) VALUES ('97','3','106','1','1','1092412202');
insert into 4_tbl_bet (id,userID,game,bet1,bet2,bet_ts) VALUES ('98','3','108','3','0','1092412202');
insert into 4_tbl_bet (id,userID,game,bet1,bet2,bet_ts) VALUES ('99','3','110','0','1','1092412202');
insert into 4_tbl_bet (id,userID,game,bet1,bet2,bet_ts) VALUES ('100','3','112','2','2','1092412202');
insert into 4_tbl_bet (id,userID,game,bet1,bet2,bet_ts) VALUES ('101','3','114','2','0','1092412202');
insert into 4_tbl_bet (id,userID,game,bet1,bet2,bet_ts) VALUES ('102','3','116','0','2','1092412202');
insert into 4_tbl_bet (id,userID,game,bet1,bet2,bet_ts) VALUES ('103','3','118','2','1','1092412202');
insert into 4_tbl_bet (id,userID,game,bet1,bet2,bet_ts) VALUES ('104','3','120','2','0','1092412202');
insert into 4_tbl_bet (id,userID,game,bet1,bet2,bet_ts) VALUES ('105','3','122','1','0','1092412202');
insert into 4_tbl_bet (id,userID,game,bet1,bet2,bet_ts) VALUES ('106','3','124','1','1','1092412202');
insert into 4_tbl_bet (id,userID,game,bet1,bet2,bet_ts) VALUES ('107','3','125','2','1','1092412202');
insert into 4_tbl_bet (id,userID,game,bet1,bet2,bet_ts) VALUES ('108','3','126','2','1','1092412202');
insert into 4_tbl_bet (id,userID,game,bet1,bet2,bet_ts) VALUES ('241','1','106','1','0','1093950023');
insert into 4_tbl_bet (id,userID,game,bet1,bet2,bet_ts) VALUES ('242','1','108','2','0','1093950023');
insert into 4_tbl_bet (id,userID,game,bet1,bet2,bet_ts) VALUES ('243','1','110','0','0','1093950023');
insert into 4_tbl_bet (id,userID,game,bet1,bet2,bet_ts) VALUES ('244','1','112','0','2','1093950023');
insert into 4_tbl_bet (id,userID,game,bet1,bet2,bet_ts) VALUES ('245','1','114','2','1','1093950023');
insert into 4_tbl_bet (id,userID,game,bet1,bet2,bet_ts) VALUES ('246','1','116','2','2','1093950023');
insert into 4_tbl_bet (id,userID,game,bet1,bet2,bet_ts) VALUES ('247','1','118','1','1','1093950023');
insert into 4_tbl_bet (id,userID,game,bet1,bet2,bet_ts) VALUES ('248','1','120','1','1','1093950023');
insert into 4_tbl_bet (id,userID,game,bet1,bet2,bet_ts) VALUES ('249','1','122','1','0','1093950023');
insert into 4_tbl_bet (id,userID,game,bet1,bet2,bet_ts) VALUES ('250','1','124','2','2','1093950023');
insert into 4_tbl_bet (id,userID,game,bet1,bet2,bet_ts) VALUES ('251','1','125','2','1','1093950023');
insert into 4_tbl_bet (id,userID,game,bet1,bet2,bet_ts) VALUES ('252','1','126','1','1','1093950023');
insert into 4_tbl_bet (id,userID,game,bet1,bet2,bet_ts) VALUES ('121','6','106','0','2','1092477232');
insert into 4_tbl_bet (id,userID,game,bet1,bet2,bet_ts) VALUES ('122','6','108','2','0','1092477232');
insert into 4_tbl_bet (id,userID,game,bet1,bet2,bet_ts) VALUES ('123','6','110','1','2','1092477232');
insert into 4_tbl_bet (id,userID,game,bet1,bet2,bet_ts) VALUES ('124','6','112','0','3','1092477232');
insert into 4_tbl_bet (id,userID,game,bet1,bet2,bet_ts) VALUES ('125','6','114','1','0','1092477232');
insert into 4_tbl_bet (id,userID,game,bet1,bet2,bet_ts) VALUES ('126','6','116','3','1','1092477232');
insert into 4_tbl_bet (id,userID,game,bet1,bet2,bet_ts) VALUES ('127','6','118','2','0','1092477232');
insert into 4_tbl_bet (id,userID,game,bet1,bet2,bet_ts) VALUES ('128','6','120','2','0','1092477232');
insert into 4_tbl_bet (id,userID,game,bet1,bet2,bet_ts) VALUES ('129','6','122','3','1','1092477232');
insert into 4_tbl_bet (id,userID,game,bet1,bet2,bet_ts) VALUES ('130','6','124','-1','-1','1092477232');
insert into 4_tbl_bet (id,userID,game,bet1,bet2,bet_ts) VALUES ('131','6','125','1','2','1092477232');
insert into 4_tbl_bet (id,userID,game,bet1,bet2,bet_ts) VALUES ('132','6','126','2','0','1092477232');
insert into 4_tbl_bet (id,userID,game,bet1,bet2,bet_ts) VALUES ('145','5','127','1','3','1092920346');
insert into 4_tbl_bet (id,userID,game,bet1,bet2,bet_ts) VALUES ('146','5','129','2','0','1092920346');
insert into 4_tbl_bet (id,userID,game,bet1,bet2,bet_ts) VALUES ('147','5','131','1','0','1092920346');
insert into 4_tbl_bet (id,userID,game,bet1,bet2,bet_ts) VALUES ('148','5','133','1','1','1092920346');
insert into 4_tbl_bet (id,userID,game,bet1,bet2,bet_ts) VALUES ('149','5','135','0','1','1092920346');
insert into 4_tbl_bet (id,userID,game,bet1,bet2,bet_ts) VALUES ('150','5','137','2','0','1092920346');
insert into 4_tbl_bet (id,userID,game,bet1,bet2,bet_ts) VALUES ('151','5','139','2','1','1092920346');
insert into 4_tbl_bet (id,userID,game,bet1,bet2,bet_ts) VALUES ('152','5','141','1','0','1092920346');
insert into 4_tbl_bet (id,userID,game,bet1,bet2,bet_ts) VALUES ('153','5','143','2','1','1092920346');
insert into 4_tbl_bet (id,userID,game,bet1,bet2,bet_ts) VALUES ('154','5','145','1','2','1092920346');
insert into 4_tbl_bet (id,userID,game,bet1,bet2,bet_ts) VALUES ('155','5','146','1','1','1092920346');
insert into 4_tbl_bet (id,userID,game,bet1,bet2,bet_ts) VALUES ('156','5','147','3','0','1092920346');
insert into 4_tbl_bet (id,userID,game,bet1,bet2,bet_ts) VALUES ('157','3','127','1','1','1092929234');
insert into 4_tbl_bet (id,userID,game,bet1,bet2,bet_ts) VALUES ('158','3','129','1','2','1092929234');
insert into 4_tbl_bet (id,userID,game,bet1,bet2,bet_ts) VALUES ('159','3','131','1','3','1092929234');
insert into 4_tbl_bet (id,userID,game,bet1,bet2,bet_ts) VALUES ('160','3','133','1','2','1092929234');
insert into 4_tbl_bet (id,userID,game,bet1,bet2,bet_ts) VALUES ('161','3','135','2','0','1092929234');
insert into 4_tbl_bet (id,userID,game,bet1,bet2,bet_ts) VALUES ('162','3','137','3','0','1092929234');
insert into 4_tbl_bet (id,userID,game,bet1,bet2,bet_ts) VALUES ('163','3','139','3','1','1092929234');
insert into 4_tbl_bet (id,userID,game,bet1,bet2,bet_ts) VALUES ('164','3','141','4','2','1092929234');
insert into 4_tbl_bet (id,userID,game,bet1,bet2,bet_ts) VALUES ('165','3','143','1','0','1092929234');
insert into 4_tbl_bet (id,userID,game,bet1,bet2,bet_ts) VALUES ('166','3','145','2','1','1092929234');
insert into 4_tbl_bet (id,userID,game,bet1,bet2,bet_ts) VALUES ('167','3','146','2','1','1092929234');
insert into 4_tbl_bet (id,userID,game,bet1,bet2,bet_ts) VALUES ('168','3','147','0','1','1092929234');
insert into 4_tbl_bet (id,userID,game,bet1,bet2,bet_ts) VALUES ('169','1','127','0','2','1093020007');
insert into 4_tbl_bet (id,userID,game,bet1,bet2,bet_ts) VALUES ('170','1','129','1','1','1093020007');
insert into 4_tbl_bet (id,userID,game,bet1,bet2,bet_ts) VALUES ('171','1','131','1','1','1093020007');
insert into 4_tbl_bet (id,userID,game,bet1,bet2,bet_ts) VALUES ('172','1','133','2','3','1093020007');
insert into 4_tbl_bet (id,userID,game,bet1,bet2,bet_ts) VALUES ('173','1','135','2','1','1093020007');
insert into 4_tbl_bet (id,userID,game,bet1,bet2,bet_ts) VALUES ('174','1','137','1','2','1093020007');
insert into 4_tbl_bet (id,userID,game,bet1,bet2,bet_ts) VALUES ('175','1','139','2','0','1093020007');
insert into 4_tbl_bet (id,userID,game,bet1,bet2,bet_ts) VALUES ('176','1','141','1','0','1093020007');
insert into 4_tbl_bet (id,userID,game,bet1,bet2,bet_ts) VALUES ('177','1','143','2','0','1093020007');
insert into 4_tbl_bet (id,userID,game,bet1,bet2,bet_ts) VALUES ('178','1','145','1','1','1093020007');
insert into 4_tbl_bet (id,userID,game,bet1,bet2,bet_ts) VALUES ('179','1','146','4','1','1093020007');
insert into 4_tbl_bet (id,userID,game,bet1,bet2,bet_ts) VALUES ('180','1','147','2','2','1093020007');
insert into 4_tbl_bet (id,userID,game,bet1,bet2,bet_ts) VALUES ('181','2','127','1','2','1093588670');
insert into 4_tbl_bet (id,userID,game,bet1,bet2,bet_ts) VALUES ('182','2','129','1','1','1093588670');
insert into 4_tbl_bet (id,userID,game,bet1,bet2,bet_ts) VALUES ('183','2','131','1','2','1093588670');
insert into 4_tbl_bet (id,userID,game,bet1,bet2,bet_ts) VALUES ('184','2','133','1','1','1093588670');
insert into 4_tbl_bet (id,userID,game,bet1,bet2,bet_ts) VALUES ('185','2','135','2','1','1093588670');
insert into 4_tbl_bet (id,userID,game,bet1,bet2,bet_ts) VALUES ('186','2','137','1','1','1093588670');
insert into 4_tbl_bet (id,userID,game,bet1,bet2,bet_ts) VALUES ('187','2','139','3','1','1093588670');
insert into 4_tbl_bet (id,userID,game,bet1,bet2,bet_ts) VALUES ('188','2','141','1','1','1093588670');
insert into 4_tbl_bet (id,userID,game,bet1,bet2,bet_ts) VALUES ('189','2','143','3','1','1093588670');
insert into 4_tbl_bet (id,userID,game,bet1,bet2,bet_ts) VALUES ('190','2','145','2','0','1093588670');
insert into 4_tbl_bet (id,userID,game,bet1,bet2,bet_ts) VALUES ('191','2','146','1','1','1093588670');
insert into 4_tbl_bet (id,userID,game,bet1,bet2,bet_ts) VALUES ('192','2','147','2','0','1093588670');
insert into 4_tbl_bet (id,userID,game,bet1,bet2,bet_ts) VALUES ('205','4','127','1','2','1093604793');
insert into 4_tbl_bet (id,userID,game,bet1,bet2,bet_ts) VALUES ('206','4','129','1','1','1093604793');
insert into 4_tbl_bet (id,userID,game,bet1,bet2,bet_ts) VALUES ('207','4','131','1','2','1093604793');
insert into 4_tbl_bet (id,userID,game,bet1,bet2,bet_ts) VALUES ('208','4','133','1','2','1093604793');
insert into 4_tbl_bet (id,userID,game,bet1,bet2,bet_ts) VALUES ('209','4','135','3','1','1093604793');
insert into 4_tbl_bet (id,userID,game,bet1,bet2,bet_ts) VALUES ('210','4','137','1','0','1093604793');
insert into 4_tbl_bet (id,userID,game,bet1,bet2,bet_ts) VALUES ('211','4','139','2','0','1093604793');
insert into 4_tbl_bet (id,userID,game,bet1,bet2,bet_ts) VALUES ('212','4','141','3','0','1093604793');
insert into 4_tbl_bet (id,userID,game,bet1,bet2,bet_ts) VALUES ('213','4','143','3','1','1093604793');
insert into 4_tbl_bet (id,userID,game,bet1,bet2,bet_ts) VALUES ('214','4','145','2','1','1093604793');
insert into 4_tbl_bet (id,userID,game,bet1,bet2,bet_ts) VALUES ('215','4','146','2','1','1093604793');
insert into 4_tbl_bet (id,userID,game,bet1,bet2,bet_ts) VALUES ('216','4','147','2','1','1093604793');
insert into 4_tbl_bet (id,userID,game,bet1,bet2,bet_ts) VALUES ('373','5','148','1','3','1095070903');
insert into 4_tbl_bet (id,userID,game,bet1,bet2,bet_ts) VALUES ('374','5','150','2','0','1095070903');
insert into 4_tbl_bet (id,userID,game,bet1,bet2,bet_ts) VALUES ('375','5','152','1','0','1095070903');
insert into 4_tbl_bet (id,userID,game,bet1,bet2,bet_ts) VALUES ('376','5','154','1','2','1095070903');
insert into 4_tbl_bet (id,userID,game,bet1,bet2,bet_ts) VALUES ('377','5','156','2','0','1095070903');
insert into 4_tbl_bet (id,userID,game,bet1,bet2,bet_ts) VALUES ('378','5','158','2','1','1095070903');
insert into 4_tbl_bet (id,userID,game,bet1,bet2,bet_ts) VALUES ('379','5','160','1','0','1095070903');
insert into 4_tbl_bet (id,userID,game,bet1,bet2,bet_ts) VALUES ('380','5','162','0','1','1095070903');
insert into 4_tbl_bet (id,userID,game,bet1,bet2,bet_ts) VALUES ('381','5','164','2','0','1095070903');
insert into 4_tbl_bet (id,userID,game,bet1,bet2,bet_ts) VALUES ('382','5','166','2','1','1095070903');
insert into 4_tbl_bet (id,userID,game,bet1,bet2,bet_ts) VALUES ('383','5','167','2','0','1095070903');
insert into 4_tbl_bet (id,userID,game,bet1,bet2,bet_ts) VALUES ('384','5','168','1','1','1095070903');
insert into 4_tbl_bet (id,userID,game,bet1,bet2,bet_ts) VALUES ('301','1','148','1','0','1094226992');
insert into 4_tbl_bet (id,userID,game,bet1,bet2,bet_ts) VALUES ('302','1','150','3','0','1094226992');
insert into 4_tbl_bet (id,userID,game,bet1,bet2,bet_ts) VALUES ('303','1','152','1','1','1094226992');
insert into 4_tbl_bet (id,userID,game,bet1,bet2,bet_ts) VALUES ('304','1','154','1','1','1094226992');
insert into 4_tbl_bet (id,userID,game,bet1,bet2,bet_ts) VALUES ('305','1','156','2','2','1094226992');
insert into 4_tbl_bet (id,userID,game,bet1,bet2,bet_ts) VALUES ('306','1','158','3','2','1094226992');
insert into 4_tbl_bet (id,userID,game,bet1,bet2,bet_ts) VALUES ('307','1','160','4','2','1094226992');
insert into 4_tbl_bet (id,userID,game,bet1,bet2,bet_ts) VALUES ('308','1','162','1','1','1094226992');
insert into 4_tbl_bet (id,userID,game,bet1,bet2,bet_ts) VALUES ('309','1','164','2','0','1094226992');
insert into 4_tbl_bet (id,userID,game,bet1,bet2,bet_ts) VALUES ('310','1','166','1','1','1094226992');
insert into 4_tbl_bet (id,userID,game,bet1,bet2,bet_ts) VALUES ('311','1','167','3','0','1094226992');
insert into 4_tbl_bet (id,userID,game,bet1,bet2,bet_ts) VALUES ('312','1','168','0','0','1094226992');
insert into 4_tbl_bet (id,userID,game,bet1,bet2,bet_ts) VALUES ('361','5','169','1','0','1095070808');
insert into 4_tbl_bet (id,userID,game,bet1,bet2,bet_ts) VALUES ('362','5','171','1','2','1095070808');
insert into 4_tbl_bet (id,userID,game,bet1,bet2,bet_ts) VALUES ('363','5','173','0','2','1095070808');
insert into 4_tbl_bet (id,userID,game,bet1,bet2,bet_ts) VALUES ('364','5','175','3','0','1095070808');
insert into 4_tbl_bet (id,userID,game,bet1,bet2,bet_ts) VALUES ('365','5','177','1','1','1095070808');
insert into 4_tbl_bet (id,userID,game,bet1,bet2,bet_ts) VALUES ('366','5','179','1','2','1095070808');
insert into 4_tbl_bet (id,userID,game,bet1,bet2,bet_ts) VALUES ('367','5','181','3','1','1095070808');
insert into 4_tbl_bet (id,userID,game,bet1,bet2,bet_ts) VALUES ('368','5','183','1','1','1095070808');
insert into 4_tbl_bet (id,userID,game,bet1,bet2,bet_ts) VALUES ('369','5','185','1','2','1095070808');
insert into 4_tbl_bet (id,userID,game,bet1,bet2,bet_ts) VALUES ('370','5','187','2','1','1095070808');
insert into 4_tbl_bet (id,userID,game,bet1,bet2,bet_ts) VALUES ('371','5','188','1','1','1095070808');
insert into 4_tbl_bet (id,userID,game,bet1,bet2,bet_ts) VALUES ('372','5','189','1','2','1095070808');
insert into 4_tbl_bet (id,userID,game,bet1,bet2,bet_ts) VALUES ('265','4','148','1','2','1094222018');
insert into 4_tbl_bet (id,userID,game,bet1,bet2,bet_ts) VALUES ('266','4','150','3','0','1094222018');
insert into 4_tbl_bet (id,userID,game,bet1,bet2,bet_ts) VALUES ('267','4','152','1','1','1094222018');
insert into 4_tbl_bet (id,userID,game,bet1,bet2,bet_ts) VALUES ('268','4','154','1','0','1094222018');
insert into 4_tbl_bet (id,userID,game,bet1,bet2,bet_ts) VALUES ('269','4','156','2','1','1094222018');
insert into 4_tbl_bet (id,userID,game,bet1,bet2,bet_ts) VALUES ('270','4','158','3','1','1094222018');
insert into 4_tbl_bet (id,userID,game,bet1,bet2,bet_ts) VALUES ('271','4','160','0','1','1094222018');
insert into 4_tbl_bet (id,userID,game,bet1,bet2,bet_ts) VALUES ('272','4','162','2','0','1094222018');
insert into 4_tbl_bet (id,userID,game,bet1,bet2,bet_ts) VALUES ('273','4','164','2','1','1094222018');
insert into 4_tbl_bet (id,userID,game,bet1,bet2,bet_ts) VALUES ('274','4','166','1','1','1094222018');
insert into 4_tbl_bet (id,userID,game,bet1,bet2,bet_ts) VALUES ('275','4','167','2','1','1094222018');
insert into 4_tbl_bet (id,userID,game,bet1,bet2,bet_ts) VALUES ('276','4','168','0','1','1094222018');
insert into 4_tbl_bet (id,userID,game,bet1,bet2,bet_ts) VALUES ('277','4','169','2','1','1094222087');
insert into 4_tbl_bet (id,userID,game,bet1,bet2,bet_ts) VALUES ('278','4','171','1','1','1094222087');
insert into 4_tbl_bet (id,userID,game,bet1,bet2,bet_ts) VALUES ('279','4','173','1','0','1094222087');
insert into 4_tbl_bet (id,userID,game,bet1,bet2,bet_ts) VALUES ('280','4','175','2','0','1094222087');
insert into 4_tbl_bet (id,userID,game,bet1,bet2,bet_ts) VALUES ('281','4','177','1','2','1094222087');
insert into 4_tbl_bet (id,userID,game,bet1,bet2,bet_ts) VALUES ('282','4','179','2','1','1094222087');
insert into 4_tbl_bet (id,userID,game,bet1,bet2,bet_ts) VALUES ('283','4','181','3','1','1094222087');
insert into 4_tbl_bet (id,userID,game,bet1,bet2,bet_ts) VALUES ('284','4','183','1','0','1094222087');
insert into 4_tbl_bet (id,userID,game,bet1,bet2,bet_ts) VALUES ('285','4','185','1','0','1094222087');
insert into 4_tbl_bet (id,userID,game,bet1,bet2,bet_ts) VALUES ('286','4','187','2','1','1094222087');
insert into 4_tbl_bet (id,userID,game,bet1,bet2,bet_ts) VALUES ('287','4','188','0','0','1094222087');
insert into 4_tbl_bet (id,userID,game,bet1,bet2,bet_ts) VALUES ('288','4','189','1','0','1094222087');
insert into 4_tbl_bet (id,userID,game,bet1,bet2,bet_ts) VALUES ('289','6','148','0','2','1094223517');
insert into 4_tbl_bet (id,userID,game,bet1,bet2,bet_ts) VALUES ('290','6','150','2','0','1094223517');
insert into 4_tbl_bet (id,userID,game,bet1,bet2,bet_ts) VALUES ('291','6','152','1','2','1094223517');
insert into 4_tbl_bet (id,userID,game,bet1,bet2,bet_ts) VALUES ('292','6','154','1','3','1094223517');
insert into 4_tbl_bet (id,userID,game,bet1,bet2,bet_ts) VALUES ('293','6','156','2','0','1094223517');
insert into 4_tbl_bet (id,userID,game,bet1,bet2,bet_ts) VALUES ('294','6','158','1','0','1094223517');
insert into 4_tbl_bet (id,userID,game,bet1,bet2,bet_ts) VALUES ('295','6','160','2','0','1094223517');
insert into 4_tbl_bet (id,userID,game,bet1,bet2,bet_ts) VALUES ('296','6','162','1','2','1094223517');
insert into 4_tbl_bet (id,userID,game,bet1,bet2,bet_ts) VALUES ('297','6','164','1','3','1094223517');
insert into 4_tbl_bet (id,userID,game,bet1,bet2,bet_ts) VALUES ('298','6','166','2','0','1094223517');
insert into 4_tbl_bet (id,userID,game,bet1,bet2,bet_ts) VALUES ('299','6','167','2','0','1094223517');
insert into 4_tbl_bet (id,userID,game,bet1,bet2,bet_ts) VALUES ('300','6','168','1','2','1094223517');
insert into 4_tbl_bet (id,userID,game,bet1,bet2,bet_ts) VALUES ('313','3','148','1','3','1094229607');
insert into 4_tbl_bet (id,userID,game,bet1,bet2,bet_ts) VALUES ('314','3','150','4','0','1094229607');
insert into 4_tbl_bet (id,userID,game,bet1,bet2,bet_ts) VALUES ('315','3','152','1','1','1094229607');
insert into 4_tbl_bet (id,userID,game,bet1,bet2,bet_ts) VALUES ('316','3','154','0','2','1094229607');
insert into 4_tbl_bet (id,userID,game,bet1,bet2,bet_ts) VALUES ('317','3','156','2','1','1094229607');
insert into 4_tbl_bet (id,userID,game,bet1,bet2,bet_ts) VALUES ('318','3','158','3','2','1094229607');
insert into 4_tbl_bet (id,userID,game,bet1,bet2,bet_ts) VALUES ('319','3','160','0','0','1094229607');
insert into 4_tbl_bet (id,userID,game,bet1,bet2,bet_ts) VALUES ('320','3','162','2','1','1094229607');
insert into 4_tbl_bet (id,userID,game,bet1,bet2,bet_ts) VALUES ('321','3','164','1','0','1094229607');
insert into 4_tbl_bet (id,userID,game,bet1,bet2,bet_ts) VALUES ('322','3','166','3','1','1094229607');
insert into 4_tbl_bet (id,userID,game,bet1,bet2,bet_ts) VALUES ('323','3','167','2','0','1094229607');
insert into 4_tbl_bet (id,userID,game,bet1,bet2,bet_ts) VALUES ('324','3','168','0','2','1094229607');
insert into 4_tbl_bet (id,userID,game,bet1,bet2,bet_ts) VALUES ('325','3','169','2','0','1094229700');
insert into 4_tbl_bet (id,userID,game,bet1,bet2,bet_ts) VALUES ('326','3','171','1','3','1094229700');
insert into 4_tbl_bet (id,userID,game,bet1,bet2,bet_ts) VALUES ('327','3','173','2','1','1094229700');
insert into 4_tbl_bet (id,userID,game,bet1,bet2,bet_ts) VALUES ('328','3','175','3','1','1094229700');
insert into 4_tbl_bet (id,userID,game,bet1,bet2,bet_ts) VALUES ('329','3','177','1','2','1094229700');
insert into 4_tbl_bet (id,userID,game,bet1,bet2,bet_ts) VALUES ('330','3','179','2','0','1094229700');
insert into 4_tbl_bet (id,userID,game,bet1,bet2,bet_ts) VALUES ('331','3','181','1','1','1094229700');
insert into 4_tbl_bet (id,userID,game,bet1,bet2,bet_ts) VALUES ('332','3','183','2','2','1094229700');
insert into 4_tbl_bet (id,userID,game,bet1,bet2,bet_ts) VALUES ('333','3','185','1','0','1094229700');
insert into 4_tbl_bet (id,userID,game,bet1,bet2,bet_ts) VALUES ('334','3','187','2','1','1094229700');
insert into 4_tbl_bet (id,userID,game,bet1,bet2,bet_ts) VALUES ('335','3','188','1','0','1094229700');
insert into 4_tbl_bet (id,userID,game,bet1,bet2,bet_ts) VALUES ('336','3','189','2','1','1094229700');
insert into 4_tbl_bet (id,userID,game,bet1,bet2,bet_ts) VALUES ('349','2','148','1','3','1095066836');
insert into 4_tbl_bet (id,userID,game,bet1,bet2,bet_ts) VALUES ('350','2','150','3','0','1095066836');
insert into 4_tbl_bet (id,userID,game,bet1,bet2,bet_ts) VALUES ('351','2','152','1','0','1095066836');
insert into 4_tbl_bet (id,userID,game,bet1,bet2,bet_ts) VALUES ('352','2','154','1','2','1095066836');
insert into 4_tbl_bet (id,userID,game,bet1,bet2,bet_ts) VALUES ('353','2','156','2','0','1095066836');
insert into 4_tbl_bet (id,userID,game,bet1,bet2,bet_ts) VALUES ('354','2','158','2','0','1095066836');
insert into 4_tbl_bet (id,userID,game,bet1,bet2,bet_ts) VALUES ('355','2','160','2','1','1095066836');
insert into 4_tbl_bet (id,userID,game,bet1,bet2,bet_ts) VALUES ('356','2','162','1','1','1095066836');
insert into 4_tbl_bet (id,userID,game,bet1,bet2,bet_ts) VALUES ('357','2','164','2','1','1095066836');
insert into 4_tbl_bet (id,userID,game,bet1,bet2,bet_ts) VALUES ('358','2','166','2','1','1095066836');
insert into 4_tbl_bet (id,userID,game,bet1,bet2,bet_ts) VALUES ('359','2','167','2','0','1095066836');
insert into 4_tbl_bet (id,userID,game,bet1,bet2,bet_ts) VALUES ('360','2','168','0','2','1095066836');
insert into 4_tbl_bet (id,userID,game,bet1,bet2,bet_ts) VALUES ('397','2','169','2','2','1095402217');
insert into 4_tbl_bet (id,userID,game,bet1,bet2,bet_ts) VALUES ('398','2','171','1','1','1095402217');
insert into 4_tbl_bet (id,userID,game,bet1,bet2,bet_ts) VALUES ('399','2','173','1','2','1095402217');
insert into 4_tbl_bet (id,userID,game,bet1,bet2,bet_ts) VALUES ('400','2','175','3','1','1095402217');
insert into 4_tbl_bet (id,userID,game,bet1,bet2,bet_ts) VALUES ('401','2','177','2','2','1095402217');
insert into 4_tbl_bet (id,userID,game,bet1,bet2,bet_ts) VALUES ('402','2','179','2','1','1095402217');
insert into 4_tbl_bet (id,userID,game,bet1,bet2,bet_ts) VALUES ('403','2','181','2','1','1095402217');
insert into 4_tbl_bet (id,userID,game,bet1,bet2,bet_ts) VALUES ('404','2','183','1','2','1095402217');
insert into 4_tbl_bet (id,userID,game,bet1,bet2,bet_ts) VALUES ('405','2','185','1','3','1095402217');
insert into 4_tbl_bet (id,userID,game,bet1,bet2,bet_ts) VALUES ('406','2','187','2','0','1095402217');
insert into 4_tbl_bet (id,userID,game,bet1,bet2,bet_ts) VALUES ('407','2','188','1','2','1095402217');
insert into 4_tbl_bet (id,userID,game,bet1,bet2,bet_ts) VALUES ('408','2','189','2','1','1095402217');
insert into 4_tbl_bet (id,userID,game,bet1,bet2,bet_ts) VALUES ('409','1','169','2','2','1095413624');
insert into 4_tbl_bet (id,userID,game,bet1,bet2,bet_ts) VALUES ('410','1','171','2','1','1095413624');
insert into 4_tbl_bet (id,userID,game,bet1,bet2,bet_ts) VALUES ('411','1','173','1','2','1095413624');
insert into 4_tbl_bet (id,userID,game,bet1,bet2,bet_ts) VALUES ('412','1','175','3','2','1095413624');
insert into 4_tbl_bet (id,userID,game,bet1,bet2,bet_ts) VALUES ('413','1','177','0','2','1095413624');
insert into 4_tbl_bet (id,userID,game,bet1,bet2,bet_ts) VALUES ('414','1','179','1','1','1095413624');
insert into 4_tbl_bet (id,userID,game,bet1,bet2,bet_ts) VALUES ('415','1','181','2','1','1095413624');
insert into 4_tbl_bet (id,userID,game,bet1,bet2,bet_ts) VALUES ('416','1','183','1','1','1095413624');
insert into 4_tbl_bet (id,userID,game,bet1,bet2,bet_ts) VALUES ('417','1','185','1','2','1095413624');
insert into 4_tbl_bet (id,userID,game,bet1,bet2,bet_ts) VALUES ('418','1','187','1','0','1095413624');
insert into 4_tbl_bet (id,userID,game,bet1,bet2,bet_ts) VALUES ('419','1','188','1','2','1095413624');
insert into 4_tbl_bet (id,userID,game,bet1,bet2,bet_ts) VALUES ('420','1','189','2','2','1095413624');
insert into 4_tbl_bet (id,userID,game,bet1,bet2,bet_ts) VALUES ('433','6','169','2','0','1095510591');
insert into 4_tbl_bet (id,userID,game,bet1,bet2,bet_ts) VALUES ('434','6','171','1','3','1095510591');
insert into 4_tbl_bet (id,userID,game,bet1,bet2,bet_ts) VALUES ('435','6','173','2','0','1095510591');
insert into 4_tbl_bet (id,userID,game,bet1,bet2,bet_ts) VALUES ('436','6','175','3','1','1095510591');
insert into 4_tbl_bet (id,userID,game,bet1,bet2,bet_ts) VALUES ('437','6','177','2','1','1095510591');
insert into 4_tbl_bet (id,userID,game,bet1,bet2,bet_ts) VALUES ('438','6','179','3','1','1095510591');
insert into 4_tbl_bet (id,userID,game,bet1,bet2,bet_ts) VALUES ('439','6','181','2','0','1095510591');
insert into 4_tbl_bet (id,userID,game,bet1,bet2,bet_ts) VALUES ('440','6','183','1','2','1095510591');
insert into 4_tbl_bet (id,userID,game,bet1,bet2,bet_ts) VALUES ('441','6','185','2','0','1095510591');
insert into 4_tbl_bet (id,userID,game,bet1,bet2,bet_ts) VALUES ('442','6','187','2','0','1095510591');
insert into 4_tbl_bet (id,userID,game,bet1,bet2,bet_ts) VALUES ('443','6','188','1','3','1095510591');
insert into 4_tbl_bet (id,userID,game,bet1,bet2,bet_ts) VALUES ('444','6','189','0','2','1095510591');
insert into 4_tbl_bet (id,userID,game,bet1,bet2,bet_ts) VALUES ('445','2','190','2','1','1095667573');
insert into 4_tbl_bet (id,userID,game,bet1,bet2,bet_ts) VALUES ('446','2','192','2','2','1095667573');
insert into 4_tbl_bet (id,userID,game,bet1,bet2,bet_ts) VALUES ('447','2','194','3','2','1095667573');
insert into 4_tbl_bet (id,userID,game,bet1,bet2,bet_ts) VALUES ('448','2','196','3','1','1095667573');
insert into 4_tbl_bet (id,userID,game,bet1,bet2,bet_ts) VALUES ('449','2','198','3','1','1095667573');
insert into 4_tbl_bet (id,userID,game,bet1,bet2,bet_ts) VALUES ('450','2','200','1','1','1095667573');
insert into 4_tbl_bet (id,userID,game,bet1,bet2,bet_ts) VALUES ('451','2','202','2','0','1095667573');
insert into 4_tbl_bet (id,userID,game,bet1,bet2,bet_ts) VALUES ('452','2','204','1','0','1095667573');
insert into 4_tbl_bet (id,userID,game,bet1,bet2,bet_ts) VALUES ('453','2','206','2','1','1095667573');
insert into 4_tbl_bet (id,userID,game,bet1,bet2,bet_ts) VALUES ('454','2','208','2','0','1095667573');
insert into 4_tbl_bet (id,userID,game,bet1,bet2,bet_ts) VALUES ('455','2','209','1','1','1095667573');
insert into 4_tbl_bet (id,userID,game,bet1,bet2,bet_ts) VALUES ('456','2','210','2','1','1095667573');
insert into 4_tbl_bet (id,userID,game,bet1,bet2,bet_ts) VALUES ('457','5','190','2','1','1095839059');
insert into 4_tbl_bet (id,userID,game,bet1,bet2,bet_ts) VALUES ('458','5','192','0','2','1095839059');
insert into 4_tbl_bet (id,userID,game,bet1,bet2,bet_ts) VALUES ('459','5','194','1','1','1095839059');
insert into 4_tbl_bet (id,userID,game,bet1,bet2,bet_ts) VALUES ('460','5','196','3','1','1095839059');
insert into 4_tbl_bet (id,userID,game,bet1,bet2,bet_ts) VALUES ('461','5','198','2','0','1095839059');
insert into 4_tbl_bet (id,userID,game,bet1,bet2,bet_ts) VALUES ('462','5','200','1','0','1095839059');
insert into 4_tbl_bet (id,userID,game,bet1,bet2,bet_ts) VALUES ('463','5','202','3','0','1095839059');
insert into 4_tbl_bet (id,userID,game,bet1,bet2,bet_ts) VALUES ('464','5','204','1','1','1095839059');
insert into 4_tbl_bet (id,userID,game,bet1,bet2,bet_ts) VALUES ('465','5','206','2','1','1095839059');
insert into 4_tbl_bet (id,userID,game,bet1,bet2,bet_ts) VALUES ('466','5','208','2','1','1095839059');
insert into 4_tbl_bet (id,userID,game,bet1,bet2,bet_ts) VALUES ('467','5','209','0','2','1095839059');
insert into 4_tbl_bet (id,userID,game,bet1,bet2,bet_ts) VALUES ('468','5','210','1','0','1095839059');
insert into 4_tbl_bet (id,userID,game,bet1,bet2,bet_ts) VALUES ('469','5','211','1','1','1095856171');
insert into 4_tbl_bet (id,userID,game,bet1,bet2,bet_ts) VALUES ('470','5','213','1','1','1095856172');
insert into 4_tbl_bet (id,userID,game,bet1,bet2,bet_ts) VALUES ('471','5','215','2','1','1095856172');
insert into 4_tbl_bet (id,userID,game,bet1,bet2,bet_ts) VALUES ('472','5','217','3','0','1095856172');
insert into 4_tbl_bet (id,userID,game,bet1,bet2,bet_ts) VALUES ('473','5','219','3','1','1095856172');
insert into 4_tbl_bet (id,userID,game,bet1,bet2,bet_ts) VALUES ('474','5','221','2','0','1095856172');
insert into 4_tbl_bet (id,userID,game,bet1,bet2,bet_ts) VALUES ('475','5','223','3','1','1095856172');
insert into 4_tbl_bet (id,userID,game,bet1,bet2,bet_ts) VALUES ('476','5','225','0','2','1095856172');
insert into 4_tbl_bet (id,userID,game,bet1,bet2,bet_ts) VALUES ('477','5','227','1','2','1095856172');
insert into 4_tbl_bet (id,userID,game,bet1,bet2,bet_ts) VALUES ('478','5','229','2','1','1095856172');
insert into 4_tbl_bet (id,userID,game,bet1,bet2,bet_ts) VALUES ('479','5','230','1','2','1095856172');
insert into 4_tbl_bet (id,userID,game,bet1,bet2,bet_ts) VALUES ('480','5','231','3','0','1095856172');
insert into 4_tbl_bet (id,userID,game,bet1,bet2,bet_ts) VALUES ('481','4','190','2','1','1095936659');
insert into 4_tbl_bet (id,userID,game,bet1,bet2,bet_ts) VALUES ('482','4','192','1','2','1095936659');
insert into 4_tbl_bet (id,userID,game,bet1,bet2,bet_ts) VALUES ('483','4','194','1','1','1095936659');
insert into 4_tbl_bet (id,userID,game,bet1,bet2,bet_ts) VALUES ('484','4','196','3','1','1095936659');
insert into 4_tbl_bet (id,userID,game,bet1,bet2,bet_ts) VALUES ('485','4','198','2','1','1095936659');
insert into 4_tbl_bet (id,userID,game,bet1,bet2,bet_ts) VALUES ('486','4','200','3','1','1095936659');
insert into 4_tbl_bet (id,userID,game,bet1,bet2,bet_ts) VALUES ('487','4','202','1','0','1095936659');
insert into 4_tbl_bet (id,userID,game,bet1,bet2,bet_ts) VALUES ('488','4','204','1','2','1095936659');
insert into 4_tbl_bet (id,userID,game,bet1,bet2,bet_ts) VALUES ('489','4','206','2','1','1095936659');
insert into 4_tbl_bet (id,userID,game,bet1,bet2,bet_ts) VALUES ('490','4','208','2','1','1095936659');
insert into 4_tbl_bet (id,userID,game,bet1,bet2,bet_ts) VALUES ('491','4','209','1','2','1095936659');
insert into 4_tbl_bet (id,userID,game,bet1,bet2,bet_ts) VALUES ('492','4','210','2','0','1095936659');
insert into 4_tbl_bet (id,userID,game,bet1,bet2,bet_ts) VALUES ('493','1','190','1','0','1096004194');
insert into 4_tbl_bet (id,userID,game,bet1,bet2,bet_ts) VALUES ('494','1','192','2','0','1096004194');
insert into 4_tbl_bet (id,userID,game,bet1,bet2,bet_ts) VALUES ('495','1','194','0','2','1096004194');
insert into 4_tbl_bet (id,userID,game,bet1,bet2,bet_ts) VALUES ('496','1','196','2','0','1096004194');
insert into 4_tbl_bet (id,userID,game,bet1,bet2,bet_ts) VALUES ('497','1','198','3','1','1096004194');
insert into 4_tbl_bet (id,userID,game,bet1,bet2,bet_ts) VALUES ('498','1','200','2','2','1096004194');
insert into 4_tbl_bet (id,userID,game,bet1,bet2,bet_ts) VALUES ('499','1','202','3','0','1096004194');
insert into 4_tbl_bet (id,userID,game,bet1,bet2,bet_ts) VALUES ('500','1','204','1','1','1096004194');
insert into 4_tbl_bet (id,userID,game,bet1,bet2,bet_ts) VALUES ('501','1','206','1','2','1096004194');
insert into 4_tbl_bet (id,userID,game,bet1,bet2,bet_ts) VALUES ('502','1','208','0','0','1096004194');
insert into 4_tbl_bet (id,userID,game,bet1,bet2,bet_ts) VALUES ('503','1','209','0','1','1096004194');
insert into 4_tbl_bet (id,userID,game,bet1,bet2,bet_ts) VALUES ('504','1','210','3','1','1096004194');
insert into 4_tbl_bet (id,userID,game,bet1,bet2,bet_ts) VALUES ('517','6','190','2','0','1096108018');
insert into 4_tbl_bet (id,userID,game,bet1,bet2,bet_ts) VALUES ('518','6','192','1','3','1096108018');
insert into 4_tbl_bet (id,userID,game,bet1,bet2,bet_ts) VALUES ('519','6','194','1','0','1096108018');
insert into 4_tbl_bet (id,userID,game,bet1,bet2,bet_ts) VALUES ('520','6','196','2','0','1096108018');
insert into 4_tbl_bet (id,userID,game,bet1,bet2,bet_ts) VALUES ('521','6','198','2','1','1096108018');
insert into 4_tbl_bet (id,userID,game,bet1,bet2,bet_ts) VALUES ('522','6','200','2','1','1096108018');
insert into 4_tbl_bet (id,userID,game,bet1,bet2,bet_ts) VALUES ('523','6','202','2','0','1096108018');
insert into 4_tbl_bet (id,userID,game,bet1,bet2,bet_ts) VALUES ('524','6','204','2','0','1096108018');
insert into 4_tbl_bet (id,userID,game,bet1,bet2,bet_ts) VALUES ('525','6','206','1','0','1096108018');
insert into 4_tbl_bet (id,userID,game,bet1,bet2,bet_ts) VALUES ('526','6','208','3','1','1096108018');
insert into 4_tbl_bet (id,userID,game,bet1,bet2,bet_ts) VALUES ('527','6','209','-1','-1','1096108018');
insert into 4_tbl_bet (id,userID,game,bet1,bet2,bet_ts) VALUES ('528','6','210','-1','-1','1096108018');
insert into 4_tbl_bet (id,userID,game,bet1,bet2,bet_ts) VALUES ('529','3','190','2','0','1096113997');
insert into 4_tbl_bet (id,userID,game,bet1,bet2,bet_ts) VALUES ('530','3','192','2','1','1096113997');
insert into 4_tbl_bet (id,userID,game,bet1,bet2,bet_ts) VALUES ('531','3','194','2','3','1096113997');
insert into 4_tbl_bet (id,userID,game,bet1,bet2,bet_ts) VALUES ('532','3','196','2','0','1096113997');
insert into 4_tbl_bet (id,userID,game,bet1,bet2,bet_ts) VALUES ('533','3','198','1','0','1096113997');
insert into 4_tbl_bet (id,userID,game,bet1,bet2,bet_ts) VALUES ('534','3','200','2','2','1096113997');
insert into 4_tbl_bet (id,userID,game,bet1,bet2,bet_ts) VALUES ('535','3','202','2','1','1096113997');
insert into 4_tbl_bet (id,userID,game,bet1,bet2,bet_ts) VALUES ('536','3','204','1','2','1096113997');
insert into 4_tbl_bet (id,userID,game,bet1,bet2,bet_ts) VALUES ('537','3','206','0','1','1096113997');
insert into 4_tbl_bet (id,userID,game,bet1,bet2,bet_ts) VALUES ('538','3','208','-1','-1','1096113997');
insert into 4_tbl_bet (id,userID,game,bet1,bet2,bet_ts) VALUES ('539','3','209','1','1','1096113997');
insert into 4_tbl_bet (id,userID,game,bet1,bet2,bet_ts) VALUES ('540','3','210','4','2','1096113997');
insert into 4_tbl_bet (id,userID,game,bet1,bet2,bet_ts) VALUES ('553','4','211','1','1','1096542659');
insert into 4_tbl_bet (id,userID,game,bet1,bet2,bet_ts) VALUES ('554','4','213','2','1','1096542659');
insert into 4_tbl_bet (id,userID,game,bet1,bet2,bet_ts) VALUES ('555','4','215','2','1','1096542659');
insert into 4_tbl_bet (id,userID,game,bet1,bet2,bet_ts) VALUES ('556','4','217','3','1','1096542659');
insert into 4_tbl_bet (id,userID,game,bet1,bet2,bet_ts) VALUES ('557','4','219','2','1','1096542659');
insert into 4_tbl_bet (id,userID,game,bet1,bet2,bet_ts) VALUES ('558','4','221','1','1','1096542659');
insert into 4_tbl_bet (id,userID,game,bet1,bet2,bet_ts) VALUES ('559','4','223','1','2','1096542659');
insert into 4_tbl_bet (id,userID,game,bet1,bet2,bet_ts) VALUES ('560','4','225','1','2','1096542659');
insert into 4_tbl_bet (id,userID,game,bet1,bet2,bet_ts) VALUES ('561','4','227','2','1','1096542659');
insert into 4_tbl_bet (id,userID,game,bet1,bet2,bet_ts) VALUES ('562','4','229','2','1','1096542659');
insert into 4_tbl_bet (id,userID,game,bet1,bet2,bet_ts) VALUES ('563','4','230','1','1','1096542660');
insert into 4_tbl_bet (id,userID,game,bet1,bet2,bet_ts) VALUES ('564','4','231','2','1','1096542660');
insert into 4_tbl_bet (id,userID,game,bet1,bet2,bet_ts) VALUES ('565','1','211','2','0','1096612094');
insert into 4_tbl_bet (id,userID,game,bet1,bet2,bet_ts) VALUES ('566','1','213','1','2','1096612094');
insert into 4_tbl_bet (id,userID,game,bet1,bet2,bet_ts) VALUES ('567','1','215','1','0','1096612094');
insert into 4_tbl_bet (id,userID,game,bet1,bet2,bet_ts) VALUES ('568','1','217','1','0','1096612094');
insert into 4_tbl_bet (id,userID,game,bet1,bet2,bet_ts) VALUES ('569','1','219','2','1','1096612094');
insert into 4_tbl_bet (id,userID,game,bet1,bet2,bet_ts) VALUES ('570','1','221','1','3','1096612094');
insert into 4_tbl_bet (id,userID,game,bet1,bet2,bet_ts) VALUES ('571','1','223','1','0','1096612094');
insert into 4_tbl_bet (id,userID,game,bet1,bet2,bet_ts) VALUES ('572','1','225','1','2','1096612094');
insert into 4_tbl_bet (id,userID,game,bet1,bet2,bet_ts) VALUES ('573','1','227','1','2','1096612094');
insert into 4_tbl_bet (id,userID,game,bet1,bet2,bet_ts) VALUES ('574','1','229','0','2','1096612094');
insert into 4_tbl_bet (id,userID,game,bet1,bet2,bet_ts) VALUES ('575','1','230','0','0','1096612094');
insert into 4_tbl_bet (id,userID,game,bet1,bet2,bet_ts) VALUES ('576','1','231','2','0','1096612094');
insert into 4_tbl_bet (id,userID,game,bet1,bet2,bet_ts) VALUES ('577','2','211','1','1','1096616416');
insert into 4_tbl_bet (id,userID,game,bet1,bet2,bet_ts) VALUES ('578','2','213','2','2','1096616416');
insert into 4_tbl_bet (id,userID,game,bet1,bet2,bet_ts) VALUES ('579','2','215','1','0','1096616416');
insert into 4_tbl_bet (id,userID,game,bet1,bet2,bet_ts) VALUES ('580','2','217','3','1','1096616416');
insert into 4_tbl_bet (id,userID,game,bet1,bet2,bet_ts) VALUES ('581','2','219','2','0','1096616416');
insert into 4_tbl_bet (id,userID,game,bet1,bet2,bet_ts) VALUES ('582','2','221','2','1','1096616416');
insert into 4_tbl_bet (id,userID,game,bet1,bet2,bet_ts) VALUES ('583','2','223','1','1','1096616416');
insert into 4_tbl_bet (id,userID,game,bet1,bet2,bet_ts) VALUES ('584','2','225','1','2','1096616416');
insert into 4_tbl_bet (id,userID,game,bet1,bet2,bet_ts) VALUES ('585','2','227','2','1','1096616416');
insert into 4_tbl_bet (id,userID,game,bet1,bet2,bet_ts) VALUES ('586','2','229','1','2','1096616416');
insert into 4_tbl_bet (id,userID,game,bet1,bet2,bet_ts) VALUES ('587','2','230','0','1','1096616416');
insert into 4_tbl_bet (id,userID,game,bet1,bet2,bet_ts) VALUES ('588','2','231','3','1','1096616416');
insert into 4_tbl_bet (id,userID,game,bet1,bet2,bet_ts) VALUES ('589','3','211','1','1','1096644509');
insert into 4_tbl_bet (id,userID,game,bet1,bet2,bet_ts) VALUES ('590','3','213','3','1','1096644509');
insert into 4_tbl_bet (id,userID,game,bet1,bet2,bet_ts) VALUES ('591','3','215','3','0','1096644509');
insert into 4_tbl_bet (id,userID,game,bet1,bet2,bet_ts) VALUES ('592','3','217','2','0','1096644509');
insert into 4_tbl_bet (id,userID,game,bet1,bet2,bet_ts) VALUES ('593','3','219','3','2','1096644509');
insert into 4_tbl_bet (id,userID,game,bet1,bet2,bet_ts) VALUES ('594','3','221','0','0','1096644509');
insert into 4_tbl_bet (id,userID,game,bet1,bet2,bet_ts) VALUES ('595','3','223','0','1','1096644509');
insert into 4_tbl_bet (id,userID,game,bet1,bet2,bet_ts) VALUES ('596','3','225','1','2','1096644509');
insert into 4_tbl_bet (id,userID,game,bet1,bet2,bet_ts) VALUES ('597','3','227','1','1','1096644509');
insert into 4_tbl_bet (id,userID,game,bet1,bet2,bet_ts) VALUES ('598','3','229','0','2','1096644509');
insert into 4_tbl_bet (id,userID,game,bet1,bet2,bet_ts) VALUES ('599','3','230','1','1','1096644509');
insert into 4_tbl_bet (id,userID,game,bet1,bet2,bet_ts) VALUES ('600','3','231','4','1','1096644509');

# Tabellenname: 4_tbl_extra_wins 
DROP TABLE IF EXISTS 4_tbl_extra_wins; 
CREATE TABLE 4_tbl_extra_wins (
    userID int(2) DEFAULT '0' NOT NULL,
    season int(2) DEFAULT '0' NOT NULL,
    champ int(1),
    down1 int(2),
    down2 int(2),
    down3 int(2),
    up1 int(2),
    up2 int(2),
    up3 int(2),
    fired int(2),
    wins int(2),
   PRIMARY KEY (userID, season)
); 
insert into 4_tbl_extra_wins (userID,season,champ,down1,down2,down3,up1,up2,up3,fired,wins) VALUES ('0','4','0','0','0','0','0','0','0','13','0');
insert into 4_tbl_extra_wins (userID,season,champ,down1,down2,down3,up1,up2,up3,fired,wins) VALUES ('1','4','10','32','28','3','29','11','27','1','0');
insert into 4_tbl_extra_wins (userID,season,champ,down1,down2,down3,up1,up2,up3,fired,wins) VALUES ('2','4','10','32','28','3','2','11','22','7','0');
insert into 4_tbl_extra_wins (userID,season,champ,down1,down2,down3,up1,up2,up3,fired,wins) VALUES ('3','4','10','28','32','8','29','22','11','7','0');
insert into 4_tbl_extra_wins (userID,season,champ,down1,down2,down3,up1,up2,up3,fired,wins) VALUES ('4','4','10','32','28','8','2','11','27','7','0');
insert into 4_tbl_extra_wins (userID,season,champ,down1,down2,down3,up1,up2,up3,fired,wins) VALUES ('5','4','10','28','3','31','29','26','15','12','0');
insert into 4_tbl_extra_wins (userID,season,champ,down1,down2,down3,up1,up2,up3,fired,wins) VALUES ('6','4','0','0','0','0','0','0','0','0','0');

# Tabellenname: 4_tbl_game 
DROP TABLE IF EXISTS 4_tbl_game; 
CREATE TABLE 4_tbl_game (
    id int(10) NOT NULL auto_increment,
    play int(5) DEFAULT '0' NOT NULL,
    team1 int(2) DEFAULT '0' NOT NULL,
    team2 int(2) DEFAULT '0' NOT NULL,
    p_ts int(10),
    result1 int(2),
    result2 int(2),
   PRIMARY KEY (id)
); 
insert into 4_tbl_game (id,play,team1,team2,p_ts,result1,result2) VALUES ('105','1','22','11','1092075300','1','1');
insert into 4_tbl_game (id,play,team1,team2,p_ts,result1,result2) VALUES ('93','1','4','12','1091885400','2','1');
insert into 4_tbl_game (id,play,team1,team2,p_ts,result1,result2) VALUES ('104','1','2','29','1091970000','0','0');
insert into 4_tbl_game (id,play,team1,team2,p_ts,result1,result2) VALUES ('92','18','17','5','','','');
insert into 4_tbl_game (id,play,team1,team2,p_ts,result1,result2) VALUES ('103','1','34','27','1091876400','3','1');
insert into 4_tbl_game (id,play,team1,team2,p_ts,result1,result2) VALUES ('91','1','5','17','1091885400','1','2');
insert into 4_tbl_game (id,play,team1,team2,p_ts,result1,result2) VALUES ('102','18','32','16','','','');
insert into 4_tbl_game (id,play,team1,team2,p_ts,result1,result2) VALUES ('90','18','8','3','','','');
insert into 4_tbl_game (id,play,team1,team2,p_ts,result1,result2) VALUES ('101','1','16','32','1091979000','4','2');
insert into 4_tbl_game (id,play,team1,team2,p_ts,result1,result2) VALUES ('89','1','3','8','1091885400','0','0');
insert into 4_tbl_game (id,play,team1,team2,p_ts,result1,result2) VALUES ('100','18','6','28','','','');
insert into 4_tbl_game (id,play,team1,team2,p_ts,result1,result2) VALUES ('88','18','31','1','','','');
insert into 4_tbl_game (id,play,team1,team2,p_ts,result1,result2) VALUES ('99','1','28','6','1091979000','0','0');
insert into 4_tbl_game (id,play,team1,team2,p_ts,result1,result2) VALUES ('87','1','1','31','1091885400','1','3');
insert into 4_tbl_game (id,play,team1,team2,p_ts,result1,result2) VALUES ('98','18','10','7','','','');
insert into 4_tbl_game (id,play,team1,team2,p_ts,result1,result2) VALUES ('86','18','13','18','','','');
insert into 4_tbl_game (id,play,team1,team2,p_ts,result1,result2) VALUES ('97','1','7','10','1091885400','0','2');
insert into 4_tbl_game (id,play,team1,team2,p_ts,result1,result2) VALUES ('85','1','18','13','1091817000','1','0');
insert into 4_tbl_game (id,play,team1,team2,p_ts,result1,result2) VALUES ('96','18','14','9','','','');
insert into 4_tbl_game (id,play,team1,team2,p_ts,result1,result2) VALUES ('95','1','9','14','1091885400','2','2');
insert into 4_tbl_game (id,play,team1,team2,p_ts,result1,result2) VALUES ('94','18','12','4','','','');
insert into 4_tbl_game (id,play,team1,team2,p_ts,result1,result2) VALUES ('126','2','29','34','1092680100','2','1');
insert into 4_tbl_game (id,play,team1,team2,p_ts,result1,result2) VALUES ('114','2','13','1','1092490200','2','1');
insert into 4_tbl_game (id,play,team1,team2,p_ts,result1,result2) VALUES ('125','2','21','36','1092574800','1','1');
insert into 4_tbl_game (id,play,team1,team2,p_ts,result1,result2) VALUES ('113','19','18','8','','','');
insert into 4_tbl_game (id,play,team1,team2,p_ts,result1,result2) VALUES ('124','2','19','15','1092416400','3','1');
insert into 4_tbl_game (id,play,team1,team2,p_ts,result1,result2) VALUES ('112','2','8','18','1092490200','0','4');
insert into 4_tbl_game (id,play,team1,team2,p_ts,result1,result2) VALUES ('123','19','28','12','','','');
insert into 4_tbl_game (id,play,team1,team2,p_ts,result1,result2) VALUES ('111','19','5','6','','','');
insert into 4_tbl_game (id,play,team1,team2,p_ts,result1,result2) VALUES ('122','2','12','28','1096387200','0','1');
insert into 4_tbl_game (id,play,team1,team2,p_ts,result1,result2) VALUES ('110','2','6','5','1092490200','2','3');
insert into 4_tbl_game (id,play,team1,team2,p_ts,result1,result2) VALUES ('121','19','3','17','','','');
insert into 4_tbl_game (id,play,team1,team2,p_ts,result1,result2) VALUES ('109','19','9','10','','','');
insert into 4_tbl_game (id,play,team1,team2,p_ts,result1,result2) VALUES ('120','2','17','3','1092583800','0','1');
insert into 4_tbl_game (id,play,team1,team2,p_ts,result1,result2) VALUES ('108','2','10','9','1092490200','1','1');
insert into 4_tbl_game (id,play,team1,team2,p_ts,result1,result2) VALUES ('119','19','4','14','','','');
insert into 4_tbl_game (id,play,team1,team2,p_ts,result1,result2) VALUES ('107','19','7','32','','','');
insert into 4_tbl_game (id,play,team1,team2,p_ts,result1,result2) VALUES ('118','2','14','4','1092583800','2','2');
insert into 4_tbl_game (id,play,team1,team2,p_ts,result1,result2) VALUES ('106','2','32','7','1092490200','2','1');
insert into 4_tbl_game (id,play,team1,team2,p_ts,result1,result2) VALUES ('117','19','16','31','','','');
insert into 4_tbl_game (id,play,team1,team2,p_ts,result1,result2) VALUES ('116','2','31','16','1092490200','1','1');
insert into 4_tbl_game (id,play,team1,team2,p_ts,result1,result2) VALUES ('115','19','1','13','','','');
insert into 4_tbl_game (id,play,team1,team2,p_ts,result1,result2) VALUES ('147','3','2','11','1093889700','2','0');
insert into 4_tbl_game (id,play,team1,team2,p_ts,result1,result2) VALUES ('135','3','9','32','1093699800','1','1');
insert into 4_tbl_game (id,play,team1,team2,p_ts,result1,result2) VALUES ('146','3','23','19','1093784400','1','0');
insert into 4_tbl_game (id,play,team1,team2,p_ts,result1,result2) VALUES ('134','20','10','4','','','');
insert into 4_tbl_game (id,play,team1,team2,p_ts,result1,result2) VALUES ('145','3','22','20','1093626000','4','0');
insert into 4_tbl_game (id,play,team1,team2,p_ts,result1,result2) VALUES ('133','3','4','10','1093699800','4','1');
insert into 4_tbl_game (id,play,team1,team2,p_ts,result1,result2) VALUES ('144','20','17','18','','','');
insert into 4_tbl_game (id,play,team1,team2,p_ts,result1,result2) VALUES ('132','20','14','28','','','');
insert into 4_tbl_game (id,play,team1,team2,p_ts,result1,result2) VALUES ('143','3','18','17','1093793400','1','2');
insert into 4_tbl_game (id,play,team1,team2,p_ts,result1,result2) VALUES ('131','3','28','14','1093699800','1','2');
insert into 4_tbl_game (id,play,team1,team2,p_ts,result1,result2) VALUES ('142','20','12','5','','','');
insert into 4_tbl_game (id,play,team1,team2,p_ts,result1,result2) VALUES ('130','20','6','3','','','');
insert into 4_tbl_game (id,play,team1,team2,p_ts,result1,result2) VALUES ('141','3','5','12','1093793400','1','1');
insert into 4_tbl_game (id,play,team1,team2,p_ts,result1,result2) VALUES ('129','3','3','6','1093699800','1','1');
insert into 4_tbl_game (id,play,team1,team2,p_ts,result1,result2) VALUES ('140','20','8','13','','','');
insert into 4_tbl_game (id,play,team1,team2,p_ts,result1,result2) VALUES ('128','20','16','1','','','');
insert into 4_tbl_game (id,play,team1,team2,p_ts,result1,result2) VALUES ('139','3','13','8','1093699800','0','2');
insert into 4_tbl_game (id,play,team1,team2,p_ts,result1,result2) VALUES ('127','3','1','16','1093699800','2','3');
insert into 4_tbl_game (id,play,team1,team2,p_ts,result1,result2) VALUES ('138','20','31','7','','','');
insert into 4_tbl_game (id,play,team1,team2,p_ts,result1,result2) VALUES ('137','3','7','31','1093699800','4','3');
insert into 4_tbl_game (id,play,team1,team2,p_ts,result1,result2) VALUES ('136','20','32','9','','','');
insert into 4_tbl_game (id,play,team1,team2,p_ts,result1,result2) VALUES ('168','4','21','15','1095099300','0','0');
insert into 4_tbl_game (id,play,team1,team2,p_ts,result1,result2) VALUES ('156','4','17','13','1094909400','3','0');
insert into 4_tbl_game (id,play,team1,team2,p_ts,result1,result2) VALUES ('167','4','19','26','1094994000','0','0');
insert into 4_tbl_game (id,play,team1,team2,p_ts,result1,result2) VALUES ('155','21','18','6','','','');
insert into 4_tbl_game (id,play,team1,team2,p_ts,result1,result2) VALUES ('166','4','11','34','1094835600','2','1');
insert into 4_tbl_game (id,play,team1,team2,p_ts,result1,result2) VALUES ('154','4','6','18','1094909400','3','1');
insert into 4_tbl_game (id,play,team1,team2,p_ts,result1,result2) VALUES ('165','21','1','8','','','');
insert into 4_tbl_game (id,play,team1,team2,p_ts,result1,result2) VALUES ('153','21','5','14','','','');
insert into 4_tbl_game (id,play,team1,team2,p_ts,result1,result2) VALUES ('164','4','8','1','1095003000','2','3');
insert into 4_tbl_game (id,play,team1,team2,p_ts,result1,result2) VALUES ('152','4','14','5','1094909400','2','2');
insert into 4_tbl_game (id,play,team1,team2,p_ts,result1,result2) VALUES ('163','21','3','12','','','');
insert into 4_tbl_game (id,play,team1,team2,p_ts,result1,result2) VALUES ('151','21','28','10','','','');
insert into 4_tbl_game (id,play,team1,team2,p_ts,result1,result2) VALUES ('162','4','12','3','1095003000','2','2');
insert into 4_tbl_game (id,play,team1,team2,p_ts,result1,result2) VALUES ('150','4','10','28','1094909400','1','0');
insert into 4_tbl_game (id,play,team1,team2,p_ts,result1,result2) VALUES ('161','21','9','31','','','');
insert into 4_tbl_game (id,play,team1,team2,p_ts,result1,result2) VALUES ('149','21','4','32','','','');
insert into 4_tbl_game (id,play,team1,team2,p_ts,result1,result2) VALUES ('160','4','31','9','1094909400','0','0');
insert into 4_tbl_game (id,play,team1,team2,p_ts,result1,result2) VALUES ('148','4','32','4','1094909400','2','0');
insert into 4_tbl_game (id,play,team1,team2,p_ts,result1,result2) VALUES ('159','21','7','16','','','');
insert into 4_tbl_game (id,play,team1,team2,p_ts,result1,result2) VALUES ('158','4','16','7','1094909400','2','0');
insert into 4_tbl_game (id,play,team1,team2,p_ts,result1,result2) VALUES ('157','21','13','17','','','');
insert into 4_tbl_game (id,play,team1,team2,p_ts,result1,result2) VALUES ('169','5','1','7','1095514200','2','1');
insert into 4_tbl_game (id,play,team1,team2,p_ts,result1,result2) VALUES ('170','22','7','1','','','');
insert into 4_tbl_game (id,play,team1,team2,p_ts,result1,result2) VALUES ('171','5','5','10','1095514200','2','2');
insert into 4_tbl_game (id,play,team1,team2,p_ts,result1,result2) VALUES ('172','22','10','5','','','');
insert into 4_tbl_game (id,play,team1,team2,p_ts,result1,result2) VALUES ('173','5','28','32','1095514200','1','1');
insert into 4_tbl_game (id,play,team1,team2,p_ts,result1,result2) VALUES ('174','22','32','28','','','');
insert into 4_tbl_game (id,play,team1,team2,p_ts,result1,result2) VALUES ('175','5','4','31','1095514200','2','2');
insert into 4_tbl_game (id,play,team1,team2,p_ts,result1,result2) VALUES ('176','22','31','4','','','');
insert into 4_tbl_game (id,play,team1,team2,p_ts,result1,result2) VALUES ('177','5','8','17','1095514200','1','2');
insert into 4_tbl_game (id,play,team1,team2,p_ts,result1,result2) VALUES ('178','22','17','8','','','');
insert into 4_tbl_game (id,play,team1,team2,p_ts,result1,result2) VALUES ('179','5','13','6','1095514200','3','2');
insert into 4_tbl_game (id,play,team1,team2,p_ts,result1,result2) VALUES ('180','22','6','13','','','');
insert into 4_tbl_game (id,play,team1,team2,p_ts,result1,result2) VALUES ('181','5','18','12','1095514200','3','0');
insert into 4_tbl_game (id,play,team1,team2,p_ts,result1,result2) VALUES ('182','22','12','18','','','');
insert into 4_tbl_game (id,play,team1,team2,p_ts,result1,result2) VALUES ('183','5','3','14','1095607800','1','1');
insert into 4_tbl_game (id,play,team1,team2,p_ts,result1,result2) VALUES ('184','22','14','3','','','');
insert into 4_tbl_game (id,play,team1,team2,p_ts,result1,result2) VALUES ('185','5','9','16','1095607800','0','0');
insert into 4_tbl_game (id,play,team1,team2,p_ts,result1,result2) VALUES ('186','22','16','9','','','');
insert into 4_tbl_game (id,play,team1,team2,p_ts,result1,result2) VALUES ('187','5','34','20','1095440400','1','2');
insert into 4_tbl_game (id,play,team1,team2,p_ts,result1,result2) VALUES ('188','5','30','19','1095598800','4','1');
insert into 4_tbl_game (id,play,team1,team2,p_ts,result1,result2) VALUES ('189','5','22','2','1095618600','2','3');
insert into 4_tbl_game (id,play,team1,team2,p_ts,result1,result2) VALUES ('190','6','10','3','1096119000','3','1');
insert into 4_tbl_game (id,play,team1,team2,p_ts,result1,result2) VALUES ('191','23','3','10','','','');
insert into 4_tbl_game (id,play,team1,team2,p_ts,result1,result2) VALUES ('192','6','14','18','1096119000','1','4');
insert into 4_tbl_game (id,play,team1,team2,p_ts,result1,result2) VALUES ('193','23','18','14','','','');
insert into 4_tbl_game (id,play,team1,team2,p_ts,result1,result2) VALUES ('194','6','12','13','1096119000','1','0');
insert into 4_tbl_game (id,play,team1,team2,p_ts,result1,result2) VALUES ('195','23','13','12','','','');
insert into 4_tbl_game (id,play,team1,team2,p_ts,result1,result2) VALUES ('196','6','6','8','1096119000','2','2');
insert into 4_tbl_game (id,play,team1,team2,p_ts,result1,result2) VALUES ('197','23','8','6','','','');
insert into 4_tbl_game (id,play,team1,team2,p_ts,result1,result2) VALUES ('198','6','17','1','1096119000','2','1');
insert into 4_tbl_game (id,play,team1,team2,p_ts,result1,result2) VALUES ('199','23','1','17','','','');
insert into 4_tbl_game (id,play,team1,team2,p_ts,result1,result2) VALUES ('200','6','16','4','1096119000','3','0');
insert into 4_tbl_game (id,play,team1,team2,p_ts,result1,result2) VALUES ('201','23','4','16','','','');
insert into 4_tbl_game (id,play,team1,team2,p_ts,result1,result2) VALUES ('202','6','31','28','1096119000','1','2');
insert into 4_tbl_game (id,play,team1,team2,p_ts,result1,result2) VALUES ('203','23','28','31','','','');
insert into 4_tbl_game (id,play,team1,team2,p_ts,result1,result2) VALUES ('204','6','32','5','1096212600','1','1');
insert into 4_tbl_game (id,play,team1,team2,p_ts,result1,result2) VALUES ('205','23','5','32','','','');
insert into 4_tbl_game (id,play,team1,team2,p_ts,result1,result2) VALUES ('206','6','7','9','1096212600','2','1');
insert into 4_tbl_game (id,play,team1,team2,p_ts,result1,result2) VALUES ('207','23','9','7','','','');
insert into 4_tbl_game (id,play,team1,team2,p_ts,result1,result2) VALUES ('208','6','21','26','1096045200','1','1');
insert into 4_tbl_game (id,play,team1,team2,p_ts,result1,result2) VALUES ('209','6','19','22','1096203600','1','1');
insert into 4_tbl_game (id,play,team1,team2,p_ts,result1,result2) VALUES ('210','6','2','34','1096203600','3','2');
insert into 4_tbl_game (id,play,team1,team2,p_ts,result1,result2) VALUES ('211','7','1','9','1096723800','0','2');
insert into 4_tbl_game (id,play,team1,team2,p_ts,result1,result2) VALUES ('212','24','9','1','','','');
insert into 4_tbl_game (id,play,team1,team2,p_ts,result1,result2) VALUES ('213','7','3','32','1096723800','1','2');
insert into 4_tbl_game (id,play,team1,team2,p_ts,result1,result2) VALUES ('214','24','32','3','','','');
insert into 4_tbl_game (id,play,team1,team2,p_ts,result1,result2) VALUES ('215','7','5','31','1096723800','2','2');
insert into 4_tbl_game (id,play,team1,team2,p_ts,result1,result2) VALUES ('216','24','31','5','','','');
insert into 4_tbl_game (id,play,team1,team2,p_ts,result1,result2) VALUES ('217','7','4','7','1096723800','3','0');
insert into 4_tbl_game (id,play,team1,team2,p_ts,result1,result2) VALUES ('218','24','7','4','','','');
insert into 4_tbl_game (id,play,team1,team2,p_ts,result1,result2) VALUES ('219','7','17','6','1096723800','2','1');
insert into 4_tbl_game (id,play,team1,team2,p_ts,result1,result2) VALUES ('220','24','6','17','','','');
insert into 4_tbl_game (id,play,team1,team2,p_ts,result1,result2) VALUES ('221','7','8','12','1096723800','1','3');
insert into 4_tbl_game (id,play,team1,team2,p_ts,result1,result2) VALUES ('222','24','12','8','','','');
insert into 4_tbl_game (id,play,team1,team2,p_ts,result1,result2) VALUES ('223','7','18','10','1096723800','1','2');
insert into 4_tbl_game (id,play,team1,team2,p_ts,result1,result2) VALUES ('224','24','10','18','','','');
insert into 4_tbl_game (id,play,team1,team2,p_ts,result1,result2) VALUES ('225','7','28','16','1096817400','0','2');
insert into 4_tbl_game (id,play,team1,team2,p_ts,result1,result2) VALUES ('226','24','16','28','','','');
insert into 4_tbl_game (id,play,team1,team2,p_ts,result1,result2) VALUES ('227','7','13','14','1096817400','3','2');
insert into 4_tbl_game (id,play,team1,team2,p_ts,result1,result2) VALUES ('228','24','14','13','','','');
insert into 4_tbl_game (id,play,team1,team2,p_ts,result1,result2) VALUES ('229','7','35','11','1096650000','4','4');
insert into 4_tbl_game (id,play,team1,team2,p_ts,result1,result2) VALUES ('230','7','23','29','1096808400','2','0');
insert into 4_tbl_game (id,play,team1,team2,p_ts,result1,result2) VALUES ('231','7','22','34','1096913700','5','1');

# Tabellenname: 4_tbl_play 
DROP TABLE IF EXISTS 4_tbl_play; 
CREATE TABLE 4_tbl_play (
    id int(5) NOT NULL auto_increment,
    season int(2) DEFAULT '0' NOT NULL,
    recorded int(1) DEFAULT '0' NOT NULL,
    completed int(1) DEFAULT '0' NOT NULL,
   PRIMARY KEY (id)
); 
insert into 4_tbl_play (id,season,recorded,completed) VALUES ('1','4','2','1');
insert into 4_tbl_play (id,season,recorded,completed) VALUES ('2','4','2','1');
insert into 4_tbl_play (id,season,recorded,completed) VALUES ('3','4','2','1');
insert into 4_tbl_play (id,season,recorded,completed) VALUES ('4','4','2','1');
insert into 4_tbl_play (id,season,recorded,completed) VALUES ('5','4','2','1');
insert into 4_tbl_play (id,season,recorded,completed) VALUES ('6','4','2','1');
insert into 4_tbl_play (id,season,recorded,completed) VALUES ('7','4','2','1');
insert into 4_tbl_play (id,season,recorded,completed) VALUES ('8','4','0','0');
insert into 4_tbl_play (id,season,recorded,completed) VALUES ('9','4','0','0');
insert into 4_tbl_play (id,season,recorded,completed) VALUES ('10','4','0','0');
insert into 4_tbl_play (id,season,recorded,completed) VALUES ('11','4','0','0');
insert into 4_tbl_play (id,season,recorded,completed) VALUES ('12','4','0','0');
insert into 4_tbl_play (id,season,recorded,completed) VALUES ('13','4','0','0');
insert into 4_tbl_play (id,season,recorded,completed) VALUES ('14','4','0','0');
insert into 4_tbl_play (id,season,recorded,completed) VALUES ('15','4','0','0');
insert into 4_tbl_play (id,season,recorded,completed) VALUES ('16','4','0','0');
insert into 4_tbl_play (id,season,recorded,completed) VALUES ('17','4','0','0');
insert into 4_tbl_play (id,season,recorded,completed) VALUES ('18','4','0','0');
insert into 4_tbl_play (id,season,recorded,completed) VALUES ('19','4','0','0');
insert into 4_tbl_play (id,season,recorded,completed) VALUES ('20','4','0','0');
insert into 4_tbl_play (id,season,recorded,completed) VALUES ('21','4','0','0');
insert into 4_tbl_play (id,season,recorded,completed) VALUES ('22','4','0','0');
insert into 4_tbl_play (id,season,recorded,completed) VALUES ('23','4','0','0');
insert into 4_tbl_play (id,season,recorded,completed) VALUES ('24','4','0','0');
insert into 4_tbl_play (id,season,recorded,completed) VALUES ('25','4','0','0');
insert into 4_tbl_play (id,season,recorded,completed) VALUES ('26','4','0','0');
insert into 4_tbl_play (id,season,recorded,completed) VALUES ('27','4','0','0');
insert into 4_tbl_play (id,season,recorded,completed) VALUES ('28','4','0','0');
insert into 4_tbl_play (id,season,recorded,completed) VALUES ('29','4','0','0');
insert into 4_tbl_play (id,season,recorded,completed) VALUES ('30','4','0','0');
insert into 4_tbl_play (id,season,recorded,completed) VALUES ('31','4','0','0');
insert into 4_tbl_play (id,season,recorded,completed) VALUES ('32','4','0','0');
insert into 4_tbl_play (id,season,recorded,completed) VALUES ('33','4','0','0');
insert into 4_tbl_play (id,season,recorded,completed) VALUES ('34','4','0','0');

# Tabellenname: 4_tbl_points 
DROP TABLE IF EXISTS 4_tbl_points; 
CREATE TABLE 4_tbl_points (
    id int(5) NOT NULL auto_increment,
    play int(5) DEFAULT '0' NOT NULL,
    userID int(2) DEFAULT '0' NOT NULL,
    points int(2),
   PRIMARY KEY (id)
); 
insert into 4_tbl_points (id,play,userID,points) VALUES ('1','1','1','0');
insert into 4_tbl_points (id,play,userID,points) VALUES ('2','1','2','9');
insert into 4_tbl_points (id,play,userID,points) VALUES ('3','1','3','5');
insert into 4_tbl_points (id,play,userID,points) VALUES ('4','1','4','7');
insert into 4_tbl_points (id,play,userID,points) VALUES ('5','1','5','6');
insert into 4_tbl_points (id,play,userID,points) VALUES ('6','1','6','0');
insert into 4_tbl_points (id,play,userID,points) VALUES ('7','3','1','5');
insert into 4_tbl_points (id,play,userID,points) VALUES ('8','3','2','15');
insert into 4_tbl_points (id,play,userID,points) VALUES ('9','3','3','5');
insert into 4_tbl_points (id,play,userID,points) VALUES ('10','3','4','14');
insert into 4_tbl_points (id,play,userID,points) VALUES ('11','3','5','3');
insert into 4_tbl_points (id,play,userID,points) VALUES ('12','3','6','0');
insert into 4_tbl_points (id,play,userID,points) VALUES ('13','4','1','8');
insert into 4_tbl_points (id,play,userID,points) VALUES ('14','4','2','9');
insert into 4_tbl_points (id,play,userID,points) VALUES ('15','4','3','8');
insert into 4_tbl_points (id,play,userID,points) VALUES ('16','4','4','6');
insert into 4_tbl_points (id,play,userID,points) VALUES ('17','4','5','7');
insert into 4_tbl_points (id,play,userID,points) VALUES ('18','4','6','5');
insert into 4_tbl_points (id,play,userID,points) VALUES ('19','5','1','5');
insert into 4_tbl_points (id,play,userID,points) VALUES ('20','5','2','4');
insert into 4_tbl_points (id,play,userID,points) VALUES ('21','5','3','7');
insert into 4_tbl_points (id,play,userID,points) VALUES ('22','5','4','10');
insert into 4_tbl_points (id,play,userID,points) VALUES ('23','5','5','8');
insert into 4_tbl_points (id,play,userID,points) VALUES ('24','5','6','4');
insert into 4_tbl_points (id,play,userID,points) VALUES ('25','6','1','7');
insert into 4_tbl_points (id,play,userID,points) VALUES ('26','6','2','12');
insert into 4_tbl_points (id,play,userID,points) VALUES ('27','6','3','8');
insert into 4_tbl_points (id,play,userID,points) VALUES ('28','6','4','10');
insert into 4_tbl_points (id,play,userID,points) VALUES ('29','6','5','12');
insert into 4_tbl_points (id,play,userID,points) VALUES ('30','6','6','12');
insert into 4_tbl_points (id,play,userID,points) VALUES ('31','2','1','8');
insert into 4_tbl_points (id,play,userID,points) VALUES ('32','2','2','9');
insert into 4_tbl_points (id,play,userID,points) VALUES ('33','2','3','6');
insert into 4_tbl_points (id,play,userID,points) VALUES ('34','2','4','4');
insert into 4_tbl_points (id,play,userID,points) VALUES ('35','2','5','3');
insert into 4_tbl_points (id,play,userID,points) VALUES ('36','2','6','6');
insert into 4_tbl_points (id,play,userID,points) VALUES ('37','7','1','12');
insert into 4_tbl_points (id,play,userID,points) VALUES ('38','7','2','6');
insert into 4_tbl_points (id,play,userID,points) VALUES ('39','7','3','7');
insert into 4_tbl_points (id,play,userID,points) VALUES ('40','7','4','11');
insert into 4_tbl_points (id,play,userID,points) VALUES ('41','7','5','8');
insert into 4_tbl_points (id,play,userID,points) VALUES ('42','7','6','0');

# Tabellenname: 4_tbl_team1 
DROP TABLE IF EXISTS 4_tbl_team1; 
CREATE TABLE 4_tbl_team1 (
    id int(2) DEFAULT '0' NOT NULL,
    name char(50) NOT NULL,
    short char(6),
    league int(1)
); 
insert into 4_tbl_team1 (id,name,short,league) VALUES ('1','1.FC Kaiserslautern','1.FCK','1');
insert into 4_tbl_team1 (id,name,short,league) VALUES ('2','1.FC Kln','Kln','2');
insert into 4_tbl_team1 (id,name,short,league) VALUES ('3','SC Freiburg','Freib','1');
insert into 4_tbl_team1 (id,name,short,league) VALUES ('4','Bayer 04 Leverkusen','Bayer','1');
insert into 4_tbl_team1 (id,name,short,league) VALUES ('5','Borussia Dortmund','BVB','1');
insert into 4_tbl_team1 (id,name,short,league) VALUES ('6','Borussia MnchenGladbach','MGladb','1');
insert into 4_tbl_team1 (id,name,short,league) VALUES ('7','Hamburger SV','HSV','1');
insert into 4_tbl_team1 (id,name,short,league) VALUES ('8','Hansa Rostock','Hansa','1');
insert into 4_tbl_team1 (id,name,short,league) VALUES ('9','Hertha BSC Berlin','Hertha','1');
insert into 4_tbl_team1 (id,name,short,league) VALUES ('10','FC Bayern Mnchen','FCB','1');
insert into 4_tbl_team1 (id,name,short,league) VALUES ('11','Eintracht Frankfurt','Frank','2');
insert into 4_tbl_team1 (id,name,short,league) VALUES ('12','Hannover 96','Hann96','1');
insert into 4_tbl_team1 (id,name,short,league) VALUES ('13','FC Schalke 04','S04','1');
insert into 4_tbl_team1 (id,name,short,league) VALUES ('14','VfL Bochum','Bochum','1');
insert into 4_tbl_team1 (id,name,short,league) VALUES ('15','TSV 1860 Mnchen','1860','2');
insert into 4_tbl_team1 (id,name,short,league) VALUES ('16','VfB Stuttgart','VfB','1');
insert into 4_tbl_team1 (id,name,short,league) VALUES ('17','VfL Wolfsburg','Wolfsb','1');
insert into 4_tbl_team1 (id,name,short,league) VALUES ('18','Werder Bremen','Werder','1');
insert into 4_tbl_team1 (id,name,short,league) VALUES ('19','Erzgebirge Aue','Aue','2');
insert into 4_tbl_team1 (id,name,short,league) VALUES ('20','Karlsruher SC','KSC','2');
insert into 4_tbl_team1 (id,name,short,league) VALUES ('21','FC Rot-Weiss Erfurt','Erfurt','2');
insert into 4_tbl_team1 (id,name,short,league) VALUES ('22','TSV Alemannia Aachen','Aachen','2');
insert into 4_tbl_team1 (id,name,short,league) VALUES ('23','SpVgg Greuther Frth','Frth','2');
insert into 4_tbl_team1 (id,name,short,league) VALUES ('24','Eintracht Trier','Trier','2');
insert into 4_tbl_team1 (id,name,short,league) VALUES ('25','Wacker Burghausen','Wacker','2');
insert into 4_tbl_team1 (id,name,short,league) VALUES ('26','LR Ahlen','Ahlen','2');
insert into 4_tbl_team1 (id,name,short,league) VALUES ('27','MSV Duisburg','Duisb','2');
insert into 4_tbl_team1 (id,name,short,league) VALUES ('28','DSC Arminia Bielefeld','Biele','1');
insert into 4_tbl_team1 (id,name,short,league) VALUES ('29','Energie Cottbus','Cottb','2');
insert into 4_tbl_team1 (id,name,short,league) VALUES ('30','SpVgg Unterhaching','UHach','2');
insert into 4_tbl_team1 (id,name,short,league) VALUES ('31','1.FC Nrnberg','1.FCN','1');
insert into 4_tbl_team1 (id,name,short,league) VALUES ('32','FSV Mainz 05','Mainz','1');
insert into 4_tbl_team1 (id,name,short,league) VALUES ('33','1.FC Saarbrcken','Saarbr','2');
insert into 4_tbl_team1 (id,name,short,league) VALUES ('34','Dynamo Dresden','DynDrd','2');
insert into 4_tbl_team1 (id,name,short,league) VALUES ('35','Rot-Weiss Essen','RWE','2');
insert into 4_tbl_team1 (id,name,short,league) VALUES ('36','Rot-Wei Oberhausen','Oberha','2');

# Tabellenname: 4_tbl_team2 
DROP TABLE IF EXISTS 4_tbl_team2; 
CREATE TABLE 4_tbl_team2 (
    id2 int(2) DEFAULT '0' NOT NULL,
    name2 char(50) NOT NULL,
    short2 char(6),
    league2 int(1)
); 
insert into 4_tbl_team2 (id2,name2,short2,league2) VALUES ('1','1.FC Kaiserslautern','1.FCK','1');
insert into 4_tbl_team2 (id2,name2,short2,league2) VALUES ('2','1.FC Kln','Kln','1');
insert into 4_tbl_team2 (id2,name2,short2,league2) VALUES ('3','SC Freiburg','Freib','1');
insert into 4_tbl_team2 (id2,name2,short2,league2) VALUES ('4','Bayer 04 Leverkusen','Bayer','1');
insert into 4_tbl_team2 (id2,name2,short2,league2) VALUES ('5','Borussia Dortmund','BVB','1');
insert into 4_tbl_team2 (id2,name2,short2,league2) VALUES ('6','Borussia MnchenGladbach','MGladb','1');
insert into 4_tbl_team2 (id2,name2,short2,league2) VALUES ('7','Hamburger SV','HSV','1');
insert into 4_tbl_team2 (id2,name2,short2,league2) VALUES ('8','Hansa Rostock','Hansa','1');
insert into 4_tbl_team2 (id2,name2,short2,league2) VALUES ('9','Hertha BSC Berlin','Hertha','1');
insert into 4_tbl_team2 (id2,name2,short2,league2) VALUES ('10','FC Bayern Mnchen','FCB','1');
insert into 4_tbl_team2 (id2,name2,short2,league2) VALUES ('11','Eintracht Frankfurt','Frank','1');
insert into 4_tbl_team2 (id2,name2,short2,league2) VALUES ('12','Hannover 96','Hann96','1');
insert into 4_tbl_team2 (id2,name2,short2,league2) VALUES ('13','FC Schalke 04','S04','1');
insert into 4_tbl_team2 (id2,name2,short2,league2) VALUES ('14','VfL Bochum','Bochum','1');
insert into 4_tbl_team2 (id2,name2,short2,league2) VALUES ('15','TSV 1860 Mnchen','1860','1');
insert into 4_tbl_team2 (id2,name2,short2,league2) VALUES ('16','VfB Stuttgart','VfB','1');
insert into 4_tbl_team2 (id2,name2,short2,league2) VALUES ('17','VfL Wolfsburg','Wolfsb','1');
insert into 4_tbl_team2 (id2,name2,short2,league2) VALUES ('18','Werder Bremen','Werder','1');
insert into 4_tbl_team2 (id2,name2,short2,league2) VALUES ('19','Erzgebirge Aue','Aue','2');
insert into 4_tbl_team2 (id2,name2,short2,league2) VALUES ('20','Karlsruher SC','KSC','2');
insert into 4_tbl_team2 (id2,name2,short2,league2) VALUES ('21','FC Rot-Weiss Erfurt','Erfurt','2');
insert into 4_tbl_team2 (id2,name2,short2,league2) VALUES ('22','TSV Alemannia Aachen','Aachen','2');
insert into 4_tbl_team2 (id2,name2,short2,league2) VALUES ('23','SpVgg Greuther Frth','Frth','2');
insert into 4_tbl_team2 (id2,name2,short2,league2) VALUES ('24','Eintracht Trier','Trier','2');
insert into 4_tbl_team2 (id2,name2,short2,league2) VALUES ('25','Wacker Burghausen','Wacker','2');
insert into 4_tbl_team2 (id2,name2,short2,league2) VALUES ('26','LR Ahlen','Ahlen','2');
insert into 4_tbl_team2 (id2,name2,short2,league2) VALUES ('27','MSV Duisburg','Duisb','2');
insert into 4_tbl_team2 (id2,name2,short2,league2) VALUES ('28','DSC Arminia Bielefeld','Biele','1');
insert into 4_tbl_team2 (id2,name2,short2,league2) VALUES ('29','Energie Cottbus','Cottb','2');
insert into 4_tbl_team2 (id2,name2,short2,league2) VALUES ('30','SpVgg Unterhaching','UHach','2');
insert into 4_tbl_team2 (id2,name2,short2,league2) VALUES ('31','1.FC Nrnberg','1.FCN','1');
insert into 4_tbl_team2 (id2,name2,short2,league2) VALUES ('32','FSV Mainz 05','Mainz','1');
insert into 4_tbl_team2 (id2,name2,short2,league2) VALUES ('33','1.FC Saarbrcken','Saarbr','2');
insert into 4_tbl_team2 (id2,name2,short2,league2) VALUES ('34','Dynamo Dresden','DynDrd','2');
insert into 4_tbl_team2 (id2,name2,short2,league2) VALUES ('35','Rot-Weiss Essen','RWE','2');
insert into 4_tbl_team2 (id2,name2,short2,league2) VALUES ('36','Rot-Wei Oberhausen','Oberha','2');

# Tabellenname: 4_tbl_user 
DROP TABLE IF EXISTS 4_tbl_user; 
CREATE TABLE 4_tbl_user (
    id int(2) DEFAULT '0' NOT NULL,
    first_name char(50) NOT NULL,
    last_name char(50) NOT NULL,
    nick_name char(50) NOT NULL,
    password char(10) NOT NULL,
    email char(50),
    registration int(10),
    last_loggin int(10),
    show_tipps int(1),
    show_long int(1),
    table_head char(7),
    table_lineA char(7),
    table_lineB char(7),
    table_colA char(7),
    table_colB char(7),
    table_max_points char(7),
    logged_in int(1),
    admin int(1),
    phpMySQL int(1)
); 
insert into 4_tbl_user (id,first_name,last_name,nick_name,password,email,registration,last_loggin,show_tipps,show_long,table_head,table_lineA,table_lineB,table_colA,table_colB,table_max_points,logged_in,admin,phpMySQL) VALUES ('2','Michael','Voigt','micha','micha','michael.voigt@web.de','1041968570','1096968042','2','1','#099990','#ccccc0','#ffff22','#aaaa00','#EBEB00','#CC0000','0','1','1');
insert into 4_tbl_user (id,first_name,last_name,nick_name,password,email,registration,last_loggin,show_tipps,show_long,table_head,table_lineA,table_lineB,table_colA,table_colB,table_max_points,logged_in,admin,phpMySQL) VALUES ('5','Markus','Heinicke','markus','sputnik','markus.heinicke@web.de','1041968570','1097229602','3','1','#999999','#cccccc','#ffffff','#aaaaaa','#EBEBEB','#aa1144','0','0','0');
insert into 4_tbl_user (id,first_name,last_name,nick_name,password,email,registration,last_loggin,show_tipps,show_long,table_head,table_lineA,table_lineB,table_colA,table_colB,table_max_points,logged_in,admin,phpMySQL) VALUES ('1','Chris','Hnerfrst','hueni','hwd hn','chris.huenerfuerst@web.de','1041968570','1096952402','1','1','#999999','#cccccc','#ffffff','#aaaaaa','#EBEBEB','#aa1144','0','1','0');
insert into 4_tbl_user (id,first_name,last_name,nick_name,password,email,registration,last_loggin,show_tipps,show_long,table_head,table_lineA,table_lineB,table_colA,table_colB,table_max_points,logged_in,admin,phpMySQL) VALUES ('6','Tobias','Buschmann','tobi','tobi','post@tobias-buschmann.de','1041968570','1097007671','1','0','#999999','#cccccc','#ffffff','#aaaaaa','#EBEBEB','#aa1144','1','1','0');
insert into 4_tbl_user (id,first_name,last_name,nick_name,password,email,registration,last_loggin,show_tipps,show_long,table_head,table_lineA,table_lineB,table_colA,table_colB,table_max_points,logged_in,admin,phpMySQL) VALUES ('4','Nico','Schreier','nico','hwdtips','n.schreier@gmx.de','1041968570','1097043130','1','0','#999999','#cccccc','#ffffff','#aaaaaa','#EBEBEB','#aa1144','0','0','0');
insert into 4_tbl_user (id,first_name,last_name,nick_name,password,email,registration,last_loggin,show_tipps,show_long,table_head,table_lineA,table_lineB,table_colA,table_colB,table_max_points,logged_in,admin,phpMySQL) VALUES ('3','Stev','Thomas','stev','bayern','stevi-wonder@ngi.de','1041968570','1097081229','2','0','#999999','#cccccc','#ffffff','#aaaaaa','#EBEBEB','#aa1144','1','0','0');

# Tabellenname: 4_tbl_wins 
DROP TABLE IF EXISTS 4_tbl_wins; 
CREATE TABLE 4_tbl_wins (
    id int(5) NOT NULL auto_increment,
    play int(5),
    userID int(2) DEFAULT '0' NOT NULL,
    wins int(2),
   PRIMARY KEY (id)
); 
insert into 4_tbl_wins (id,play,userID,wins) VALUES ('1','1','1','0');
insert into 4_tbl_wins (id,play,userID,wins) VALUES ('2','1','2','1');
insert into 4_tbl_wins (id,play,userID,wins) VALUES ('3','1','3','0');
insert into 4_tbl_wins (id,play,userID,wins) VALUES ('4','1','4','0');
insert into 4_tbl_wins (id,play,userID,wins) VALUES ('5','1','5','0');
insert into 4_tbl_wins (id,play,userID,wins) VALUES ('6','1','6','0');
insert into 4_tbl_wins (id,play,userID,wins) VALUES ('7','3','1','0');
insert into 4_tbl_wins (id,play,userID,wins) VALUES ('8','3','2','1');
insert into 4_tbl_wins (id,play,userID,wins) VALUES ('9','3','3','0');
insert into 4_tbl_wins (id,play,userID,wins) VALUES ('10','3','4','0');
insert into 4_tbl_wins (id,play,userID,wins) VALUES ('11','3','5','0');
insert into 4_tbl_wins (id,play,userID,wins) VALUES ('12','3','6','0');
insert into 4_tbl_wins (id,play,userID,wins) VALUES ('13','4','1','0');
insert into 4_tbl_wins (id,play,userID,wins) VALUES ('14','4','2','1');
insert into 4_tbl_wins (id,play,userID,wins) VALUES ('15','4','3','0');
insert into 4_tbl_wins (id,play,userID,wins) VALUES ('16','4','4','0');
insert into 4_tbl_wins (id,play,userID,wins) VALUES ('17','4','5','0');
insert into 4_tbl_wins (id,play,userID,wins) VALUES ('18','4','6','0');
insert into 4_tbl_wins (id,play,userID,wins) VALUES ('19','5','1','0');
insert into 4_tbl_wins (id,play,userID,wins) VALUES ('20','5','2','0');
insert into 4_tbl_wins (id,play,userID,wins) VALUES ('21','5','3','0');
insert into 4_tbl_wins (id,play,userID,wins) VALUES ('22','5','4','1');
insert into 4_tbl_wins (id,play,userID,wins) VALUES ('23','5','5','0');
insert into 4_tbl_wins (id,play,userID,wins) VALUES ('24','5','6','0');
insert into 4_tbl_wins (id,play,userID,wins) VALUES ('25','6','1','0');
insert into 4_tbl_wins (id,play,userID,wins) VALUES ('26','6','2','1');
insert into 4_tbl_wins (id,play,userID,wins) VALUES ('27','6','3','0');
insert into 4_tbl_wins (id,play,userID,wins) VALUES ('28','6','4','0');
insert into 4_tbl_wins (id,play,userID,wins) VALUES ('29','6','5','1');
insert into 4_tbl_wins (id,play,userID,wins) VALUES ('30','6','6','1');
insert into 4_tbl_wins (id,play,userID,wins) VALUES ('31','2','1','0');
insert into 4_tbl_wins (id,play,userID,wins) VALUES ('32','2','2','1');
insert into 4_tbl_wins (id,play,userID,wins) VALUES ('33','2','3','0');
insert into 4_tbl_wins (id,play,userID,wins) VALUES ('34','2','4','0');
insert into 4_tbl_wins (id,play,userID,wins) VALUES ('35','2','5','0');
insert into 4_tbl_wins (id,play,userID,wins) VALUES ('36','2','6','0');
insert into 4_tbl_wins (id,play,userID,wins) VALUES ('37','7','1','1');
insert into 4_tbl_wins (id,play,userID,wins) VALUES ('38','7','2','0');
insert into 4_tbl_wins (id,play,userID,wins) VALUES ('39','7','3','0');
insert into 4_tbl_wins (id,play,userID,wins) VALUES ('40','7','4','0');
insert into 4_tbl_wins (id,play,userID,wins) VALUES ('41','7','5','0');
insert into 4_tbl_wins (id,play,userID,wins) VALUES ('42','7','6','0');

# Tabellenname: guests 
DROP TABLE IF EXISTS guests; 
CREATE TABLE guests (
    guest_id int(4) unsigned zerofill NOT NULL auto_increment,
    guest_name varchar(50),
    guest_email varchar(50),
    guest_time timestamp(14),
    guest_message text,
   PRIMARY KEY (guest_id)
); 
insert into guests (guest_id,guest_name,guest_email,guest_time,guest_message) VALUES ('0014','Marcel \\\"Celly\\\" Liebing','Marcelly@web.de','20021004040653','Hallchen Micha !!');
insert into guests (guest_id,guest_name,guest_email,guest_time,guest_message) VALUES ('0015','Marcel \\\"Celly\\\" Liebing','Marcelly@web.de','20021004041102','Sorry ... meine dicken Finger haben mir wieder einen Streich gespielt, es sollte natrlich schon bisschen mehr Text sein. Also zum Wesentlichen:<br>Ein dickes Lob fr diese Internetprsenz !! Das ist fr solche Single-Haushalte wie meiner einer ist eine Super-Alternative zur Tageszeitung. So bekomm sogar ich brandheiss mit, wie die OSV II abgeschlossen hat !! Weiter so !! (...und ich versuche natrlich wieder ein Tor zu schieen um hier lobend erwhnt zu werden .... :-)) In diesem Sinne bis bald !! Ich ');
insert into guests (guest_id,guest_name,guest_email,guest_time,guest_message) VALUES ('0001','Micha','michael.voigt@web.de','20020809101807','Hiermit ist das Gstebuch feierlich erffnet!
<br>
<br>Schreibt was ihr von der Homepage haltet und was man noch besser machen knnte.
<br>
<br>Michael');
insert into guests (guest_id,guest_name,guest_email,guest_time,guest_message) VALUES ('0016','wittex','sylvio.wittenberg@web.de','20021129215605','HastDu wohl nicht gedacht, aber ich habe diese Seite gefunden. Respekt, ist wirklich eine klasse Homepage. Ist interressant was man hier alles so findet. So bist Du aber wenigstens im Netz aktiv, auf dem Sportplatz trifft das ja nicht so zu. Bei mir ist das brigens nicht viel anders. Gru, bis zum nchsten mal.   ');
insert into guests (guest_id,guest_name,guest_email,guest_time,guest_message) VALUES ('0017','Chris','chris@byhat.de','20030603135455','Moin Digger!<br>Dass ich mal auf Deiner HP landen wrde ... nach so langer Zeit ... Du erinnerst Dich: Bundeswehr, Stube wasweisich, Richtschtze Storbeck :)<br><br>Hoffe, bei Dir lpt alles - schau mal bei mir vorbei:<br><br>http://www.byhat.de   bzw. meine Band: http://www.comadoll.de <br><br>und ansonsten hauense rein!<br><br>Beste Gre,<br><br>Chris<br><br>');
insert into guests (guest_id,guest_name,guest_email,guest_time,guest_message) VALUES ('0018','Cheryl','extremeskigal@yahoo.com','20031120140541','Great website.  Looks like you guys know how to have a great time.<br><br>Viel spass!');
insert into guests (guest_id,guest_name,guest_email,guest_time,guest_message) VALUES ('0019','EnzoGo','Saz84@web.de','20031129173253','Hey Ho Micha,<br><br>nun bin ich auch mal auf deiner Page. Das ist ja mehr Picture-Page als alles andere :D<br><br>Mach weiter so<br><br>mfg Enzo');
insert into guests (guest_id,guest_name,guest_email,guest_time,guest_message) VALUES ('0020','Pinky und The Brain','hab@ich.net','20031210220449','micha du hast den farbfilm vergessen mein michael !!!
<br>los zieh deine *piep*jacke an und *piep* den rmel noch mal vor uns voll !!!!
<br>wo sind eigentlich unsere bilder???
<br>hier ist mal eins : <img src=\"http://www.vegalleries.com/wbopc/pb54152.jpg\">
<br>
<br>
<br>cu Pinky and The Brain');
insert into guests (guest_id,guest_name,guest_email,guest_time,guest_message) VALUES ('0023','Michael Voigt','Rasputin.1@web.de','20040415144855','Hallo Micha,<br><br>bin beim Googeln auf Deine Page gestossen. SUPIGUDDI!!<br><br><br>Gruss vom Namensvetter aussem Landkreis Hannover<br><br>Michael Voigt');
insert into guests (guest_id,guest_name,guest_email,guest_time,guest_message) VALUES ('0024','Claudia','Super_Claudilein@web.de','20040801132235','Hi Micha,<br>deine Page haste fein gemacht! Wie man sieht, gehts euch supergut.<br>Viele Gren auch an Diana und Matthias.<br>Claudia');
insert into guests (guest_id,guest_name,guest_email,guest_time,guest_message) VALUES ('0025','Nicky','nicky.kuehn@web.de','20040914145349','na hello,<br>ich wollt mich auch mal verewigen ;-)<br>und mich ber die bilder beschweren, die du vom olli zu annis fete gemacht hast!!! na gut, lag bestimmt nich an dir, dass der auf jedem bild so scheie aussieht (alkohol-du bser freund).<br>in diesem sinne, mfg nicky<br>p.s. liebe gre an die gute anni');

