# Backup created by Transatlantic-Web am 11-08-2007 10:50
# Datenbank: hwd07_08 
# Tabellenname: 7_tbl_bet 
DROP TABLE IF EXISTS 7_tbl_bet; 
CREATE TABLE 7_tbl_bet (
    id int(6) NOT NULL auto_increment,
    userID int(2),
    game int(10) DEFAULT '0' NOT NULL,
    bet1 int(2) DEFAULT '0' NOT NULL,
    bet2 int(2) DEFAULT '0' NOT NULL,
    joker1 int(1) DEFAULT '0' NOT NULL,
    bet_ts int(10),
   PRIMARY KEY (id)
); 
insert into 7_tbl_bet (id,userID,game,bet1,bet2,joker1,bet_ts) VALUES ('181','2','19','1','1','0','1186728477');
insert into 7_tbl_bet (id,userID,game,bet1,bet2,joker1,bet_ts) VALUES ('182','2','21','3','1','1','1186728477');
insert into 7_tbl_bet (id,userID,game,bet1,bet2,joker1,bet_ts) VALUES ('183','2','23','1','1','0','1186728477');
insert into 7_tbl_bet (id,userID,game,bet1,bet2,joker1,bet_ts) VALUES ('184','2','25','2','2','0','1186728477');
insert into 7_tbl_bet (id,userID,game,bet1,bet2,joker1,bet_ts) VALUES ('185','2','27','2','1','0','1186728477');
insert into 7_tbl_bet (id,userID,game,bet1,bet2,joker1,bet_ts) VALUES ('186','2','29','2','0','0','1186728477');
insert into 7_tbl_bet (id,userID,game,bet1,bet2,joker1,bet_ts) VALUES ('187','2','31','1','0','0','1186728477');
insert into 7_tbl_bet (id,userID,game,bet1,bet2,joker1,bet_ts) VALUES ('188','2','33','3','0','0','1186728477');
insert into 7_tbl_bet (id,userID,game,bet1,bet2,joker1,bet_ts) VALUES ('189','2','35','3','1','0','1186728477');
insert into 7_tbl_bet (id,userID,game,bet1,bet2,joker1,bet_ts) VALUES ('190','2','37','1','1','0','1186728477');
insert into 7_tbl_bet (id,userID,game,bet1,bet2,joker1,bet_ts) VALUES ('191','2','38','2','2','0','1186728477');
insert into 7_tbl_bet (id,userID,game,bet1,bet2,joker1,bet_ts) VALUES ('192','2','39','1','0','0','1186728477');
insert into 7_tbl_bet (id,userID,game,bet1,bet2,joker1,bet_ts) VALUES ('169','11','19','1','2','0','1186686600');
insert into 7_tbl_bet (id,userID,game,bet1,bet2,joker1,bet_ts) VALUES ('170','11','21','3','1','1','1186686600');
insert into 7_tbl_bet (id,userID,game,bet1,bet2,joker1,bet_ts) VALUES ('171','11','23','2','0','0','1186686600');
insert into 7_tbl_bet (id,userID,game,bet1,bet2,joker1,bet_ts) VALUES ('172','11','25','0','3','0','1186686600');
insert into 7_tbl_bet (id,userID,game,bet1,bet2,joker1,bet_ts) VALUES ('173','11','27','0','1','0','1186686600');
insert into 7_tbl_bet (id,userID,game,bet1,bet2,joker1,bet_ts) VALUES ('174','11','29','1','1','0','1186686600');
insert into 7_tbl_bet (id,userID,game,bet1,bet2,joker1,bet_ts) VALUES ('175','11','31','3','2','0','1186686600');
insert into 7_tbl_bet (id,userID,game,bet1,bet2,joker1,bet_ts) VALUES ('176','11','33','4','1','0','1186686600');
insert into 7_tbl_bet (id,userID,game,bet1,bet2,joker1,bet_ts) VALUES ('177','11','35','2','0','0','1186686600');
insert into 7_tbl_bet (id,userID,game,bet1,bet2,joker1,bet_ts) VALUES ('178','11','37','1','2','0','1186686600');
insert into 7_tbl_bet (id,userID,game,bet1,bet2,joker1,bet_ts) VALUES ('179','11','38','0','3','0','1186686600');
insert into 7_tbl_bet (id,userID,game,bet1,bet2,joker1,bet_ts) VALUES ('180','11','39','1','0','0','1186686600');
insert into 7_tbl_bet (id,userID,game,bet1,bet2,joker1,bet_ts) VALUES ('73','8','19','1','1','0','1185971222');
insert into 7_tbl_bet (id,userID,game,bet1,bet2,joker1,bet_ts) VALUES ('74','8','21','2','0','1','1185971222');
insert into 7_tbl_bet (id,userID,game,bet1,bet2,joker1,bet_ts) VALUES ('75','8','23','3','1','0','1185971222');
insert into 7_tbl_bet (id,userID,game,bet1,bet2,joker1,bet_ts) VALUES ('76','8','25','0','2','0','1185971222');
insert into 7_tbl_bet (id,userID,game,bet1,bet2,joker1,bet_ts) VALUES ('77','8','27','0','0','0','1185971222');
insert into 7_tbl_bet (id,userID,game,bet1,bet2,joker1,bet_ts) VALUES ('78','8','29','2','0','0','1185971222');
insert into 7_tbl_bet (id,userID,game,bet1,bet2,joker1,bet_ts) VALUES ('79','8','31','2','0','0','1185971222');
insert into 7_tbl_bet (id,userID,game,bet1,bet2,joker1,bet_ts) VALUES ('80','8','33','1','0','0','1185971222');
insert into 7_tbl_bet (id,userID,game,bet1,bet2,joker1,bet_ts) VALUES ('81','8','35','3','1','0','1185971222');
insert into 7_tbl_bet (id,userID,game,bet1,bet2,joker1,bet_ts) VALUES ('82','8','37','1','2','0','1185971222');
insert into 7_tbl_bet (id,userID,game,bet1,bet2,joker1,bet_ts) VALUES ('83','8','38','1','3','0','1185971222');
insert into 7_tbl_bet (id,userID,game,bet1,bet2,joker1,bet_ts) VALUES ('84','8','39','2','0','0','1185971222');
insert into 7_tbl_bet (id,userID,game,bet1,bet2,joker1,bet_ts) VALUES ('85','5','19','2','1','0','1186086470');
insert into 7_tbl_bet (id,userID,game,bet1,bet2,joker1,bet_ts) VALUES ('86','5','21','1','0','1','1186086470');
insert into 7_tbl_bet (id,userID,game,bet1,bet2,joker1,bet_ts) VALUES ('87','5','23','0','1','0','1186086470');
insert into 7_tbl_bet (id,userID,game,bet1,bet2,joker1,bet_ts) VALUES ('88','5','25','1','3','0','1186086470');
insert into 7_tbl_bet (id,userID,game,bet1,bet2,joker1,bet_ts) VALUES ('89','5','27','1','0','0','1186086470');
insert into 7_tbl_bet (id,userID,game,bet1,bet2,joker1,bet_ts) VALUES ('90','5','29','0','0','0','1186086470');
insert into 7_tbl_bet (id,userID,game,bet1,bet2,joker1,bet_ts) VALUES ('91','5','31','0','1','0','1186086470');
insert into 7_tbl_bet (id,userID,game,bet1,bet2,joker1,bet_ts) VALUES ('92','5','33','1','1','0','1186086470');
insert into 7_tbl_bet (id,userID,game,bet1,bet2,joker1,bet_ts) VALUES ('93','5','35','2','0','0','1186086470');
insert into 7_tbl_bet (id,userID,game,bet1,bet2,joker1,bet_ts) VALUES ('94','5','37','0','2','0','1186086470');
insert into 7_tbl_bet (id,userID,game,bet1,bet2,joker1,bet_ts) VALUES ('95','5','38','2','0','0','1186086470');
insert into 7_tbl_bet (id,userID,game,bet1,bet2,joker1,bet_ts) VALUES ('96','5','39','1','0','0','1186086470');
insert into 7_tbl_bet (id,userID,game,bet1,bet2,joker1,bet_ts) VALUES ('109','10','19','2','0','0','1186331268');
insert into 7_tbl_bet (id,userID,game,bet1,bet2,joker1,bet_ts) VALUES ('110','10','21','2','0','0','1186331268');
insert into 7_tbl_bet (id,userID,game,bet1,bet2,joker1,bet_ts) VALUES ('111','10','23','1','1','0','1186331268');
insert into 7_tbl_bet (id,userID,game,bet1,bet2,joker1,bet_ts) VALUES ('112','10','25','1','2','0','1186331268');
insert into 7_tbl_bet (id,userID,game,bet1,bet2,joker1,bet_ts) VALUES ('113','10','27','3','1','0','1186331268');
insert into 7_tbl_bet (id,userID,game,bet1,bet2,joker1,bet_ts) VALUES ('114','10','29','1','2','0','1186331268');
insert into 7_tbl_bet (id,userID,game,bet1,bet2,joker1,bet_ts) VALUES ('115','10','31','2','0','0','1186331268');
insert into 7_tbl_bet (id,userID,game,bet1,bet2,joker1,bet_ts) VALUES ('116','10','33','3','0','0','1186331268');
insert into 7_tbl_bet (id,userID,game,bet1,bet2,joker1,bet_ts) VALUES ('117','10','35','3','1','0','1186331268');
insert into 7_tbl_bet (id,userID,game,bet1,bet2,joker1,bet_ts) VALUES ('118','10','37','2','2','0','1186331268');
insert into 7_tbl_bet (id,userID,game,bet1,bet2,joker1,bet_ts) VALUES ('119','10','38','0','2','0','1186331268');
insert into 7_tbl_bet (id,userID,game,bet1,bet2,joker1,bet_ts) VALUES ('120','10','39','2','1','0','1186331268');
insert into 7_tbl_bet (id,userID,game,bet1,bet2,joker1,bet_ts) VALUES ('253','4','19','1','1','0','1186755293');
insert into 7_tbl_bet (id,userID,game,bet1,bet2,joker1,bet_ts) VALUES ('254','4','21','3','1','0','1186755293');
insert into 7_tbl_bet (id,userID,game,bet1,bet2,joker1,bet_ts) VALUES ('255','4','23','2','0','0','1186755293');
insert into 7_tbl_bet (id,userID,game,bet1,bet2,joker1,bet_ts) VALUES ('256','4','25','1','2','0','1186755293');
insert into 7_tbl_bet (id,userID,game,bet1,bet2,joker1,bet_ts) VALUES ('257','4','27','1','0','0','1186755293');
insert into 7_tbl_bet (id,userID,game,bet1,bet2,joker1,bet_ts) VALUES ('258','4','29','0','0','0','1186755293');
insert into 7_tbl_bet (id,userID,game,bet1,bet2,joker1,bet_ts) VALUES ('259','4','31','1','0','0','1186755293');
insert into 7_tbl_bet (id,userID,game,bet1,bet2,joker1,bet_ts) VALUES ('260','4','33','1','0','0','1186755293');
insert into 7_tbl_bet (id,userID,game,bet1,bet2,joker1,bet_ts) VALUES ('261','4','35','2','1','0','1186755293');
insert into 7_tbl_bet (id,userID,game,bet1,bet2,joker1,bet_ts) VALUES ('262','4','37','1','1','0','1186755293');
insert into 7_tbl_bet (id,userID,game,bet1,bet2,joker1,bet_ts) VALUES ('263','4','38','1','0','0','1186755293');
insert into 7_tbl_bet (id,userID,game,bet1,bet2,joker1,bet_ts) VALUES ('264','4','39','0','0','0','1186755293');
insert into 7_tbl_bet (id,userID,game,bet1,bet2,joker1,bet_ts) VALUES ('157','6','19','2','0','0','1186595136');
insert into 7_tbl_bet (id,userID,game,bet1,bet2,joker1,bet_ts) VALUES ('158','6','21','3','0','0','1186595136');
insert into 7_tbl_bet (id,userID,game,bet1,bet2,joker1,bet_ts) VALUES ('159','6','23','2','1','0','1186595136');
insert into 7_tbl_bet (id,userID,game,bet1,bet2,joker1,bet_ts) VALUES ('160','6','25','0','2','0','1186595136');
insert into 7_tbl_bet (id,userID,game,bet1,bet2,joker1,bet_ts) VALUES ('161','6','27','1','1','0','1186595136');
insert into 7_tbl_bet (id,userID,game,bet1,bet2,joker1,bet_ts) VALUES ('162','6','29','0','2','0','1186595136');
insert into 7_tbl_bet (id,userID,game,bet1,bet2,joker1,bet_ts) VALUES ('163','6','31','2','1','0','1186595136');
insert into 7_tbl_bet (id,userID,game,bet1,bet2,joker1,bet_ts) VALUES ('164','6','33','2','0','0','1186595136');
insert into 7_tbl_bet (id,userID,game,bet1,bet2,joker1,bet_ts) VALUES ('165','6','35','2','0','0','1186595136');
insert into 7_tbl_bet (id,userID,game,bet1,bet2,joker1,bet_ts) VALUES ('166','6','37','2','1','0','1186595136');
insert into 7_tbl_bet (id,userID,game,bet1,bet2,joker1,bet_ts) VALUES ('167','6','38','0','2','1','1186595136');
insert into 7_tbl_bet (id,userID,game,bet1,bet2,joker1,bet_ts) VALUES ('168','6','39','1','1','0','1186595136');
insert into 7_tbl_bet (id,userID,game,bet1,bet2,joker1,bet_ts) VALUES ('193','1','19','0','0','0','1186734894');
insert into 7_tbl_bet (id,userID,game,bet1,bet2,joker1,bet_ts) VALUES ('194','1','21','1','2','0','1186734894');
insert into 7_tbl_bet (id,userID,game,bet1,bet2,joker1,bet_ts) VALUES ('195','1','23','3','1','0','1186734894');
insert into 7_tbl_bet (id,userID,game,bet1,bet2,joker1,bet_ts) VALUES ('196','1','25','1','1','0','1186734894');
insert into 7_tbl_bet (id,userID,game,bet1,bet2,joker1,bet_ts) VALUES ('197','1','27','1','2','0','1186734894');
insert into 7_tbl_bet (id,userID,game,bet1,bet2,joker1,bet_ts) VALUES ('198','1','29','1','1','0','1186734894');
insert into 7_tbl_bet (id,userID,game,bet1,bet2,joker1,bet_ts) VALUES ('199','1','31','1','0','0','1186734894');
insert into 7_tbl_bet (id,userID,game,bet1,bet2,joker1,bet_ts) VALUES ('200','1','33','4','0','0','1186734894');
insert into 7_tbl_bet (id,userID,game,bet1,bet2,joker1,bet_ts) VALUES ('201','1','35','1','0','0','1186734894');
insert into 7_tbl_bet (id,userID,game,bet1,bet2,joker1,bet_ts) VALUES ('202','1','37','1','1','0','1186734894');
insert into 7_tbl_bet (id,userID,game,bet1,bet2,joker1,bet_ts) VALUES ('203','1','38','2','0','1','1186734894');
insert into 7_tbl_bet (id,userID,game,bet1,bet2,joker1,bet_ts) VALUES ('204','1','39','0','1','0','1186734894');
insert into 7_tbl_bet (id,userID,game,bet1,bet2,joker1,bet_ts) VALUES ('205','7','19','1','2','0','1186735714');
insert into 7_tbl_bet (id,userID,game,bet1,bet2,joker1,bet_ts) VALUES ('206','7','21','3','1','1','1186735714');
insert into 7_tbl_bet (id,userID,game,bet1,bet2,joker1,bet_ts) VALUES ('207','7','23','0','0','0','1186735714');
insert into 7_tbl_bet (id,userID,game,bet1,bet2,joker1,bet_ts) VALUES ('208','7','25','1','1','0','1186735714');
insert into 7_tbl_bet (id,userID,game,bet1,bet2,joker1,bet_ts) VALUES ('209','7','27','0','2','0','1186735714');
insert into 7_tbl_bet (id,userID,game,bet1,bet2,joker1,bet_ts) VALUES ('210','7','29','2','1','0','1186735714');
insert into 7_tbl_bet (id,userID,game,bet1,bet2,joker1,bet_ts) VALUES ('211','7','31','2','0','0','1186735714');
insert into 7_tbl_bet (id,userID,game,bet1,bet2,joker1,bet_ts) VALUES ('212','7','33','3','1','0','1186735714');
insert into 7_tbl_bet (id,userID,game,bet1,bet2,joker1,bet_ts) VALUES ('213','7','35','1','2','0','1186735714');
insert into 7_tbl_bet (id,userID,game,bet1,bet2,joker1,bet_ts) VALUES ('214','7','37','0','1','0','1186735714');
insert into 7_tbl_bet (id,userID,game,bet1,bet2,joker1,bet_ts) VALUES ('215','7','38','1','2','0','1186735714');
insert into 7_tbl_bet (id,userID,game,bet1,bet2,joker1,bet_ts) VALUES ('216','7','39','3','0','0','1186735714');
insert into 7_tbl_bet (id,userID,game,bet1,bet2,joker1,bet_ts) VALUES ('241','3','19','2','1','0','1186754431');
insert into 7_tbl_bet (id,userID,game,bet1,bet2,joker1,bet_ts) VALUES ('242','3','21','4','1','1','1186754431');
insert into 7_tbl_bet (id,userID,game,bet1,bet2,joker1,bet_ts) VALUES ('243','3','23','2','0','0','1186754431');
insert into 7_tbl_bet (id,userID,game,bet1,bet2,joker1,bet_ts) VALUES ('244','3','25','2','2','0','1186754431');
insert into 7_tbl_bet (id,userID,game,bet1,bet2,joker1,bet_ts) VALUES ('245','3','27','2','1','0','1186754431');
insert into 7_tbl_bet (id,userID,game,bet1,bet2,joker1,bet_ts) VALUES ('246','3','29','1','2','0','1186754431');
insert into 7_tbl_bet (id,userID,game,bet1,bet2,joker1,bet_ts) VALUES ('247','3','31','1','1','0','1186754431');
insert into 7_tbl_bet (id,userID,game,bet1,bet2,joker1,bet_ts) VALUES ('248','3','33','3','1','0','1186754431');
insert into 7_tbl_bet (id,userID,game,bet1,bet2,joker1,bet_ts) VALUES ('249','3','35','0','0','0','1186754431');
insert into 7_tbl_bet (id,userID,game,bet1,bet2,joker1,bet_ts) VALUES ('250','3','37','2','0','0','1186754431');
insert into 7_tbl_bet (id,userID,game,bet1,bet2,joker1,bet_ts) VALUES ('251','3','38','1','2','0','1186754431');
insert into 7_tbl_bet (id,userID,game,bet1,bet2,joker1,bet_ts) VALUES ('252','3','39','1','1','0','1186754431');
insert into 7_tbl_bet (id,userID,game,bet1,bet2,joker1,bet_ts) VALUES ('229','9','19','1','1','0','1186754336');
insert into 7_tbl_bet (id,userID,game,bet1,bet2,joker1,bet_ts) VALUES ('230','9','21','3','0','1','1186754336');
insert into 7_tbl_bet (id,userID,game,bet1,bet2,joker1,bet_ts) VALUES ('231','9','23','3','1','0','1186754336');
insert into 7_tbl_bet (id,userID,game,bet1,bet2,joker1,bet_ts) VALUES ('232','9','25','2','1','0','1186754336');
insert into 7_tbl_bet (id,userID,game,bet1,bet2,joker1,bet_ts) VALUES ('233','9','27','2','2','0','1186754336');
insert into 7_tbl_bet (id,userID,game,bet1,bet2,joker1,bet_ts) VALUES ('234','9','29','2','0','0','1186754336');
insert into 7_tbl_bet (id,userID,game,bet1,bet2,joker1,bet_ts) VALUES ('235','9','31','1','0','0','1186754336');
insert into 7_tbl_bet (id,userID,game,bet1,bet2,joker1,bet_ts) VALUES ('236','9','33','2','1','0','1186754336');
insert into 7_tbl_bet (id,userID,game,bet1,bet2,joker1,bet_ts) VALUES ('237','9','35','2','1','0','1186754336');
insert into 7_tbl_bet (id,userID,game,bet1,bet2,joker1,bet_ts) VALUES ('238','9','37','2','0','0','1186754336');
insert into 7_tbl_bet (id,userID,game,bet1,bet2,joker1,bet_ts) VALUES ('239','9','38','2','2','0','1186754336');
insert into 7_tbl_bet (id,userID,game,bet1,bet2,joker1,bet_ts) VALUES ('240','9','39','1','2','0','1186754336');

# Tabellenname: 7_tbl_extra_wins 
DROP TABLE IF EXISTS 7_tbl_extra_wins; 
CREATE TABLE 7_tbl_extra_wins (
    userID int(2) DEFAULT '0' NOT NULL,
    season int(2) DEFAULT '0' NOT NULL,
    champ int(1),
    second int(2),
    third int(2),
    forth int(2),
    fifth int(2),
    down1 int(2),
    down2 int(2),
    down3 int(2),
    up1 int(2),
    up2 int(2),
    up3 int(2),
    fired int(2),
    fired2 int(2),
    wins int(2),
   PRIMARY KEY (userID, season)
); 
insert into 7_tbl_extra_wins (userID,season,champ,second,third,forth,fifth,down1,down2,down3,up1,up2,up3,fired,fired2,wins) VALUES ('0','7','0','0','0','0','0','0','0','0','0','0','0','0','0','0');
insert into 7_tbl_extra_wins (userID,season,champ,second,third,forth,fifth,down1,down2,down3,up1,up2,up3,fired,fired2,wins) VALUES ('1','7','10','13','7','16','18','14','27','29','2','6','32','11','2','0');
insert into 7_tbl_extra_wins (userID,season,champ,second,third,forth,fifth,down1,down2,down3,up1,up2,up3,fired,fired2,wins) VALUES ('2','7','10','13','18','7','16','20','28','27','1','2','6','27','15','0');
insert into 7_tbl_extra_wins (userID,season,champ,second,third,forth,fifth,down1,down2,down3,up1,up2,up3,fired,fired2,wins) VALUES ('3','7','10','18','13','16','9','27','29','8','22','1','32','27','15','0');
insert into 7_tbl_extra_wins (userID,season,champ,second,third,forth,fifth,down1,down2,down3,up1,up2,up3,fired,fired2,wins) VALUES ('4','7','10','18','13','16','5','29','8','28','2','6','1','11','15','0');
insert into 7_tbl_extra_wins (userID,season,champ,second,third,forth,fifth,down1,down2,down3,up1,up2,up3,fired,fired2,wins) VALUES ('5','7','10','5','13','18','16','20','31','14','6','15','22','9','23','0');
insert into 7_tbl_extra_wins (userID,season,champ,second,third,forth,fifth,down1,down2,down3,up1,up2,up3,fired,fired2,wins) VALUES ('6','7','18','10','5','13','16','29','8','14','15','3','2','20','6','0');
insert into 7_tbl_extra_wins (userID,season,champ,second,third,forth,fifth,down1,down2,down3,up1,up2,up3,fired,fired2,wins) VALUES ('7','7','10','18','7','13','17','28','11','20','2','6','19','9','36','0');
insert into 7_tbl_extra_wins (userID,season,champ,second,third,forth,fifth,down1,down2,down3,up1,up2,up3,fired,fired2,wins) VALUES ('8','7','10','13','13','18','16','27','29','12','2','1','32','14','19','0');
insert into 7_tbl_extra_wins (userID,season,champ,second,third,forth,fifth,down1,down2,down3,up1,up2,up3,fired,fired2,wins) VALUES ('9','7','10','5','7','16','13','28','8','29','2','6','1','28','33','0');
insert into 7_tbl_extra_wins (userID,season,champ,second,third,forth,fifth,down1,down2,down3,up1,up2,up3,fired,fired2,wins) VALUES ('10','0','10','18','13','16','5','14','28','27','2','3','32','27','6','0');
insert into 7_tbl_extra_wins (userID,season,champ,second,third,forth,fifth,down1,down2,down3,up1,up2,up3,fired,fired2,wins) VALUES ('11','7','10','13','18','7','5','14','27','28','6','2','19','11','15','0');

# Tabellenname: 7_tbl_game 
DROP TABLE IF EXISTS 7_tbl_game; 
CREATE TABLE 7_tbl_game (
    id int(10) NOT NULL auto_increment,
    play int(5) DEFAULT '0' NOT NULL,
    team1 int(2) DEFAULT '0' NOT NULL,
    team2 int(2) DEFAULT '0' NOT NULL,
    p_ts int(10),
    result1 int(2),
    result2 int(2),
   PRIMARY KEY (id)
); 
insert into 7_tbl_game (id,play,team1,team2,p_ts,result1,result2) VALUES ('36','18','27','5','','','');
insert into 7_tbl_game (id,play,team1,team2,p_ts,result1,result2) VALUES ('27','1','12','7','1186839000','-1','-1');
insert into 7_tbl_game (id,play,team1,team2,p_ts,result1,result2) VALUES ('35','1','5','27','1186930800','-1','-1');
insert into 7_tbl_game (id,play,team1,team2,p_ts,result1,result2) VALUES ('26','18','18','14','','','');
insert into 7_tbl_game (id,play,team1,team2,p_ts,result1,result2) VALUES ('34','18','20','31','','','');
insert into 7_tbl_game (id,play,team1,team2,p_ts,result1,result2) VALUES ('25','1','14','18','1186839000','-1','-1');
insert into 7_tbl_game (id,play,team1,team2,p_ts,result1,result2) VALUES ('33','1','31','20','1186930800','-1','-1');
insert into 7_tbl_game (id,play,team1,team2,p_ts,result1,result2) VALUES ('24','18','29','4','','','');
insert into 7_tbl_game (id,play,team1,team2,p_ts,result1,result2) VALUES ('32','18','28','17','','','');
insert into 7_tbl_game (id,play,team1,team2,p_ts,result1,result2) VALUES ('23','1','4','29','1186839000','-1','-1');
insert into 7_tbl_game (id,play,team1,team2,p_ts,result1,result2) VALUES ('31','1','17','28','1186839000','-1','-1');
insert into 7_tbl_game (id,play,team1,team2,p_ts,result1,result2) VALUES ('22','18','8','10','','','');
insert into 7_tbl_game (id,play,team1,team2,p_ts,result1,result2) VALUES ('30','18','9','11','','','');
insert into 7_tbl_game (id,play,team1,team2,p_ts,result1,result2) VALUES ('21','1','10','8','1186839000','-1','-1');
insert into 7_tbl_game (id,play,team1,team2,p_ts,result1,result2) VALUES ('29','1','11','9','1186839000','-1','-1');
insert into 7_tbl_game (id,play,team1,team2,p_ts,result1,result2) VALUES ('20','18','13','16','','','');
insert into 7_tbl_game (id,play,team1,team2,p_ts,result1,result2) VALUES ('28','18','7','12','','','');
insert into 7_tbl_game (id,play,team1,team2,p_ts,result1,result2) VALUES ('19','1','16','13','1186770600','2','2');
insert into 7_tbl_game (id,play,team1,team2,p_ts,result1,result2) VALUES ('37','1','22','33','1186761600','2','2');
insert into 7_tbl_game (id,play,team1,team2,p_ts,result1,result2) VALUES ('38','1','25','2','1186761600','0','2');
insert into 7_tbl_game (id,play,team1,team2,p_ts,result1,result2) VALUES ('39','1','19','23','1186920000','-1','-1');

# Tabellenname: 7_tbl_play 
DROP TABLE IF EXISTS 7_tbl_play; 
CREATE TABLE 7_tbl_play (
    id int(5) NOT NULL auto_increment,
    season int(2) DEFAULT '0' NOT NULL,
    recorded int(1) DEFAULT '0' NOT NULL,
    completed int(1) DEFAULT '0' NOT NULL,
   PRIMARY KEY (id)
); 
insert into 7_tbl_play (id,season,recorded,completed) VALUES ('1','7','2','0');
insert into 7_tbl_play (id,season,recorded,completed) VALUES ('2','7','0','0');
insert into 7_tbl_play (id,season,recorded,completed) VALUES ('3','7','0','0');
insert into 7_tbl_play (id,season,recorded,completed) VALUES ('4','7','0','0');
insert into 7_tbl_play (id,season,recorded,completed) VALUES ('5','7','0','0');
insert into 7_tbl_play (id,season,recorded,completed) VALUES ('6','7','0','0');
insert into 7_tbl_play (id,season,recorded,completed) VALUES ('7','7','0','0');
insert into 7_tbl_play (id,season,recorded,completed) VALUES ('8','7','0','0');
insert into 7_tbl_play (id,season,recorded,completed) VALUES ('9','7','0','0');
insert into 7_tbl_play (id,season,recorded,completed) VALUES ('10','7','0','0');
insert into 7_tbl_play (id,season,recorded,completed) VALUES ('11','7','0','0');
insert into 7_tbl_play (id,season,recorded,completed) VALUES ('12','7','0','0');
insert into 7_tbl_play (id,season,recorded,completed) VALUES ('13','7','0','0');
insert into 7_tbl_play (id,season,recorded,completed) VALUES ('14','7','0','0');
insert into 7_tbl_play (id,season,recorded,completed) VALUES ('15','7','0','0');
insert into 7_tbl_play (id,season,recorded,completed) VALUES ('16','7','0','0');
insert into 7_tbl_play (id,season,recorded,completed) VALUES ('17','7','0','0');
insert into 7_tbl_play (id,season,recorded,completed) VALUES ('18','7','0','0');
insert into 7_tbl_play (id,season,recorded,completed) VALUES ('19','7','0','0');
insert into 7_tbl_play (id,season,recorded,completed) VALUES ('20','7','0','0');
insert into 7_tbl_play (id,season,recorded,completed) VALUES ('21','7','0','0');
insert into 7_tbl_play (id,season,recorded,completed) VALUES ('22','7','0','0');
insert into 7_tbl_play (id,season,recorded,completed) VALUES ('23','7','0','0');
insert into 7_tbl_play (id,season,recorded,completed) VALUES ('24','7','0','0');
insert into 7_tbl_play (id,season,recorded,completed) VALUES ('25','7','0','0');
insert into 7_tbl_play (id,season,recorded,completed) VALUES ('26','7','0','0');
insert into 7_tbl_play (id,season,recorded,completed) VALUES ('27','7','0','0');
insert into 7_tbl_play (id,season,recorded,completed) VALUES ('28','7','0','0');
insert into 7_tbl_play (id,season,recorded,completed) VALUES ('29','7','0','0');
insert into 7_tbl_play (id,season,recorded,completed) VALUES ('30','7','0','0');
insert into 7_tbl_play (id,season,recorded,completed) VALUES ('31','7','0','0');
insert into 7_tbl_play (id,season,recorded,completed) VALUES ('32','7','0','0');
insert into 7_tbl_play (id,season,recorded,completed) VALUES ('33','7','0','0');
insert into 7_tbl_play (id,season,recorded,completed) VALUES ('34','7','0','0');

# Tabellenname: 7_tbl_points 
DROP TABLE IF EXISTS 7_tbl_points; 
CREATE TABLE 7_tbl_points (
    id int(5) NOT NULL auto_increment,
    play int(5) DEFAULT '0' NOT NULL,
    userID int(2) DEFAULT '0' NOT NULL,
    points int(2),
   PRIMARY KEY (id)
); 

# Tabellenname: 7_tbl_team1 
DROP TABLE IF EXISTS 7_tbl_team1; 
CREATE TABLE 7_tbl_team1 (
    id int(2) DEFAULT '0' NOT NULL,
    name char(50) NOT NULL,
    short char(6),
    league int(1)
); 
insert into 7_tbl_team1 (id,name,short,league) VALUES ('6','Borussia MönchenGladbach','MGladb','2');
insert into 7_tbl_team1 (id,name,short,league) VALUES ('22','TSV Alemannia Aachen','Aachen','2');
insert into 7_tbl_team1 (id,name,short,league) VALUES ('32','FSV Mainz 05','Mainz','2');
insert into 7_tbl_team1 (id,name,short,league) VALUES ('1','1.FC Kaiserslautern','1.FCK','2');
insert into 7_tbl_team1 (id,name,short,league) VALUES ('2','1.FC Köln','Köln','2');
insert into 7_tbl_team1 (id,name,short,league) VALUES ('3','SC Freiburg','Freib','2');
insert into 7_tbl_team1 (id,name,short,league) VALUES ('4','Bayer 04 Leverkusen','Bayer','1');
insert into 7_tbl_team1 (id,name,short,league) VALUES ('5','Borussia Dortmund','BVB','1');
insert into 7_tbl_team1 (id,name,short,league) VALUES ('7','Hamburger SV','HSV','1');
insert into 7_tbl_team1 (id,name,short,league) VALUES ('8','Hansa Rostock','Hansa','1');
insert into 7_tbl_team1 (id,name,short,league) VALUES ('9','Hertha BSC Berlin','Hertha','1');
insert into 7_tbl_team1 (id,name,short,league) VALUES ('10','FC Bayern München','FCB','1');
insert into 7_tbl_team1 (id,name,short,league) VALUES ('11','Eintracht Frankfurt','Frank','1');
insert into 7_tbl_team1 (id,name,short,league) VALUES ('12','Hannover 96','Hann96','1');
insert into 7_tbl_team1 (id,name,short,league) VALUES ('13','FC Schalke 04','S04','1');
insert into 7_tbl_team1 (id,name,short,league) VALUES ('14','VfL Bochum','Bochum','1');
insert into 7_tbl_team1 (id,name,short,league) VALUES ('15','TSV 1860 München','1860','2');
insert into 7_tbl_team1 (id,name,short,league) VALUES ('16','VfB Stuttgart','VfB','1');
insert into 7_tbl_team1 (id,name,short,league) VALUES ('17','VfL Wolfsburg','Wolfsb','1');
insert into 7_tbl_team1 (id,name,short,league) VALUES ('18','Werder Bremen','Werder','1');
insert into 7_tbl_team1 (id,name,short,league) VALUES ('19','Erzgebirge Aue','Aue','2');
insert into 7_tbl_team1 (id,name,short,league) VALUES ('20','Karlsruher SC','KSC','1');
insert into 7_tbl_team1 (id,name,short,league) VALUES ('21','Osnabrück','Osna','2');
insert into 7_tbl_team1 (id,name,short,league) VALUES ('23','SpVgg Greuther Fürth','Fürth','2');
insert into 7_tbl_team1 (id,name,short,league) VALUES ('24','SC Paderborn 07','SCPad','2');
insert into 7_tbl_team1 (id,name,short,league) VALUES ('25','St. Pauli','Pauli','2');
insert into 7_tbl_team1 (id,name,short,league) VALUES ('26','TuS Koblenz','Kobl','2');
insert into 7_tbl_team1 (id,name,short,league) VALUES ('27','MSV Duisburg','Duisb','1');
insert into 7_tbl_team1 (id,name,short,league) VALUES ('28','DSC Arminia Bielefeld','Biele','1');
insert into 7_tbl_team1 (id,name,short,league) VALUES ('29','Energie Cottbus','Cottb','1');
insert into 7_tbl_team1 (id,name,short,league) VALUES ('30','Hoffenheim','Hoff','2');
insert into 7_tbl_team1 (id,name,short,league) VALUES ('31','1.FC Nürnberg','1.FCN','1');
insert into 7_tbl_team1 (id,name,short,league) VALUES ('33','Carl Zeiss Jena','Jena','2');
insert into 7_tbl_team1 (id,name,short,league) VALUES ('34','Wehen','Wehen','2');
insert into 7_tbl_team1 (id,name,short,league) VALUES ('35','Kickers Offenbach','Kicker','2');
insert into 7_tbl_team1 (id,name,short,league) VALUES ('36','FC Augsburg','Augsb','2');
insert into 7_tbl_team1 (id,name,short,league) VALUES ('-1','NULL','NULL','2');

# Tabellenname: 7_tbl_team2 
DROP TABLE IF EXISTS 7_tbl_team2; 
CREATE TABLE 7_tbl_team2 (
    id2 int(2) DEFAULT '0' NOT NULL,
    name2 char(50) NOT NULL,
    short2 char(6),
    league2 int(1)
); 
insert into 7_tbl_team2 (id2,name2,short2,league2) VALUES ('6','Borussia MönchenGladbach','MGladb','2');
insert into 7_tbl_team2 (id2,name2,short2,league2) VALUES ('22','TSV Alemannia Aachen','Aachen','2');
insert into 7_tbl_team2 (id2,name2,short2,league2) VALUES ('32','FSV Mainz 05','Mainz','2');
insert into 7_tbl_team2 (id2,name2,short2,league2) VALUES ('1','1.FC Kaiserslautern','1.FCK','2');
insert into 7_tbl_team2 (id2,name2,short2,league2) VALUES ('2','1.FC Köln','Köln','2');
insert into 7_tbl_team2 (id2,name2,short2,league2) VALUES ('3','SC Freiburg','Freib','2');
insert into 7_tbl_team2 (id2,name2,short2,league2) VALUES ('4','Bayer 04 Leverkusen','Bayer','1');
insert into 7_tbl_team2 (id2,name2,short2,league2) VALUES ('5','Borussia Dortmund','BVB','1');
insert into 7_tbl_team2 (id2,name2,short2,league2) VALUES ('7','Hamburger SV','HSV','1');
insert into 7_tbl_team2 (id2,name2,short2,league2) VALUES ('8','Hansa Rostock','Hansa','1');
insert into 7_tbl_team2 (id2,name2,short2,league2) VALUES ('9','Hertha BSC Berlin','Hertha','1');
insert into 7_tbl_team2 (id2,name2,short2,league2) VALUES ('10','FC Bayern München','FCB','1');
insert into 7_tbl_team2 (id2,name2,short2,league2) VALUES ('11','Eintracht Frankfurt','Frank','1');
insert into 7_tbl_team2 (id2,name2,short2,league2) VALUES ('12','Hannover 96','Hann96','1');
insert into 7_tbl_team2 (id2,name2,short2,league2) VALUES ('13','FC Schalke 04','S04','1');
insert into 7_tbl_team2 (id2,name2,short2,league2) VALUES ('14','VfL Bochum','Bochum','1');
insert into 7_tbl_team2 (id2,name2,short2,league2) VALUES ('15','TSV 1860 München','1860','2');
insert into 7_tbl_team2 (id2,name2,short2,league2) VALUES ('16','VfB Stuttgart','VfB','1');
insert into 7_tbl_team2 (id2,name2,short2,league2) VALUES ('17','VfL Wolfsburg','Wolfsb','1');
insert into 7_tbl_team2 (id2,name2,short2,league2) VALUES ('18','Werder Bremen','Werder','1');
insert into 7_tbl_team2 (id2,name2,short2,league2) VALUES ('19','Erzgebirge Aue','Aue','2');
insert into 7_tbl_team2 (id2,name2,short2,league2) VALUES ('20','Karlsruher SC','KSC','1');
insert into 7_tbl_team2 (id2,name2,short2,league2) VALUES ('21','Osnabrück','Osna','2');
insert into 7_tbl_team2 (id2,name2,short2,league2) VALUES ('23','SpVgg Greuther Fürth','Fürth','2');
insert into 7_tbl_team2 (id2,name2,short2,league2) VALUES ('24','SC Paderborn 07','SCPad','2');
insert into 7_tbl_team2 (id2,name2,short2,league2) VALUES ('25','St. Pauli','Pauli','2');
insert into 7_tbl_team2 (id2,name2,short2,league2) VALUES ('26','TuS Koblenz','Kobl','2');
insert into 7_tbl_team2 (id2,name2,short2,league2) VALUES ('27','MSV Duisburg','Duisb','1');
insert into 7_tbl_team2 (id2,name2,short2,league2) VALUES ('28','DSC Arminia Bielefeld','Biele','1');
insert into 7_tbl_team2 (id2,name2,short2,league2) VALUES ('29','Energie Cottbus','Cottb','1');
insert into 7_tbl_team2 (id2,name2,short2,league2) VALUES ('30','Hoffenheim','Hoff','2');
insert into 7_tbl_team2 (id2,name2,short2,league2) VALUES ('31','1.FC Nürnberg','1.FCN','1');
insert into 7_tbl_team2 (id2,name2,short2,league2) VALUES ('33','Carl Zeiss Jena','Jena','2');
insert into 7_tbl_team2 (id2,name2,short2,league2) VALUES ('34','Wehen','Wehen','2');
insert into 7_tbl_team2 (id2,name2,short2,league2) VALUES ('35','Kickers Offenbach','Kicker','2');
insert into 7_tbl_team2 (id2,name2,short2,league2) VALUES ('36','FC Augsburg','Augsb','2');
insert into 7_tbl_team2 (id2,name2,short2,league2) VALUES ('-1','NULL','NULL','2');

# Tabellenname: 7_tbl_user 
DROP TABLE IF EXISTS 7_tbl_user; 
CREATE TABLE 7_tbl_user (
    id int(2) NOT NULL auto_increment,
    first_name char(50) NOT NULL,
    last_name char(50) NOT NULL,
    nick_name char(50) NOT NULL,
    password char(10) NOT NULL,
    email char(50),
    registration int(10),
    last_loggin int(10),
    show_tipps int(1),
    show_long int(1),
    table_head char(7),
    table_lineA char(7),
    table_lineB char(7),
    table_colA char(7),
    table_colB char(7),
    table_max_points char(7),
    logged_in int(1),
    admin int(1),
    phpMySQL int(1),
   PRIMARY KEY (id)
); 
insert into 7_tbl_user (id,first_name,last_name,nick_name,password,email,registration,last_loggin,show_tipps,show_long,table_head,table_lineA,table_lineB,table_colA,table_colB,table_max_points,logged_in,admin,phpMySQL) VALUES ('2','Michael','Voigt','micha','micha','michael.voigt@web.de','1041968570','1186818961','2','1','#099990','#ccccc0','#ffff22','#aaaa00','#EBEB00','#CC0000','1','1','1');
insert into 7_tbl_user (id,first_name,last_name,nick_name,password,email,registration,last_loggin,show_tipps,show_long,table_head,table_lineA,table_lineB,table_colA,table_colB,table_max_points,logged_in,admin,phpMySQL) VALUES ('5','Markus','Heinicke','markus','sputnik','markus.heinicke@web.de','1041968570','1186323559','2','1','#099990','#ccccc0','#ffff22','#aaaa00','#EBEB00','#CC0000','0','0','0');
insert into 7_tbl_user (id,first_name,last_name,nick_name,password,email,registration,last_loggin,show_tipps,show_long,table_head,table_lineA,table_lineB,table_colA,table_colB,table_max_points,logged_in,admin,phpMySQL) VALUES ('1','Chris','Hünerfürst','hueni','hwdhuen','chris.huenerfuerst@web.de','1041968570','1186734284','0','1','#099990','#ccccc0','#ffff22','#aaaa00','#EBEB00','#CC0000','0','1','0');
insert into 7_tbl_user (id,first_name,last_name,nick_name,password,email,registration,last_loggin,show_tipps,show_long,table_head,table_lineA,table_lineB,table_colA,table_colB,table_max_points,logged_in,admin,phpMySQL) VALUES ('6','Tobias','Buschmann','tobi','tobi','post@tobias-buschmann.de','1041968570','1186777857','1','0','#099990','#ccccc0','#ffff22','#aaaa00','#EBEB00','#CC0000','1','1','0');
insert into 7_tbl_user (id,first_name,last_name,nick_name,password,email,registration,last_loggin,show_tipps,show_long,table_head,table_lineA,table_lineB,table_colA,table_colB,table_max_points,logged_in,admin,phpMySQL) VALUES ('4','Nico','Schreier','nico','hwdtips','nico_at_work@gmx.de','1041968570','1186755687','1','0','#099990','#ccccc0','#ffff22','#aaaa00','#EBEB00','#CC0000','0','0','0');
insert into 7_tbl_user (id,first_name,last_name,nick_name,password,email,registration,last_loggin,show_tipps,show_long,table_head,table_lineA,table_lineB,table_colA,table_colB,table_max_points,logged_in,admin,phpMySQL) VALUES ('3','Stev','Thomas','stev','bayern','stevi-wonder@web.de','1041968570','1186754405','1','0','#099990','#ccccc0','#ffff22','#aaaa00','#EBEB00','#CC0000','1','0','0');
insert into 7_tbl_user (id,first_name,last_name,nick_name,password,email,registration,last_loggin,show_tipps,show_long,table_head,table_lineA,table_lineB,table_colA,table_colB,table_max_points,logged_in,admin,phpMySQL) VALUES ('7','Marcel','Liebing','marcelly','marcelly','marcelly@web.de','1121977725','1186735455','1','0','#099990','#ccccc0','#ffff22','#aaaa00','#EBEB00','#CC0000','0','0','0');
insert into 7_tbl_user (id,first_name,last_name,nick_name,password,email,registration,last_loggin,show_tipps,show_long,table_head,table_lineA,table_lineB,table_colA,table_colB,table_max_points,logged_in,admin,phpMySQL) VALUES ('8','Patrick','Kühn','patzi','passwort','patrick.kuehn@gmx.de','1154442696','1186729527','0','1','#099990','#ccccc0','#ffff22','#aaaa00','#EBEB00','#CC0000','0','0','0');
insert into 7_tbl_user (id,first_name,last_name,nick_name,password,email,registration,last_loggin,show_tipps,show_long,table_head,table_lineA,table_lineB,table_colA,table_colB,table_max_points,logged_in,admin,phpMySQL) VALUES ('9','Jan','Thomas','janosch','bayern','stevi-wonder@web.de','1154442831','1186753880','1','0','#099990','#ccccc0','#ffff22','#aaaa00','#EBEB00','#CC0000','0','0','0');
insert into 7_tbl_user (id,first_name,last_name,nick_name,password,email,registration,last_loggin,show_tipps,show_long,table_head,table_lineA,table_lineB,table_colA,table_colB,table_max_points,logged_in,admin,phpMySQL) VALUES ('10','Frank','Rostock','rossi','rossi','rossi-@web.de','1184959593','1184959593','0','0','#099990','#ccccc0','#ffff22','#aaaa00','#EBEB00','#CC0000','0','0','0');
insert into 7_tbl_user (id,first_name,last_name,nick_name,password,email,registration,last_loggin,show_tipps,show_long,table_head,table_lineA,table_lineB,table_colA,table_colB,table_max_points,logged_in,admin,phpMySQL) VALUES ('11','Sven','Lantsch','sven','sven','mandy_sven@hotmail.com','1184959635','1186686047','1','0','#099990','#ccccc0','#ffff22','#aaaa00','#EBEB00','#CC0000','0','0','0');

# Tabellenname: 7_tbl_wins 
DROP TABLE IF EXISTS 7_tbl_wins; 
CREATE TABLE 7_tbl_wins (
    id int(5) NOT NULL auto_increment,
    play int(5),
    userID int(2) DEFAULT '0' NOT NULL,
    wins int(2),
   PRIMARY KEY (id)
); 

